index,행정구역,시설종류,대상시설명,위도,경도,CARI,CARI300
0,노원구,초등학교,화랑초교,37.626918,127.093803,0.0,0.0
1,노원구,초등학교,공릉초교,37.61861498,127.0746307,0.36,0.0
2,노원구,초등학교,중원초교,37.64398283,127.0627678,1.23,0.5
3,노원구,초등학교,원광초교,37.65431182,127.0749157,0.89,0.29
4,노원구,학원,국풍2000학원,37.65063148,127.0767028,0.89,0.89
5,노원구,학원,모멘텀아스트라학원,37.65063148,127.0767028,0.89,0.89
6,노원구,학원,소마사고력수학학원,37.65063148,127.0767028,0.89,0.89
7,노원구,학원,아발론랭콘중계어학원,37.65063148,127.0767028,0.89,0.89
8,노원구,학원,알로곤영재센터학원,37.65063148,127.0767028,0.89,0.89
9,노원구,학원,올림피아드영재센터학원,37.65063148,127.0767028,0.89,0.89
10,노원구,유치원,예진유치원,37.62802146,127.0683959,0.0,0.0
11,노원구,유치원,한울유치원,37.66850739,127.0808148,0.0,0.0
12,노원구,유치원,노일유치원,37.6726010269,127.0535507725,0.58,0.0
13,노원구,초등학교,덕암초교,37.66662210000001,127.081468,0.0,0.0
14,노원구,초등학교,수암초교,37.64769427,127.0814631,0.89,0.0
15,노원구,초등학교,계상초교,37.66219741,127.0686766,0.0,0.0
16,노원구,초등학교,청원초교,37.66525335,127.0625319,0.0,0.0
17,노원구,초등학교,상곡초교,37.66290383,127.06207659999998,0.0,0.0
18,노원구,초등학교,온곡초교,37.6675405407,127.0659114,0.0,0.0
19,노원구,초등학교,수락초교,37.68450193,127.0551836,0.63,0.0
20,노원구,초등학교,상천초교,37.646282,127.0578068,0.97,0.0
21,노원구,초등학교,당현초교,37.64825944,127.05821170000002,0.67,0.0
22,노원구,초등학교,상명초교,37.64872329999999,127.066969,1.55,0.0
23,노원구,초등학교,청계초교,37.64503334,127.0661408,1.32,0.24
24,노원구,초등학교,연지초교,37.63319071,127.0595368,0.68,0.0
25,노원구,초등학교,용원초교,37.62992402,127.0689414,0.09,0.0
26,노원구,초등학교,중평초교,37.63753475,127.0639634,1.23,0.47
27,노원구,초등학교,태랑초교,37.62625137,127.0906018,0.0,0.0
28,노원구,초등학교,태강삼육,37.64335827,127.1088514,0.0,0.0
29,노원구,유치원,태랑병설유치원,37.62625137,127.0906018,0.0,0.0
30,노원구,유치원,연촌병설유치원,37.634416,127.0725121,0.49,0.0
31,노원구,유치원,신상계병설유치원,37.6675178246,127.0758263316,0.0,0.0
32,노원구,유치원,수암병설유치원,37.64769427,127.0814631,0.89,0.0
33,노원구,유치원,수락병설유치원,37.68450193,127.0551836,0.63,0.0
34,노원구,유치원,상곡병설유치원,37.66290383,127.06207659999998,0.0,0.0
35,노원구,유치원,상경병설유치원,37.67055277,127.0516731,0.09,0.0
36,노원구,유치원,동일병설유치원,37.6648142,127.0541716,0.0,0.0
37,노원구,유치원,공릉병설유치원,37.61861498,127.0746307,0.36,0.0
38,노원구,유치원,보배유치원,37.62860841,127.0627957,0.0,0.0
39,노원구,유치원,미광유치원,37.623341,127.0821207,0.0,0.0
40,노원구,유치원,두솔유치원,37.629541,127.054129,0.13,0.0
41,노원구,유치원,대원유치원,37.6698575,127.05874540000002,0.02,0.0
42,노원구,유치원,다연유치원,37.63175975,127.0523395,0.48,0.0
43,노원구,유치원,꿈터유치원,37.672736,127.06006200000002,0.49,0.0
44,노원구,유치원,꽃동산유치원,37.6307787,127.0739994,0.0,0.0
45,노원구,유치원,염광유치원,37.63025824,127.0492435,1.21,0.0
46,노원구,유치원,청원유치원,37.664624,127.065958,0.0,0.0
47,노원구,유치원,초안유치원,37.63067857,127.0434525,1.69,0.41
48,노원구,유치원,고운유치원,37.64403460000001,127.0669285,1.28,0.27
49,노원구,유치원,동화나라유치원,37.66669216,127.0791264,0.0,0.0
50,노원구,유치원,까치유치원,37.65624847,127.07278259999998,0.89,0.0
51,노원구,유치원,선덕유치원,37.6330641,127.0671226,0.71,0.0
52,노원구,유치원,학여울유치원,37.63724446,127.0608678,1.23,0.14
53,노원구,유치원,한성유치원,37.64058736,127.07598059999998,0.36,0.0
54,노원구,유치원,사라유치원,37.629848,127.0726209,0.0,0.0
55,노원구,유치원,성실유치원,37.63894724,127.0707082,1.23,0.0
56,노원구,유치원,보고유치원,37.6196000866,127.061381,0.37,0.0
57,노원구,유치원,아이디유치원,37.65916904,127.057173,0.0,0.0
58,노원구,유치원,성희유치원,37.65081562,127.0561513,0.07,0.0
59,노원구,유치원,연세유치원,37.63828504,127.0627132,1.23,0.51
60,노원구,유치원,상원유치원,37.64348576,127.0687546,1.4,0.06
61,노원구,유치원,연지유치원,37.63295597,127.0604882,0.68,0.0
62,노원구,학원,조재필 수학학원,37.65063148,127.0767028,0.89,0.89
63,노원구,학원,중계덕스어학원,37.65063148,127.0767028,0.89,0.89
64,노원구,학원,중계미래탐구초등연재센터학원,37.65063148,127.0767028,0.89,0.89
65,노원구,학원,중계세일입시학원,37.65063148,127.0767028,0.89,0.89
66,노원구,학원,청담어학원,37.65063148,127.0767028,0.89,0.89
67,노원구,학원,최선어학원,37.65063148,127.0767028,0.89,0.89
68,노원구,학원,토피아,37.65063148,127.0767028,0.89,0.89
69,노원구,학원,하이레벨수학전문학원,37.65063148,127.0767028,0.89,0.89
70,노원구,학원,CMS중계중등영재2관학원,37.65063148,127.0767028,0.89,0.89
71,노원구,학원,TOPIAenglishzone어학학원,37.65063148,127.0767028,0.89,0.89
72,노원구,학원,크레용미술학원,37.65219729,127.0723141,0.89,0.26
73,노원구,학원,페디아플러스 중계학원,37.65219729,127.0723141,0.89,0.26
74,노원구,학원,웅진북클럽 학습센터 중계학원,37.65219729,127.0723141,0.89,0.26
75,노원구,학원,씨앤에이논술보습학원,37.65219729,127.0723141,0.89,0.26
76,강서구,어린이집,에반어린이집,37.53211181,126.84795859999998,2.72,0.76
77,강서구,어린이집,구립까치산어린이집,37.53238327,126.8485149,2.72,0.84
78,강서구,어린이집,배다리어린이집,37.53127824,126.8395428,0.8,0.0
79,강서구,어린이집,버클리어린이집,37.55247286,126.8301226,2.07,0.15
80,강서구,어린이집,구립새하늘어린이집,37.53330739,126.8414155,0.94,0.0
81,강서구,어린이집,꿈을여는어린이집,37.53353374,126.8592773,2.39,0.22
82,강서구,학원,눈높이러닝센터,37.54262055,126.84714270000002,2.1,0.0
83,강서구,어린이집,성산어린이집,37.56529764,126.8114272,0.97,0.0
84,강서구,어린이집,구립엠밸리큰나무어린이집,37.56186182,126.8360761,0.63,0.0
85,강서구,어린이집,하늘숲어린이집,37.54336869,126.8344082,0.32,0.0
86,강서구,학원,스터디플랜독서실,37.53493717,126.856235,2.72,1.65
87,강서구,특수학교,서진학교,37.5654768152,126.8506223108,0.0,0.0
88,도봉구,특수학교,인강,37.69452020000001,127.0421215,0.0,0.0
89,성북구,초등학교,돈암초등학교,37.5937453,127.0131031,0.6,0.05
90,성북구,초등학교,청덕초등학교,37.61204229999999,127.0003392,0.0,0.0
91,성북구,초등학교,숭례초등학교,37.59452281,127.03529679999998,0.08,0.0
92,성북구,초등학교,동신초등학교,37.58328607,127.0170593,0.38,0.0
93,성북구,초등학교,안암초등학교,37.58715951,127.0220989,0.0,0.0
94,성북구,초등학교,월곡초등학교,37.61002333,127.0460816,2.03,0.32
95,성북구,초등학교,길음초등학교,37.61363151,127.0166585,1.08,0.0
96,성북구,초등학교,석관초등학교,37.61102341,127.0583548,1.9,0.98
97,중랑구,어린이집,삼성어린이집,37.5941501,127.0869214,0.4,0.0
98,중랑구,어린이집,상봉어린이집,37.60202594,127.0901512,1.68,0.22
99,성북구,초등학교,장곡초등학교,37.61683038,127.0481563,1.08,0.06
100,성북구,초등학교,정릉초등학교,37.61979533,127.0052212,0.0,0.0
101,성북구,초등학교,정수초등학교,37.60377561,127.0077189,0.45,0.0
102,성북구,초등학교,개운초등학교,37.60183731,127.0275455,0.71,0.0
103,성북구,초등학교,길원초등학교,37.60906528,127.0167359,1.08,0.02
104,성북구,초등학교,대광초등학교,37.57915122,127.0234479,0.38,0.0
105,성북구,초등학교,매원초등학교,37.59767468,127.0191869,0.6,0.07
106,성북구,초등학교,미아초등학교,37.6105142,127.0216457,1.08,1.01
107,성북구,초등학교,성북초등학교,37.59405236,126.9987771,0.4,0.04
108,성북구,초등학교,성신초등학교,37.59462313,127.0231285,0.57,0.0
109,성북구,초등학교,숭곡초등학교,37.6084672,127.03281640000002,1.68,0.22
110,성북구,초등학교,숭덕초등학교,37.60381836,127.0132906,0.84,0.0
111,성북구,초등학교,정덕초등학교,37.59823941,127.013421,0.6,0.59
112,성북구,초등학교,장위초등학교,37.6114417,127.0500057,2.04,0.61
113,성북구,초등학교,광운초등학교,37.61905819,127.0550899,1.03,0.0
114,성북구,초등학교,삼선초등학교,37.58714288,127.0126717,0.08,0.0
115,성북구,초등학교,석계초등학교,37.60881522,127.0697429,1.71,0.13
116,성북구,초등학교,일신초등학교,37.59881357,127.04017720000002,0.58,0.0
117,성북구,초등학교,장월초등학교,37.62194118,127.0471649,1.0,0.0
118,성북구,초등학교,숭인초등학교,37.60916119,127.0382348,1.43,0.42
119,성북구,유치원,덕수유치원,37.5940033,126.9952986,0.4,0.01
120,성북구,유치원,동덕유치원,37.6062049,127.0440045,1.78,0.05
121,성북구,유치원,반디유치원,37.59447253,127.012706,0.6,0.14
122,성북구,유치원,사랑유치원,37.59989962,127.0363501,0.9,0.01
123,성북구,유치원,세아유치원,37.59447253,127.012706,0.6,0.14
124,성북구,유치원,은영유치원,37.5846232,127.0166844,0.27,0.0
125,성북구,유치원,탑주유치원,37.60477971,127.041073,1.34,0.27
126,성북구,유치원,한마음유치원,37.6161682,127.0411878,1.01,0.0
127,성북구,유치원,희망찬유치원,37.59899113,127.0231416,0.6,0.0
128,성북구,유치원,나래유치원,37.60954002,127.0226511,1.08,0.95
129,성북구,유치원,돈암병설유치원,37.5937453,127.0131031,0.6,0.05
130,성북구,유치원,동선유치원,37.58403157,127.02036409999998,0.25,0.0
131,성북구,유치원,동신병설유치원,37.58328607,127.0170593,0.38,0.0
132,성북구,초등학교,우촌초등학교,37.59564089,127.0114006,0.6,0.19
133,성북구,유치원,삼선병설유치원,37.58714288,127.0126717,0.08,0.0
134,성북구,유치원,새삼선유치원,37.58998063,127.0059939,0.48,0.0
135,성북구,유치원,석관병설유치원,37.61102341,127.0583548,1.9,0.98
136,성북구,유치원,선한유치원,37.60398309,127.0205883,1.52,0.0
137,성북구,유치원,성북병설유치원,37.59405236,126.9987771,0.4,0.04
138,성북구,유치원,베네딕도유치원,37.59965547,127.0158038,0.6,0.32
139,성북구,유치원,새싹유치원,37.60298573,127.0142327,0.82,0.0
140,성북구,유치원,영암유치원,37.58236597,127.0234341,0.24,0.0
141,성북구,유치원,좋은소리유치원,37.6083303,127.0188388,1.08,0.19
142,성북구,유치원,한가람유치원,37.61630277,127.010289,0.02,0.0
143,성북구,유치원,개동유치원,37.6157955,127.0049727,0.0,0.0
144,성북구,유치원,길원병설유치원,37.60906528,127.0167359,1.08,0.02
145,성북구,유치원,길음단설유치원,37.61363151,127.0166585,1.08,0.0
146,성북구,유치원,예린유치원,37.60000168,127.0323416,0.76,0.0
147,성북구,유치원,영천유치원,37.61412669,127.0404596,1.52,0.0
148,성북구,유치원,해뜨는유치원,37.60483170000001,127.0157068,1.47,0.0
149,성북구,유치원,루이유치원,37.60713001,127.0163762,1.22,0.0
150,성북구,특수학교,서울다원학교,37.59394033,126.9913627,0.35,0.0
151,성북구,어린이집,솔샘어린이집,37.6137458,127.0111087,0.32,0.0
152,성북구,어린이집,안암어린이집,37.5856466,127.0214146,0.09,0.0
153,성북구,어린이집,노벨어린이집,37.60840132,126.9970655,0.0,0.0
154,성북구,어린이집,북악어린이집,37.60980502,127.0078342,0.0,0.0
155,성북구,어린이집,성북어린이집,37.5896356,127.0059087,0.44,0.0
156,성북구,어린이집,웅지어린이집,37.6022014,127.0212171,1.32,0.0
157,성북구,어린이집,짐랜드어린이집,37.60390815,127.0158033,1.29,0.0
158,성북구,어린이집,다솔어린이집,37.6088152,127.02474850000002,1.31,0.53
159,서대문구,어린이집,새솔어린이집,37.58581337,126.9487252,0.0,0.0
160,서대문구,특수학교,서울외국인학교,37.57032455,126.936153,0.0,0.0
161,성북구,어린이집,목화어린이집,37.60440698,127.0400044,1.22,0.35
162,성북구,어린이집,새싹어린이집,37.60412684,127.0370454,1.01,0.3
163,성북구,어린이집,장위3동어린이집,37.61675603,127.0534217,1.87,0.07
164,성북구,유치원,숭곡병설유치원,37.6084672,127.03281640000002,1.68,0.22
165,성북구,유치원,숭례병설유치원,37.59452281,127.03529679999998,0.08,0.0
166,성북구,유치원,신암유치원,37.58677107,127.0173862,0.08,0.0
167,성북구,유치원,영재유치원,37.59743497,127.0347683,0.33,0.0
168,성북구,유치원,우촌유치원,37.59564089,127.0114006,0.6,0.19
169,성북구,유치원,은하유치원,37.6094377,127.05865690000002,1.78,0.98
170,성북구,유치원,장월병설유치원,37.62194118,127.0471649,1.0,0.0
171,성북구,유치원,정덕병설유치원,37.59823941,127.013421,0.6,0.59
172,성북구,어린이집,종암어린이집,37.5997311,127.0333264,0.79,0.0
173,성북구,유치원,천사유치원,37.59447253,127.012706,0.6,0.14
174,성북구,유치원,청덕병설유치원,37.61204229999999,127.0003392,0.0,0.0
175,성북구,유치원,성신유치원,37.59165365,127.02214740000002,0.39,0.0
176,성북구,어린이집,길음성가어린이집,37.60269641,127.0209503,1.45,0.0
177,성북구,어린이집,아랑어린이집,37.5997846,127.0290212,0.25,0.0
178,성북구,어린이집,연꽃어린이집,37.6124264,127.0134264,0.98,0.0
179,성북구,어린이집,영광어린이집,37.6056621,127.0383055,1.19,0.51
180,성북구,어린이집,한빛어린이집,37.5910096,127.0032284,0.4,0.08
181,성북구,어린이집,돈암감리교회어린이집,37.59572686,127.017875,0.6,0.15
182,성북구,어린이집,가람어린이집,37.59834960000001,127.0074133,0.63,0.0
183,성북구,어린이집,은행나무어린이집,37.6091192,127.0218298,1.08,0.83
184,성북구,어린이집,종암중앙어린이집,37.5987021,127.033713,0.56,0.0
185,성북구,어린이집,성북생명숲어린이집,37.61603256,127.0091835,0.0,0.0
186,성북구,어린이집,이화어린이집,37.60917216,127.0046166,0.0,0.0
187,성북구,어린이집,초원어린이집,37.59817287,127.0371676,0.54,0.0
188,성북구,어린이집,느티나무어린이집,37.59796095,127.0081186,0.62,0.0
189,성북구,어린이집,도담어린이집,37.6131154,127.0435012,1.68,0.07
190,성북구,어린이집,소리어린이집,37.61121979,127.0358485,1.16,0.13
191,성북구,어린이집,고려대학교어린이집,37.58870342,127.0316981,0.0,0.0
192,성북구,어린이집,길음빛어린이집,37.6104727,127.01947659999998,1.08,0.54
193,성북구,어린이집,장위어린이집,37.609245,127.0489291,2.18,0.36
194,성북구,어린이집,하은어린이집,37.60889216,127.0598976,1.53,0.75
195,서초구,유치원,하나,37.516336894,127.01135113,0.0,0.0
196,서초구,어린이집,푸르니서초,37.4874393311,127.023817,0.02,0.0
197,서초구,어린이집,반포,37.497029,126.996775,0.0,0.0
198,서초구,어린이집,반포서래,37.497438,127.000304,0.0,0.0
199,서초구,초등학교,서초,37.499048,127.024893,0.57,0.32
200,서초구,유치원,예원,37.500427,127.015475,0.57,0.0
201,서초구,어린이집,서정,37.4807674284,126.9827868583,0.6,0.0
202,서초구,어린이집,서초구청직장,37.486422,127.03141965530001,2.21,0.01
203,서초구,어린이집,서초성모,37.501027,127.009552,0.08,0.0
204,서초구,어린이집,하나푸르니 반포,37.50134600000001,127.010748,0.18,0.0
205,서초구,어린이집,샤이닝키즈,37.495091,127.026805,0.57,0.0
206,서대문구,유치원,신현유치원,37.55865667,126.9471186,0.0,0.0
207,서대문구,어린이집,세브란스어린이집,37.56427396,126.944251,0.0,0.0
208,서대문구,어린이집,환희어린이집,37.57822438,126.9238474,0.99,0.22
209,서대문구,어린이집,독립문어린이집,37.56936134,126.958195,0.0,0.0
210,도봉구,어린이집,신창,37.6400934,127.0413047,0.99,0.0
211,성동구,어린이집,구립왕십리하나어린이집,37.560837,127.0320321,0.0,0.0
212,성동구,어린이집,신금호자이어린이집,37.5562227,127.0181532,0.0,0.0
213,성동구,어린이집,꿈터어린이집,37.5623123,127.055149,0.0,0.0
214,성동구,어린이집,구립홍익어린이집,37.56783247,127.02563229999998,0.0,0.0
215,성동구,어린이집,구립용답어린이집,37.56118504,127.0564009,0.0,0.0
216,성동구,어린이집,구립성모어린이집,37.57037131,127.033489,0.0,0.0
217,성동구,어린이집,구립금일어린이집,37.55364643,127.0249032,0.0,0.0
218,성동구,어린이집,연꽃어린이집,37.5404159,127.012722,0.0,0.0
219,성동구,어린이집,마장어린이집,37.566426,127.0455793,0.0,0.0
220,성동구,어린이집,행응어린이집,37.553126,127.0313028,0.0,0.0
221,성동구,유치원,로사유치원,37.5394137,127.0462961,0.0,0.0
222,성동구,유치원,옥수삼성유치원,37.54262971,127.0155564,0.0,0.0
223,성동구,유치원,옥정병설유치원,37.54230893,127.0157872,0.0,0.0
224,성동구,유치원,옥수병설유치원,37.54552993,127.0218712,0.0,0.0
225,성동구,유치원,사근병설유치원,37.56268098,127.0475736,0.0,0.0
226,성동구,유치원,마장병설유치원,37.56877574,127.0362219,0.0,0.0
227,성동구,유치원,경수병설유치원,37.54043604,127.0580689,0.0,0.0
228,성동구,유치원,한양여대부속유치원,37.55947642,127.0490746,0.0,0.0
229,성동구,유치원,아이들세상유치원,37.54532877,127.017941,0.0,0.0
230,성동구,유치원,금호유치원,37.54879131,127.0231125,0.0,0.0
231,성동구,유치원,세성유치원,37.55386308,127.0340554,0.0,0.0
232,성동구,유치원,송곡유치원,37.56512898,127.034625,0.0,0.0
233,성동구,유치원,경동(벽산)유치원,37.55453185,127.0260929,0.0,0.0
234,성동구,유치원,솔유치원,37.56910834,127.0326723,0.0,0.0
235,성동구,유치원,경동(성수)유치원,37.54382386,127.0500737,0.0,0.0
236,성동구,유치원,무학유치원,37.5614705,127.0306547,0.0,0.0
237,성동구,유치원,성심유치원,37.56624296,127.0334181,0.0,0.0
238,성동구,유치원,세인유치원,37.56525103,127.0465249,0.0,0.0
239,성동구,유치원,율화유치원,37.55648283,127.0352744,0.0,0.0
240,성동구,초등학교,한양초등학교,37.55746532,127.0503041,0.0,0.0
241,성동구,초등학교,숭신초등학교,37.56735897,127.0277291,0.0,0.0
242,성동구,초등학교,동호초등학교,37.54646136,127.0100124,0.0,0.0
243,성동구,초등학교,송원초등학교,37.55415747,127.069528,0.0,0.0
244,성동구,초등학교,행현초등학교,37.5577098,127.0293584,0.0,0.0
245,성동구,초등학교,행당초등학교,37.55701994,127.0348717,0.0,0.0
246,성동구,초등학교,성수초등학교,37.54413995,127.0635118,0.0,0.0
247,성동구,초등학교,응봉초등학교,37.55025195,127.0338274,0.0,0.0
248,성동구,초등학교,금북초등학교,37.557465,127.023576,0.0,0.0
249,성동구,초등학교,금옥초등학교,37.54630189,127.01765290000002,0.0,0.0
250,성동구,초등학교,용답초등학교,37.56077670000001,127.0537611,0.0,0.0
251,성동구,초등학교,경일초등학교,37.54068097,127.0472858,0.0,0.0
252,성동구,초등학교,옥수초등학교,37.54611466,127.0219784,0.0,0.0
253,성동구,초등학교,동명초등학교,37.56872188,127.0355427,0.0,0.0
254,성동구,초등학교,경수초등학교,37.54035393,127.0583065,0.0,0.0
255,성동구,초등학교,사근초등학교,37.56295571,127.0477413,0.0,0.0
256,성동구,초등학교,마장초등학교,37.56802798,127.0427358,0.0,0.0
257,성동구,초등학교,경동초등학교,37.54330839,127.0503087,0.0,0.0
258,성동구,초등학교,옥정초등학교,37.54200487,127.0155614,0.0,0.0
259,성동구,초등학교,금호초등학교,37.5524153,127.0196885,0.0,0.0
260,성동구,초등학교,무학초등학교,37.5632029,127.0296455,0.0,0.0
261,성동구,유치원,송원병설유치원,37.55431774,127.0697081,0.0,0.0
262,서대문구,유치원,이대부속유치원,37.5611486,126.9427752,0.0,0.0
263,서대문구,유치원,현대홍익유치원,37.58361556,126.9422553,0.0,0.0
264,서대문구,유치원,삼성유치원,37.58158755,126.9194105,2.33,0.0
265,서대문구,유치원,세종유치원,37.57727993,126.9131028,1.16,0.23
266,서대문구,유치원,신촌유치원,37.55738361,126.931436,0.0,0.0
267,동대문구,초등학교,군자초교,37.56412385,127.0605231,0.63,0.0
268,동대문구,유치원,군자초교병설유치원,37.56412385,127.0605231,0.63,0.0
269,동대문구,초등학교,답십리초교,37.56880432,127.0554295,0.04,0.0
270,동대문구,유치원,답십리초교병설유치원,37.56880432,127.0554295,0.04,0.0
271,동대문구,초등학교,동답초교,37.57150295,127.0640336,0.63,0.0
272,동대문구,초등학교,신답초교,37.57270542,127.0429615,0.0,0.0
273,동대문구,초등학교,안평초교,37.56596984,127.0720337,0.63,0.18
274,동대문구,초등학교,장평초교,37.57399475,127.07389340000002,0.35,0.0
275,동대문구,유치원,장평초교병설유치원,37.57399475,127.07389340000002,0.35,0.0
276,동대문구,초등학교,종암초교,37.58230633,127.0318584,0.0,0.0
277,동대문구,초등학교,청량초교,37.59230922,127.055908,0.0,0.0
278,동대문구,초등학교,홍릉초교,37.59068743,127.0477047,0.0,0.0
279,동대문구,초등학교,배봉초교,37.58008059,127.0668713,0.0,0.0
280,동대문구,초등학교,전곡초교,37.58070438,127.0560126,0.0,0.0
281,동대문구,초등학교,전농초교,37.57472977,127.0543327,0.0,0.0
282,동대문구,초등학교,전동초교,37.57908644,127.06080690000002,0.0,0.0
283,동대문구,유치원,전동초교병설유치원,37.57908644,127.06080690000002,0.0,0.0
284,동대문구,초등학교,이문초교,37.60189478,127.0648841,0.39,0.0
285,동대문구,유치원,이문초교병설유치원,37.60189478,127.0648841,0.39,0.0
286,동대문구,초등학교,휘경초교,37.58576220000001,127.0582128,0.0,0.0
287,서대문구,유치원,현대경복유치원,37.58631551,126.951501,0.0,0.0
288,서대문구,유치원,홍제성당유치원,37.590144,126.9436543,0.0,0.0
289,서대문구,유치원,금화초교(병설)유치원,37.568806,126.9629404,0.0,0.0
290,서대문구,유치원,북성초교(단설)유치원,37.559433,126.951959,0.0,0.0
291,서대문구,유치원,인왕초교(병설)유치원,37.59021925,126.94480459999998,0.0,0.0
292,서대문구,유치원,홍제초교(병설)유치원,37.59350636,126.9454227,0.0,0.0
293,강남구,어린이집,대치어린이집,37.50185478,127.065542,0.6,0.0
294,강동구,어린이집,구립해나어린이집,37.55586966,127.1347874,1.06,0.04
295,강동구,어린이집,성내참사랑어린이집,37.52601922,127.1291451,0.6,0.0
296,강동구,어린이집,예은어린이집,37.5408215,127.1336179,1.54,0.23
297,강동구,어린이집,예일어린이집,37.5229326,127.1339492,0.0,0.0
298,강동구,어린이집,자연어린이집,37.5465048,127.124518,1.47,0.0
299,강동구,어린이집,반석어린이집,37.54281137,127.1473249,2.66,0.6
300,강동구,어린이집,라온어린이집,37.5431379,127.1393804,2.99,0.0
301,강동구,어린이집,그린어린이집,37.5304122,127.1268502,0.6,0.49
302,강동구,어린이집,애지어린이집,37.531761,127.1415805,1.29,0.0
303,강동구,어린이집,강동복지관어린이집,37.54004284,127.1297892,0.92,0.11
304,강동구,어린이집,올리브나무어린이집,37.5478059,127.1459154,1.77,0.4
305,강동구,어린이집,자이젠킨더어린이집,37.5377155,127.1478568,1.94,0.37
306,강동구,어린이집,강동무지개어린이집,37.54460484,127.14066409999998,3.39,0.0
307,강동구,어린이집,푸른숲어린이집,37.5488256,127.1535042,1.11,0.0
308,강동구,어린이집,예꿈어린이집,37.54793943,127.1329509,1.68,0.03
309,강동구,어린이집,동심어린이집,37.5561083,127.1373773,0.79,0.02
310,강동구,어린이집,구립은강어린이집,37.5333784,127.1363923,1.56,0.0
311,강동구,학원,근경보습학원,37.5432359,127.1273666,1.11,0.13
312,관악구,초등학교,미성초등학교,37.478339,126.912394,1.56,0.0
313,관악구,초등학교,사당초등학교,37.473838,126.973352,0.6,0.0
314,관악구,초등학교,신우초등학교,37.463265,126.932537,0.0,0.0
315,관악구,초등학교,원당초등학교,37.481214,126.956249,0.28,0.21
316,관악구,초등학교,인헌초등학교,37.476753,126.959866,0.88,0.03
317,관악구,초등학교,청룡초등학교,37.476725,126.951218,0.28,0.0
318,관악구,초등학교,삼성초등학교,37.468521,126.940495,0.0,0.0
319,관악구,초등학교,신림초등학교,37.47715,126.926876,1.63,0.0
320,관악구,초등학교,신봉초등학교,37.485576,126.949391,0.19,0.0
321,관악구,초등학교,은천초등학교,37.486585,126.942678,0.0,0.0
322,관악구,초등학교,봉천초등학교,37.48327000000001,126.958188,0.28,0.1
323,관악구,초등학교,신성초등학교,37.472004,126.936752,0.0,0.0
324,관악구,초등학교,봉현초등학교,37.49124000000001,126.955588,0.02,0.0
325,관악구,초등학교,원신초등학교,37.467198,126.927241,0.36,0.0
326,관악구,초등학교,조원초등학교,37.48412800000001,126.909514,0.0,0.0
327,관악구,유치원,건영유치원,37.484844,126.914908,0.02,0.0
328,관악구,유치원,동원유치원,37.482829,126.956671,0.28,0.12
329,관악구,유치원,배꽃유치원,37.485608,126.941936,0.0,0.0
330,관악구,유치원,소슬유치원,37.489766,126.948407,0.0,0.0
331,관악구,유치원,예닮유치원,37.482238,126.922468,1.12,0.0
332,관악구,유치원,은아유치원,37.47545,126.964435,0.82,0.39
333,관악구,유치원,현대유치원,37.492717,126.958219,0.0,0.0
334,관악구,유치원,명성유치원,37.478799,126.929357,0.54,0.0
335,관악구,유치원,새소슬유치원,37.489742,126.948407,0.0,0.0
336,관악구,유치원,새싹유치원,37.47456500000001,126.972834,0.6,0.0
337,관악구,유치원,신림유치원,37.472093,126.92023799999998,1.63,0.73
338,관악구,유치원,애동유치원,37.473814,126.920254,1.63,1.41
339,관악구,유치원,종인유치원,37.479052,126.963441,0.88,0.0
340,강동구,어린이집,한양어린이집,37.5435458,127.14281470000002,3.03,0.28
341,강동구,어린이집,강일어린이집,37.56911869,127.17857990000002,0.0,0.0
342,강동구,어린이집,강동아이슐레어린이집,37.55322569,127.137505,1.41,0.13
343,강동구,어린이집,개나리어린이집,37.5521359,127.1357082,1.62,0.24
344,강동구,어린이집,곡교어린이집,37.543502200000006,127.1278081,1.2,0.19
345,강동구,어린이집,둔촌어린이집,37.5305225,127.14300559999998,1.13,0.0
346,강동구,어린이집,성심어린이집,37.53621522,127.1445702,1.94,0.8
347,강동구,어린이집,세정어린이집,37.56063437,127.1557401,0.0,0.0
348,도봉구,어린이집,행복둥지,37.63975870000001,127.0418041,1.02,0.0
349,강남구,어린이집,목련어린이집,37.494007,127.077734,0.0,0.0
350,강남구,어린이집,자람어린이집,37.491666,127.082926,0.0,0.0
351,강남구,초등학교,구룡초등학교,37.48119613,127.051773,0.01,0.0
352,강남구,초등학교,대도초등학교,37.49264543,127.0533776,1.0,0.0
353,강남구,초등학교,대모초등학교,37.48059953,127.0859937,0.0,0.0
354,강남구,초등학교,대진초등학교,37.497027,127.0780785,0.0,0.0
355,강남구,초등학교,수서초등학교,37.49115058,127.101549,0.0,0.0
356,강남구,초등학교,압구정초등학교,37.53173902,127.0308413,0.0,0.0
357,강남구,초등학교,언주초등학교,37.48632308,127.036781,2.21,1.39
358,강남구,초등학교,역삼초등학교,37.49316115,127.032603,2.01,0.0
359,강남구,초등학교,왕북초등학교,37.4863299,127.086039,0.0,0.0
360,강남구,초등학교,대청초등학교,37.493117,127.0877676,0.0,0.0
361,강남구,초등학교,대치초등학교,37.49127879,127.0621966,0.4,0.24
362,강남구,초등학교,양전초등학교,37.49028366,127.069478,0.36,0.0
363,강남구,초등학교,세명초등학교,37.468857,127.0910762,0.32,0.0
364,강남구,초등학교,율현초등학교,37.474559,127.108267,0.41,0.0
365,강남구,초등학교,자곡초등학교,37.472191,127.0996009,0.45,0.36
366,강남구,특수학교,밀알학교,37.48578132,127.0820739,0.0,0.0
367,강남구,특수학교,정애학교,37.514363,127.054425,0.38,0.0
368,강남구,특수학교,서울아카데미(외국인),37.49996119,127.061603,0.72,0.06
369,강남구,어린이집,연화어린이집,37.517216,127.03720420000002,0.6,0.0
370,강남구,어린이집,한별어린이집,37.51175900000001,127.0555131,0.25,0.0
371,강남구,어린이집,삼성어린이집,37.49663609,127.058851,1.05,0.0
372,강남구,어린이집,오르다어린이집,37.51279678,127.0505144,0.6,0.0
373,강남구,어린이집,선릉삼성어린이집,37.50663400000001,127.051164,0.6,0.0
374,강남구,어린이집,논현어린이집,37.51102773,127.026898,0.0,0.0
375,강남구,어린이집,한티어린이집,37.49995467,127.066938,0.62,0.0
376,강남구,어린이집,킹스키즈어린이집,37.49983413,127.056227,1.01,0.1
377,강남구,어린이집,선재어린이집,37.50147751,127.0563559,0.76,0.36
378,강남구,어린이집,성아어린이집,37.484042,127.043583,2.21,0.0
379,강남구,어린이집,청수어린이집,37.525052,127.049284,0.6,0.0
380,강남구,어린이집,강남구청어린이집,37.51796636,127.0470611,0.6,0.46
381,강남구,어린이집,구민회관어린이집,37.493887,127.0642704,0.47,0.02
382,강남구,유치원,소망유치원,37.48797908,127.1056314,0.0,0.0
383,강남구,유치원,묘동유치원,37.49740739,127.058723,1.0,0.0
384,강남구,유치원,푸른유치원,37.48479809,127.0811005,0.0,0.0
385,강남구,유치원,성요셉유치원,37.52627314,127.0482112,0.49,0.0
386,강남구,유치원,강남유치원,37.515448,127.039009,0.6,0.0
387,강남구,유치원,반디유치원,37.48790982,127.0981867,0.0,0.0
388,강남구,유치원,초원유치원,37.475915,127.048578,0.63,0.0
389,강남구,유치원,성결유치원,37.511421,127.035354,0.01,0.0
390,강남구,유치원,도곡렉슬유치원,37.49432124,127.0535103,1.17,0.0
391,강남구,유치원,역삼초등학교병설유치원,37.49316115,127.032603,2.01,0.0
392,강남구,유치원,개포초등학교유치원,37.48680544,127.0699766,0.26,0.0
393,강남구,유치원,대현초등학교병설유치원,37.50372276,127.063564,0.6,0.03
394,강남구,유치원,수서초등학교병설유치원,37.49115058,127.101549,0.0,0.0
395,강남구,유치원,유정유치원,37.48300739,127.09494209999998,0.05,0.0
396,강남구,유치원,아란유치원,37.53153399,127.0292754,0.0,0.0
397,강남구,유치원,은곡유치원,37.46682003,127.096934,0.44,0.0
398,강남구,유치원,청담몬테소리유치원,37.519322,127.046511,0.6,0.54
399,강남구,초등학교,대곡초등학교,37.49471191,127.0650265,0.55,0.0
400,강남구,초등학교,대왕초등학교,37.46462136,127.1055895,0.15,0.0
401,강남구,초등학교,대현초등학교,37.50372276,127.063564,0.6,0.03
402,강남구,초등학교,도곡초등학교,37.4995106,127.0544636,1.25,0.0
403,강남구,초등학교,도성초등학교,37.50146282,127.0488738,1.13,0.0
404,강남구,초등학교,봉은초등학교,37.52008278,127.060981,0.0,0.0
405,강남구,초등학교,삼릉초등학교,37.51325956,127.046914,0.6,0.0
406,강남구,초등학교,청담초등학교,37.52828178,127.0451534,0.15,0.0
407,강남구,초등학교,포이초등학교,37.47591562,127.0525106,0.51,0.0
408,강남구,초등학교,논현초등학교,37.50849066,127.0262217,0.27,0.0
409,강남구,초등학교,신구초등학교,37.5233613,127.0239915,0.0,0.0
410,강남구,초등학교,언북초등학교,37.52012607,127.04471409999998,0.6,0.5
411,강남구,초등학교,영희초등학교,37.49230166,127.0811312,0.0,0.0
412,강남구,초등학교,일원초등학교,37.48978925,127.0763251,0.0,0.0
413,강남구,초등학교,학동초등학교,37.51226034,127.0395969,0.54,0.0
414,강남구,초등학교,개원초등학교,37.48161815,127.0587379,0.21,0.0
415,강남구,초등학교,개일초등학교,37.48621378,127.057776,0.4,0.03
416,강남구,유치원,돌샘유치원,37.48914032,127.07086979999998,0.26,0.0
417,강남구,유치원,이화유치원,37.495751,127.075096,0.0,0.0
418,강남구,유치원,영동제일유치원,37.517579,127.05343700000002,0.6,0.0
419,관악구,초등학교,난곡초등학교,37.46912800000001,126.916342,1.63,0.0
420,관악구,초등학교,난우초등학교,37.477118,126.917652,1.63,0.61
421,관악구,초등학교,난향초등학교,37.46282,126.918336,0.01,0.0
422,관악구,초등학교,남부초등학교,37.485121,126.922117,0.01,0.0
423,관악구,초등학교,당곡초등학교,37.490168,126.930369,0.45,0.0
424,동작구,학원,동작시사어학원,37.488664,126.9778247,0.6,0.0
425,동작구,학원,미래연미술학원,37.480221,126.97148500000002,0.57,0.0
426,동작구,학원,대방유투엠학원,37.505128000000006,126.924346,2.61,0.63
427,동작구,어린이집,윤슬어린이집,37.497516,126.937375,1.23,0.0
428,동작구,어린이집,이수어린이집,37.491522812199996,126.980752,0.6,0.0
429,강남구,어린이집,대치동학원가,37.49708841,127.05489579999998,1.46,0.0
430,동작구,특수학교,삼성특수학교,37.49919802,126.9466724,0.16,0.0
431,동작구,유치원,행복한숲유치원,37.50763224,126.9495433,0.74,0.1
432,동작구,어린이집,사당4동어린이집,37.480666,126.973077,0.35,0.0
433,동작구,어린이집,도레미어린이집,37.50992802,126.9591494,2.17,0.3
434,동작구,어린이집,흑석어린이집,37.49960807,126.9601642,1.86,0.0
435,동작구,학원,참음악학원,37.49800113,126.934673,1.32,0.0
436,동작구,학원,튼튼영어마스터 학원,37.479934,126.971286,0.61,0.0
437,강남구,어린이집,신사어린이집,37.52212074,127.0401134,0.6,0.0
438,강남구,어린이집,보미나어린이집,37.51150308,127.0285346,0.0,0.0
439,강남구,어린이집,청담어린이집,37.52212074,127.0401134,0.6,0.0
440,강남구,어린이집,역삼어린이집,37.497106,127.035679,0.84,0.0
441,강남구,어린이집,선우어린이집,37.490733,127.0385091,2.65,0.46
442,강남구,어린이집,수서어린이집,37.486135,127.099054,0.0,0.0
443,강남구,어린이집,일원어린이집,37.483221,127.078254,0.0,0.0
444,강남구,어린이집,압구정어린이집,37.523923,127.0322635,0.0,0.0
445,강남구,어린이집,GKL행복어린이집,37.51043221,127.051243,0.36,0.0
446,강남구,어린이집,압구정아람어린이집,37.52934822,127.0356146,0.0,0.0
447,강남구,어린이집,예지어린이집,37.47352236,127.0535087,0.56,0.0
448,강남구,어린이집,강남어린이집,37.495751,127.075096,0.0,0.0
449,강남구,어린이집,방죽어린이집,37.4699202,127.104503,0.45,0.01
450,강남구,어린이집,푸른어린이집,37.47356078,127.0998275,0.45,0.39
451,강남구,어린이집,바롬어린이집,37.525305,127.036309,0.16,0.0
452,강남구,어린이집,역삼가애어린이집,37.494809,127.044725,1.82,0.42
453,강남구,어린이집,아이뜰어린이집,37.477164,127.050117,0.61,0.0
454,강남구,어린이집,해맑은어린이집,37.478521,127.0513054,0.28,0.0
455,강남구,어린이집,대청어린이집,37.490853,127.08351299999998,0.0,0.0
456,강남구,어린이집,충현어린이집,37.50532685,127.0376163,0.0,0.0
457,강남구,어린이집,세곡햇빛어린이집,37.476549,127.111611,0.1,0.0
458,강남구,어린이집,한울어린이집,37.49590698,127.0609998,1.0,0.0
459,강남구,어린이집,미담어린이집,37.48402087,127.0844599,0.0,0.0
460,강남구,어린이집,아이앤어린이집,37.51002831,127.0518427,0.38,0.0
461,강남구,어린이집,보람어린이집,37.49438501,127.0613399644,0.73,0.05
462,동작구,어린이집,다문화어린이집,37.4830324,126.9787548,0.6,0.0
463,동작구,어린이집,무지개어린이집,37.4977312,126.9332022,1.64,0.07
464,동작구,어린이집,문화어린이집,37.4851433,126.9724116,0.0,0.0
465,동작구,어린이집,큰별어린이집,37.50463572,126.965112,1.96,0.41
466,동작구,어린이집,성대어린이집,37.49682045,126.935311,1.26,0.0
467,강동구,유치원,위례초병설유치원,37.5223146,127.1394366,0.0,0.0
468,강동구,유치원,둘리유치원,37.55081671,127.17218390000002,0.0,0.0
469,강동구,유치원,고덕유치원,37.55111218,127.1692477,0.0,0.0
470,강동구,유치원,색동유치원,37.5529037,127.168472,0.0,0.0
471,강동구,유치원,한울유치원,37.55547042,127.1316795,1.08,0.02
472,강동구,유치원,강동유정유치원,37.5505854,127.1749825,0.0,0.0
473,강동구,유치원,강일늘사랑유치원,37.56314695,127.1783206,0.0,0.0
474,강동구,특수학교,주몽학교,37.54619875,127.1633757,0.0,0.0
475,강동구,특수학교,한국구화학교,37.5582554,127.158909,0.0,0.0
476,강동구,어린이집,고일어린이집,37.55696418,127.1513067,0.63,0.0
477,강동구,어린이집,상일어린이집,37.5562973,127.1656874,0.0,0.0
478,강동구,어린이집,암사어린이집,37.55061052,127.1249616,1.25,0.53
479,강동구,어린이집,암사무지개어린이집,37.55371233,127.1305028,1.1,0.21
480,구로구,초등학교,개웅초등학교,37.488569,126.8499801,0.84,0.01
481,구로구,초등학교,고산초등학교,37.49897363,126.8647738,0.22,0.0
482,동작구,초등학교,은로초등학교,37.5031946,126.9599999,2.16,0.18
483,동작구,초등학교,중대부속초등학교,37.5054521,126.9596784,2.17,1.01
484,동작구,초등학교,행림초등학교,37.48221173,126.96603229999998,0.68,0.0
485,동작구,초등학교,흑석초등학교,37.5082938,126.9651329,1.95,0.66
486,동작구,초등학교,상현초등학교,37.49487529,126.9526684,0.0,0.0
487,동작구,유치원,동그라미유치원,37.4816149,126.9793688,0.56,0.0
488,동작구,유치원,동아유치원,37.50824932,126.9433211,0.22,0.0
489,동작구,유치원,명수유치원,37.50872103,126.96045259999998,2.16,1.11
490,동작구,유치원,벧엘유치원,37.50934081,126.9422402,0.14,0.0
491,동작구,유치원,사랑유치원,37.49840123,126.9211621,2.61,0.72
492,동작구,유치원,상아유치원,37.4975519,126.9446241,0.03,0.0
493,동작구,유치원,승혜유치원,37.4986394,126.9370792,1.26,0.0
494,동작구,유치원,은혜유치원,37.4977312,126.9332022,1.64,0.07
495,동작구,유치원,양문유치원,37.4891543,126.9073747,0.0,0.0
496,동작구,유치원,열림유치원,37.5089258,126.929207,1.0,0.0
497,동작구,유치원,요요유치원,37.49527344,126.9116916,0.76,0.0
498,동작구,유치원,중대부속유치원,37.50649050000001,126.9555972,2.17,0.16
499,동작구,유치원,강남유치원,37.50349488,126.94967859999998,0.52,0.06
500,동작구,유치원,상도유치원,37.50144862,126.9516555,0.75,0.01
501,동작구,유치원,행복유치원,37.4956159,126.941139,0.03,0.0
502,동작구,유치원,신남성초교 병설유치원,37.48815083,126.9648709,0.08,0.0
503,동작구,유치원,은로초등학교 병설유치원,37.5031946,126.9599999,2.16,0.18
504,동작구,유치원,샛별유치원,37.49804586,126.9502826,0.17,0.0
505,동작구,유치원,하랑숲유치원,37.4960102,126.9817887,0.15,0.0
506,동작구,유치원,시현유치원,37.51030525,126.9468677,0.28,0.0
507,동작구,어린이집,양지어린이집,37.48858884,126.9720666,0.0,0.0
508,구로구,유치원,개봉초병설유치원,37.48952311,126.8579748,0.82,0.08
509,구로구,유치원,고척초병설유치원,37.50094667,126.856994,0.21,0.0
510,구로구,유치원,나비유치원,37.497362,126.839734,0.45,0.21
511,구로구,유치원,동정성모유치원,37.4904876,126.8283576,0.0,0.0
512,구로구,유치원,매봉초병설유치원,37.50491677,126.844375,0.98,0.0
513,구로구,유치원,미래초병설유치원,37.50510683,126.8880789,0.4,0.0
514,구로구,유치원,미림유치원,37.490828,126.857951,0.82,0.2
515,구로구,유치원,버들유치원,37.49168436,126.842809,0.95,0.0
516,구로구,유치원,사랑유치원,37.50626346,126.8763484,0.04,0.0
517,구로구,유치원,서울남유치원,37.488008,126.881845,2.01,0.68
518,구로구,유치원,서울하늘숲유치원,37.48509285,126.8430176,0.4,0.02
519,구로구,유치원,신도유치원,37.4890874,126.8776413,2.2,0.04
520,구로구,유치원,신미림초병설유치원,37.50714192,126.87955259999998,0.03,0.0
521,구로구,유치원,영서초병설유치원,37.48896046,126.89558390000002,0.38,0.0
522,구로구,유치원,예쁨유치원,37.495235,126.8174398,0.0,0.0
523,구로구,유치원,푸른동산유치원,37.48673104,126.831364,0.34,0.0
524,구로구,유치원,혜원유치원,37.49940021,126.842282,0.45,0.34
525,구로구,초등학교,개명초등학교,37.48303805,126.85098159999998,0.52,0.0
526,구로구,초등학교,개봉초등학교,37.48952311,126.8579748,0.82,0.08
527,구로구,초등학교,고원초등학교,37.49761248,126.8657986,0.35,0.0
528,구로구,초등학교,고척초등학교,37.50094667,126.856994,0.21,0.0
529,구로구,초등학교,구로남초등학교,37.48420548,126.8902176,1.14,0.0
530,구로구,초등학교,구로초등학교,37.49746124,126.8865524,2.07,0.11
531,구로구,초등학교,구일초등학교,37.4931916,126.8734733,1.71,0.36
532,동작구,초등학교,상도초등학교,37.50034624,126.9372712,1.25,0.0
533,동작구,초등학교,신길초등학교,37.51087166,126.9267292,0.63,0.0
534,동작구,초등학교,신남성초등학교,37.48815083,126.9648709,0.08,0.0
535,동작구,초등학교,영본초등학교,37.51129715,126.9486722,0.31,0.0
536,동작구,초등학교,영화초등학교,37.50890703,126.9329751,0.78,0.0
537,강동구,유치원,예크유치원,37.53781160000001,127.1427154,1.98,1.17
538,강동구,유치원,구강사유치원,37.5448184,127.1288199,1.56,0.25
539,강동구,유치원,둔촌유치원,37.531341,127.1397064,1.16,0.0
540,강동구,유치원,명덕유치원,37.5598384,127.1531555,0.0,0.0
541,강동구,유치원,강덕초병설유치원,37.55954748,127.1604836,0.0,0.0
542,강동구,유치원,고명초병설유치원,37.55297253,127.1474362,0.84,0.25
543,강동구,유치원,길동초병설유치원,37.5380968,127.1435022,1.94,1.24
544,강동구,유치원,명일초병설유치원,37.55454236,127.1425695,0.99,0.0
545,강동구,초등학교,상일초등학교,37.54757217,127.1726635,0.0,0.0
546,강동구,초등학교,선린초등학교,37.52976012,127.145594,0.81,0.0
547,강동구,초등학교,선사초등학교,37.5558399,127.128196,1.07,0.04
548,강동구,초등학교,성내초등학교,37.53135786,127.1225001,0.6,0.26
549,강동구,초등학교,성일초등학교,37.52970924,127.1284083,0.6,0.22
550,강동구,초등학교,신명초등학교,37.54095770000001,127.149989,2.16,0.09
551,강동구,초등학교,신암초등학교,37.55002367,127.1244044,1.26,0.33
552,강동구,초등학교,위례초등학교,37.5223146,127.1394366,0.0,0.0
553,강동구,초등학교,천동초등학교,37.5410159,127.1378287,2.56,0.0
554,강동구,초등학교,천일초등학교,37.54436122,127.1334367,1.39,0.44
555,강동구,초등학교,천호초등학교,37.54771897,127.1365923,2.17,0.03
556,강동구,초등학교,한산초등학교,37.52869458,127.14107690000002,0.32,0.0
557,강동구,유치원,화랑유치원,37.5428867,127.1378446,2.73,0.0
558,강동구,유치원,천호유치원,37.5416383,127.1308643,0.66,0.47
559,강동구,유치원,가람유치원,37.54851639,127.1535579,1.14,0.0
560,강동구,유치원,선린초병설유치원,37.52976012,127.145594,0.81,0.0
561,동작구,초등학교,노량진초등학교,37.51175119,126.9408222,0.02,0.0
562,동작구,초등학교,대림초등학교,37.50061292,126.9248853,2.61,0.47
563,동작구,초등학교,동작초등학교,37.49411478,126.97651090000002,0.03,0.0
564,동작구,초등학교,문창초등학교,37.48898312,126.9148425,0.0,0.0
565,동작구,초등학교,보라매초등학교,37.49585333,126.91614640000002,0.8,0.0
566,동작구,초등학교,본동초등학교,37.50992616,126.9538533,2.12,0.05
567,동작구,초등학교,삼일초등학교,37.4882193,126.975172,0.33,0.0
568,도봉구,어린이집,하늘빛,37.677656,127.0440422,0.2,0.0
569,강동구,초등학교,고일초등학교,37.55154262,127.1694101,0.0,0.0
570,강동구,초등학교,길동초등학교,37.5380968,127.1435022,1.94,1.24
571,강동구,초등학교,대명초등학교,37.5476037,127.1532701,1.29,0.0
572,강동구,초등학교,둔촌초등학교,37.52624852,127.1374348,0.0,0.0
573,강동구,초등학교,명덕초등학교,37.55676233,127.1450815,0.83,0.0
574,강동구,초등학교,명원초등학교,37.551224100000006,127.1505002,0.96,0.18
575,강동구,초등학교,명일초등학교,37.55454236,127.1425695,0.99,0.0
576,강동구,초등학교,묘곡초등학교,37.55871279,127.15309340000002,0.1,0.0
577,강동구,초등학교,고현초등학교,37.55380091,127.1660305,0.0,0.0
578,강동구,유치원,녹원유치원,37.54851639,127.1535579,1.14,0.0
579,강동구,유치원,유정유치원,37.525911,127.1337598,0.37,0.0
580,강동구,유치원,은새유치원,37.55236741,127.1526193,0.72,0.0
581,강동구,유치원,한성유치원,37.54122987,127.1468757,2.32,0.64
582,강동구,유치원,반석유치원,37.54281137,127.1473249,2.66,0.6
583,강동구,유치원,오송유치원,37.5458079,127.131908,1.67,0.27
584,강동구,유치원,준현유치원,37.53049305,127.1266259,0.6,0.52
585,강동구,유치원,서울유치원,37.55220582,127.1279082,1.27,0.8
586,강동구,유치원,성보나유치원,37.5603217,127.1694389,0.0,0.0
587,강동구,유치원,송원유치원,37.5292241,127.1315545,0.6,0.0
588,강동구,유치원,예슬유치원,37.55344749,127.12568290000002,1.02,0.59
589,강동구,초등학교,강일초등학교,37.56525568,127.1772125,0.0,0.0
590,강동구,초등학교,고덕초등학교,37.56129361,127.1660799,0.0,0.0
591,강동구,초등학교,고명초등학교,37.55297253,127.1474362,0.84,0.25
592,서대문구,유치원,인왕유치원,37.58547131,126.949475,0.0,0.0
593,서대문구,유치원,충암유치원,37.584535,126.922319,1.93,0.1
594,강동구,초등학교,강명초등학교,37.55470604,127.1733219,0.0,0.0
595,강동구,초등학교,강솔초등학교,37.56186818,127.1802689,0.0,0.0
596,서대문구,초등학교,경기초등학교,37.5651102,126.9628608,0.0,0.0
597,서대문구,초등학교,대신초등학교,37.55794755,126.9480383,0.0,0.0
598,서대문구,초등학교,미동초등학교,37.56334876,126.96588590000002,0.0,0.0
599,서대문구,초등학교,북성초등학교,37.559433,126.951959,0.0,0.0
600,서대문구,초등학교,안산초등학교,37.5791691,126.9522121,0.0,0.0
601,서대문구,초등학교,연희초등학교,37.56904764,126.93414380000002,0.0,0.0
602,서대문구,초등학교,홍은초등학교,37.59754099,126.949458,0.0,0.0
603,서대문구,초등학교,홍연초등학교,37.58211871,126.9306604,0.94,0.07
604,서대문구,초등학교,가재울초등학교,37.574695,126.918151,1.05,0.0
605,서대문구,유치원,한양제일유치원,37.58327551,126.94723700000002,0.0,0.0
606,서대문구,유치원,연유치원,37.58187896,126.9240746,1.8,0.65
607,강동구,초등학교,강덕초등학교,37.55954748,127.1604836,0.0,0.0
608,강동구,초등학교,강동초등학교,37.5463638,127.1301872,1.67,0.13
609,중랑구,초등학교,서울중흥초등학교,37.601635,127.0841443,0.94,0.0
610,중랑구,초등학교,서울중목초등학교,37.59008654,127.079339,0.0,0.0
611,중랑구,초등학교,서울신현초등학교,37.60581469,127.0935215,1.68,0.67
612,중랑구,초등학교,서울봉화초등학교,37.61357488,127.0924077,0.63,0.0
613,중랑구,유치원,묵현초등학교병설유치원,37.6090795,127.073615,1.2,1.01
614,중랑구,초등학교,서울면목초등학교,37.59069723,127.08728870000002,0.4,0.0
615,중랑구,초등학교,서울동원초등학교,37.60457653,127.1044914,1.33,0.0
616,중랑구,초등학교,서울금성초등학교,37.61531395,127.0898591,0.19,0.0
617,중랑구,초등학교,서울신묵초등학교,37.60652294,127.0758372,1.2,0.51
618,중랑구,초등학교,서울원묵초등학교,37.6177489,127.0868129,0.0,0.0
619,중랑구,유치원,동일유치원,37.57814651,127.084613,0.0,0.0
620,중랑구,유치원,색동유치원,37.591641,127.0784011,0.0,0.0
621,중랑구,유치원,동국유치원,37.57385234,127.087174,0.0,0.0
622,중랑구,유치원,예원유치원,37.6059759,127.0947267,1.68,0.8
623,중랑구,유치원,정암유치원,37.601161,127.1037709,1.37,0.0
624,중랑구,초등학교,서울새솔초등학교,37.61795176,127.1113289,0.0,0.0
625,중랑구,초등학교,서울묵현초등학교,37.6090795,127.073615,1.2,1.01
626,구로구,초등학교,오류남초등학교,37.489606,126.8391137,0.51,0.0
627,구로구,초등학교,오류초등학교,37.49752903,126.8420281,0.45,0.36
628,구로구,초등학교,오정초등학교,37.49016576,126.8264393,0.0,0.0
629,구로구,초등학교,온수초등학교,37.49407100000001,126.825993,0.0,0.0
630,구로구,초등학교,천왕초등학교,37.48145598,126.8370629,0.4,0.29
631,구로구,초등학교,하늘숲초등학교,37.48416096,126.84148190000002,0.4,0.11
632,구로구,초등학교,항동초등학교,37.47701589,126.8241103,0.0,0.0
633,구로구,특수학교,성베드로학교,37.4875236,126.826165,0.02,0.0
634,구로구,특수학교,정진학교,37.49881413,126.8207513,0.0,0.0
635,구로구,특수학교,지구촌학교,37.48885919,126.8351761,0.36,0.0
636,동작구,어린이집,상도어린이집,37.5024623,126.9464077,0.28,0.0
637,구로구,어린이집,광진선교어린이집,37.48589964,126.85097140000002,0.86,0.0
638,구로구,어린이집,구로삼성어린이집,37.491254,126.882454,2.19,1.65
639,구로구,어린이집,구일어린이집,37.491746,126.874349,2.12,0.23
640,구로구,어린이집,궁동어린이집,37.49684058,126.829017,0.05,0.0
641,구로구,어린이집,남산어린이집,37.50294183,126.864935,0.0,0.0
642,구로구,어린이집,샘소슬어린이집,37.49359778,126.834631,0.34,0.0
643,구로구,어린이집,샛별어린이집,37.4999466,126.8850875,1.01,0.06
644,구로구,어린이집,세라핌어린이집,37.497724,126.8450222,0.75,0.22
645,구로구,어린이집,예뜰어린이집,37.48599142,126.884695,1.8,0.03
646,구로구,어린이집,예쁜별어린이집,37.4924091,126.84306200000002,0.97,0.0
647,구로구,어린이집,지암어린이집,37.48722468,126.852844,0.82,0.0
648,구로구,어린이집,코레일오류동어린이집,37.49548271,126.8453299,1.16,0.09
649,구로구,어린이집,항동어린이집,37.48537876,126.8234383,0.0,0.0
650,송파구,어린이집,예일어린이집,37.50342765,127.0857213,0.48,0.0
651,동작구,어린이집,꿈나무어린이집,37.50461575,126.9229536,2.61,0.49
652,동작구,어린이집,우리어린이집,37.48301937,126.9672688,0.43,0.0
653,동작구,어린이집,참사랑어린이집,37.48280553,126.9775139,0.49,0.0
654,동작구,어린이집,연꽃어린이집,37.49326005,126.9360196,0.81,0.0
655,동작구,어린이집,예담어린이집,37.5069456,126.9512421,1.51,0.2
656,강북구,유치원,솔샘유치원,37.62182382,127.0124058,0.89,0.0
657,강북구,유치원,꿈동산유치원,37.63215859,127.0383543,1.88,0.26
658,강북구,특수학교,애화학교,37.62519423,127.0288726,1.53,0.0
659,강북구,특수학교,한빛맹학교,37.62789211,127.0157138,2.05,0.23
660,강북구,특수학교,서울정인학교,37.63095627,127.01192240000002,1.94,0.0
661,강북구,초등학교,효성교회어린이집,37.61874578,127.0326578,0.01,0.0
662,강북구,어린이집,번2동어린이집,37.63374918,127.0320344,1.72,0.3
663,강북구,어린이집,백운교회어린이집,37.64461176,127.0101751,0.0,0.0
664,강북구,어린이집,삼양어린이집,37.62782336,127.0199106,2.05,0.86
665,강북구,어린이집,신기어린이집,37.63099889,127.0170158,2.05,0.36
666,강북구,어린이집,아람어린이집,37.62170433,127.0168642,1.31,0.08
667,강북구,어린이집,인수동어린이집,37.64149755,127.0141267,0.0,0.0
668,강북구,어린이집,예닮어린이집,37.63491581,127.0356875,1.66,0.65
669,강북구,어린이집,자연어린이집,37.62786177,127.03921409999998,1.72,0.6
670,강북구,어린이집,별밭어린이집,37.61968118,127.02448909999998,1.22,0.0
671,강북구,어린이집,솔밭어린이집,37.65411876,127.012044,0.0,0.0
672,강북구,어린이집,꼬꼬마어린이집,37.62764456,127.042037,1.42,0.81
673,강북구,어린이집,푸른솔어린이집,37.64393308,127.0193257,0.0,0.0
674,강북구,어린이집,제일어린이집,37.65867068,127.0104218,0.0,0.0
675,강북구,초등학교,서울삼양초등학교,37.62329377,127.0161486,1.75,0.33
676,강북구,초등학교,서울송중초등학교,37.61700179,127.0314655,0.41,0.0
677,강북구,초등학교,서울수유초등학교(수유병설유치원 중복),37.63125065,127.0202922,2.05,1.07
678,강북구,초등학교,서울우이초등학교,37.63865468,127.0148082,0.37,0.0
679,강북구,초등학교,서울번동초등학교,37.62902557,127.0400394,1.84,0.76
680,강북구,초등학교,서울오현초등학교,37.62341903,127.0465747,0.95,0.0
681,강북구,초등학교,서울영훈초등학교,37.61468169,127.0280938,1.27,0.0
682,강북구,초등학교,서울유현초등학교,37.63234744,127.0114196,1.42,0.0
683,강북구,초등학교,서울송천초등학교,37.6149061,127.0237355,1.08,0.05
684,강북구,초등학교,서울삼각산초등학교,37.61614897,127.01456840000002,0.88,0.0
685,강북구,유치원,성체유치원,37.64230381,127.0209886,0.0,0.0
686,강북구,유치원,유안유치원(인수유치원 중복),37.64527486,127.0104879,0.0,0.0
687,강북구,유치원,화계유치원,37.6346458,127.0188565,1.54,0.06
688,강북구,유치원,운산유치원,37.6320721,127.0217108,2.05,0.8
689,강북구,어린이집,예원어린이집,37.61783013,127.0335137,0.07,0.0
690,영등포구,초등학교,대동초등학교,37.49370368,126.9001186,0.67,0.0
691,영등포구,초등학교,대길초등학교,37.49817578,126.9131719,1.03,0.0
692,영등포구,초등학교,영중초등학교,37.52414258,126.9036935,0.63,0.09
693,영등포구,초등학교,영동초등학교,37.527007,126.907704,0.63,0.58
694,영등포구,초등학교,여의도초등학교,37.52320626,126.936795,0.0,0.0
695,영등포구,초등학교,문래초등학교,37.51913876,126.8936053,1.48,0.0
696,영등포구,초등학교,당중초등학교,37.52628887,126.8894139,1.47,0.44
697,영등포구,초등학교,당서초등학교,37.53202852,126.8998141,0.63,0.0
698,영등포구,초등학교,당산초등학교,37.54012002,126.8962413,0.0,0.0
699,영등포구,초등학교,영신초등학교,37.51017349,126.9181211,0.59,0.0
700,구로구,초등학교,덕의초등학교,37.50602878,126.8573464,0.0,0.0
701,구로구,초등학교,동구로초등학교,37.49407207,126.8927814,1.63,0.0
702,구로구,초등학교,매봉초등학교,37.50491677,126.844375,0.98,0.0
703,구로구,초등학교,미래초등학교,37.50510683,126.8880789,0.4,0.0
704,구로구,초등학교,세곡초등학교,37.50505628,126.8491193,0.5,0.0
705,구로구,초등학교,신구로초등학교,37.49965913,126.8897653,0.61,0.35
706,구로구,초등학교,신도림초등학교,37.51198583,126.8832548,1.13,0.0
707,구로구,초등학교,신미림초등학교,37.50714192,126.87955259999998,0.03,0.0
708,구로구,초등학교,영서초등학교,37.48896046,126.89558390000002,0.38,0.0
709,구로구,초등학교,영일초등학교,37.48564457,126.8838114,1.8,0.02
710,영등포구,유치원,은하유치원,37.5249271,126.89803159999998,1.02,0.0
711,영등포구,유치원,파란나라유치원,37.50321946,126.8972605,0.97,0.0
712,영등포구,유치원,큰나무유치원,37.506234,126.895153,0.8,0.0
713,영등포구,유치원,우성유치원,37.505742,126.900623,0.66,0.0
714,영등포구,유치원,신라유치원,37.51469911,126.9166502,0.0,0.0
715,영등포구,어린이집,선재어린이집,37.5286217,126.894421,0.81,0.0
716,영등포구,유치원,명신유치원,37.507661,126.907811,0.54,0.0
717,영등포구,유치원,동천유치원,37.50634892,126.9121219,0.29,0.0
718,영등포구,유치원,청은유치원,37.522523,126.885695,1.62,0.39
719,영등포구,유치원,성모유치원,37.50555535,126.9215852,2.26,0.24
720,영등포구,유치원,침례유치원,37.51773399,126.9342568,0.0,0.0
721,영등포구,유치원,영중유치원,37.53107433,126.90523229999998,0.63,0.06
722,영등포구,유치원,에덴유치원,37.50561109,126.913438,0.61,0.0
723,영등포구,유치원,한영교회유치원,37.528458,126.904777,0.63,0.51
724,영등포구,유치원,성락유치원,37.503707,126.902462,0.64,0.28
725,영등포구,초등학교,선유초등학교,37.532816,126.892794,0.4,0.0
726,영등포구,초등학교,영문초등학교,37.51980714,126.8875909,1.62,0.58
727,영등포구,초등학교,영원초등학교,37.51071936,126.902141,0.16,0.0
728,영등포구,초등학교,우신초등학교,37.50986625,126.911892,0.0,0.0
729,영등포구,초등학교,대방초등학교,37.50290012,126.9190202,2.24,0.0
730,영등포구,초등학교,신대림초등학교,37.49215502,126.905821,0.22,0.0
731,영등포구,초등학교,영림초등학교,37.48735300000001,126.9025151,0.0,0.0
732,영등포구,초등학교,윤중초등학교,37.51964065,126.9225902,0.0,0.0
733,영등포구,초등학교,영등포초등학교,37.512933,126.898261,0.0,0.0
734,영등포구,초등학교,신영초등학교,37.50100557,126.89609640000002,1.0,0.01
735,영등포구,초등학교,도신초등학교,37.49926879,126.9007128,0.84,0.32
736,영등포구,초등학교,도림초등학교,37.50750302,126.90729070000002,0.59,0.0
737,영등포구,초등학교,대영초등학교,37.50267919,126.9063358,0.6,0.14
738,구로구,어린이집,LG전자구로어린이집,37.486014,126.8769045,2.05,0.0
739,은평구,어린이집,다우림어린이집,37.615538,126.9111987,0.0,0.0
740,은평구,초등학교,어울초등학교,37.60656187,126.9350575,0.0,0.0
741,은평구,어린이집,홍익어린이집,37.59629761,126.9076396,1.12,0.0
742,은평구,어린이집,진관어린이집,37.6304386,126.9236287,1.52,0.0
743,은평구,유치원,서문유치원,37.592259999999996,126.91665,1.34,0.01
744,은평구,유치원,자연유치원,37.60298,126.93538999999998,0.0,0.0
745,은평구,어린이집,보듬손어린이집,37.631190000000004,126.91776000000002,0.23,0.0
746,강북구,초등학교,서울수송초등학교,37.63732397,127.0332052,0.98,0.34
747,강북구,초등학교,서울인수초등학교,37.64305134,127.009137,0.0,0.0
748,강북구,초등학교,서울화계초등학교,37.62388579,127.0297148,0.86,0.0
749,강북구,초등학교,서울미양초등학교(미양병설유치원 중복),37.62153170000001,127.014132,0.97,0.0
750,은평구,초등학교,수색초등,37.585073,126.8954934,0.46,0.0
751,은평구,초등학교,신도초등,37.632785,126.9291409,1.29,0.0
752,은평구,초등학교,연광초등,37.623843,126.9240662,1.52,0.28
753,은평구,초등학교,은명초등,37.597978000000005,126.91883329999999,1.4,0.0
754,은평구,초등학교,은평초등,37.601973,126.9341059,0.0,0.0
755,은평구,어린이집,꿈나무마을어린이집,37.59818370000001,126.92818159999999,0.0,0.0
756,은평구,어린이집,아이젤어린이집,37.594193100000005,126.91928870000001,1.66,0.0
757,은평구,어린이집,하늘어린이집,37.6006912,126.904802,1.14,0.0
758,은평구,유치원,은평국제유치원,37.599004,126.91146850000001,1.26,0.27
759,은평구,초등학교,은명초등(병설포함),37.5979615,126.91883329999999,1.41,0.0
760,은평구,초등학교,은평초등(병설포함),37.601956799999996,126.9341059,0.0,0.0
761,은평구,초등학교,갈현초등,37.6192867,126.91664309999999,0.03,0.0
762,은평구,초등학교,예일초등,37.6101791,126.91516229999999,0.85,0.0
763,은평구,초등학교,구산초등,37.6124476,126.9094685,0.01,0.0
764,은평구,초등학교,증산초등,37.5821614,126.9043095,1.23,0.6
765,은평구,초등학교,녹번초등,37.604290999999996,126.926111,0.23,0.0
766,은평구,초등학교,대조초등,37.613223299999994,126.91954229999999,0.0,0.0
767,은평구,초등학교,북한산초등,37.654060799999996,126.950331,0.0,0.0
768,은평구,초등학교,불광초등,37.61342855,126.93072040000001,0.0,0.0
769,은평구,초등학교,선일초등,37.619721999999996,126.9126173,0.0,0.0
770,은평구,초등학교,신사초등,37.592614000000005,126.91212150000001,1.39,0.0
771,은평구,초등학교,역촌초등,37.6017363,126.91426570000002,1.26,1.25
772,은평구,초등학교,연신초등,37.6262605,126.92827369999999,1.52,1.29
773,은평구,초등학교,연천초등,37.620805,126.92948740000001,1.52,0.07
774,은평구,초등학교,응암초등,37.588281,126.9217624,1.77,0.38
775,은평구,초등학교,대은초등,37.611831200000005,126.92615430000001,0.0,0.0
776,은평구,초등학교,상신초등,37.5976771,126.9048,0.86,0.0
777,은평구,초등학교,연은초등,37.59051113,126.92511200000001,1.32,0.0
778,은평구,초등학교,충암초등,37.5850457,126.9217386,1.93,0.16
779,은평구,초등학교,진관초등,37.645052,126.9291301,0.0,0.0
780,은평구,초등학교,은진초등,37.632607,126.9209282,0.54,0.0
781,은평구,초등학교,수리초등,37.620489,126.93424399999999,1.39,0.0
782,은평구,초등학교,은빛초등,37.63517120000001,126.9200278,0.05,0.0
783,은평구,특수학교,은평대영학교,37.6056209,126.907072,1.22,0.0
784,은평구,초등학교,구현초등,37.609239,126.90584820000001,0.39,0.0
785,은평구,초등학교,서신초등,37.592327000000004,126.90744109999999,0.39,0.0
786,도봉구,어린이집,창4동,37.6421639,127.0532892,0.65,0.0
787,은평구,어린이집,수성어린이집,37.623554999999996,126.91344699999999,0.0,0.0
788,은평구,어린이집,내일어린이집,37.590942,126.919501,1.08,0.24
789,은평구,어린이집,우정어린이집,37.6256243,126.91495719999999,0.11,0.0
790,은평구,유치원,성균관(갈현초교 중복),37.6183134,126.9169211,0.0,0.0
791,은평구,유치원,예일(예일초교 중복),37.6101791,126.91516229999999,0.85,0.0
792,은평구,유치원,은혜유치원,37.617749100000005,126.92754740000002,1.22,0.0
793,은평구,유치원,백합유치원,37.608195,126.917391,1.21,0.0
794,은평구,유치원,서울역촌유치원,37.604196,126.9188633,1.26,0.05
795,은평구,유치원,바다의별유치원,37.615361,126.9262062,0.33,0.0
796,은평구,유치원,보람유치원,37.6000472,126.914225,1.26,0.76
797,은평구,유치원,와우랩유치원,37.593914,126.921523,1.27,0.0
798,은평구,유치원,효림유치원,37.5855516,126.8994297,0.6,0.0
799,은평구,유치원,새보람유치원,37.616263399999994,126.932639,0.47,0.0
800,은평구,유치원,무지개나라유치원,37.584587,126.9180933,2.15,0.28
801,은평구,유치원,색동유치원,37.616054999999996,126.914224,0.0,0.0
802,은평구,유치원,동북유치원,37.64432515,126.9248133,0.0,0.0
803,은평구,유치원,동산유치원,37.5839762,126.907226,1.59,0.25
804,은평구,유치원,유정유치원,37.6066376,126.926723,0.04,0.0
805,은평구,유치원,다우림유치원,37.596197,126.91230800000001,1.58,0.0
806,은평구,유치원,진관유치원,37.6347136,126.930959,0.43,0.0
807,은평구,유치원,숲유치원,37.6370354,126.917566,0.0,0.0
808,은평구,유치원,서울산울림유치원,37.64806913,126.9298271,0.0,0.0
809,은평구,초등학교,구현초등(병설포함),37.609222700000004,126.90584820000001,0.39,0.0
810,은평구,초등학교,서신초등(병설포함),37.59231079999999,126.90744109999999,0.39,0.0
811,은평구,초등학교,수색초등(병설포함),37.5850571,126.895422,0.45,0.0
812,은평구,초등학교,신도초등(병설포함),37.6327684,126.929152,1.3,0.0
813,은평구,초등학교,연광초등(병설포함),37.6238264,126.924019,1.52,0.26
814,은평구,어린이집,성모자애어린이집,37.617722,126.92377900000001,1.03,0.0
815,은평구,어린이집,은평감리교회 어린이집,37.6044835,126.92320670000001,0.98,0.0
816,은평구,어린이집,하나연어린이집,37.604894,126.928055,0.01,0.0
817,은평구,어린이집,구립응암어린이집,37.588838,126.922725,1.7,0.17
818,영등포구,유치원,평강유치원,37.49493197,126.908145,0.56,0.0
819,영등포구,유치원,파랑새유치원,37.502352,126.900249,0.82,0.35
820,중랑구,어린이집,한내들어린이집,37.604148,127.0749772,1.2,0.07
821,중랑구,유치원,이루니유치원,37.60162827,127.0917588,1.69,0.54
822,중랑구,유치원,봄내유치원,37.585935,127.085535,0.0,0.0
823,중랑구,유치원,서안유치원,37.604325,127.079934,1.22,0.0
824,중랑구,유치원,중곡초등학교병설유치원,37.57489299,127.0834395,0.0,0.0
825,중랑구,유치원,동원초등학교병설유치원,37.59497800000001,127.104928,1.01,0.0
826,중랑구,유치원,수산유치원,37.59762623,127.0759685,0.06,0.0
827,중랑구,유치원,미림유치원,37.61646036,127.0793223,0.81,0.0
828,중랑구,초등학교,서울묵동초등학교,37.60335895,127.0808259,1.16,0.0
829,중랑구,초등학교,서울면일초등학교,37.59204241,127.0997953,1.03,0.9
830,중랑구,초등학교,서울중화초등학교,37.60292027,127.094066,1.68,0.99
831,중랑구,초등학교,서울중랑초등학교,37.58966381,127.0755031,0.0,0.0
832,중랑구,초등학교,서울중곡초등학교,37.57489299,127.0834395,0.0,0.0
833,중랑구,초등학교,서울신내초등학교,37.6049335,127.100154,1.68,0.01
834,중랑구,초등학교,서울면중초등학교,37.582402,127.0965491,0.39,0.0
835,중랑구,초등학교,서울면북초등학교,37.594475,127.1035487,1.07,0.01
836,중랑구,초등학교,서울면동초등학교,37.58535305,127.0865941,0.01,0.0
837,중랑구,초등학교,서울면남초등학교,37.57726134,127.087667,0.0,0.0
838,중랑구,초등학교,서울망우초등학교,37.59873869,127.1038401,1.47,0.0
839,중랑구,초등학교,서울상봉초등학교,37.59798021,127.0831709,0.22,0.0
840,중랑구,어린이집,세화어린이집,37.59993259,127.073783,0.53,0.0
841,중랑구,어린이집,나래어린이집,37.59172695,127.0837119,0.0,0.0
842,중랑구,어린이집,이화어린이집,37.573952,127.080811,0.0,0.0
843,송파구,유치원,티움유치원,37.501103146999995,127.115237,0.63,0.63
844,관악구,초등학교,관악초등학교,37.481024,126.942556,0.0,0.0
845,관악구,초등학교,구암초등학교,37.489217,126.946272,0.0,0.0
846,송파구,초등학교,잠신초등학교,37.5141325,127.0879195,0.6,0.15
847,도봉구,어린이집,푸른신창,37.6399528,127.04152179999998,1.0,0.0
848,광진구,어린이집,꿈동산몬테소리어린이집,37.5558199225,127.07606486639999,0.0,0.0
849,광진구,특수학교,한국켄트외국인학교,37.5471634553,127.0863403497,0.0,0.0
850,광진구,어린이집,아이터어린이집,37.5438489057,127.08377592469999,0.0,0.0
851,광진구,어린이집,능동꿈맞이어린이집,37.55283015,127.0859139,0.0,0.0
852,광진구,특수학교,재한몽골학교,37.54551467,127.0982366,0.0,0.0
853,광진구,특수학교,광진학교,37.5376674941,127.0915615178,0.0,0.0
854,서대문구,초등학교,추계초등학교,37.56314981,126.95405929999998,0.0,0.0
855,광진구,유치원,선화유치원,37.5498138606,127.08679335020001,0.0,0.0
856,광진구,유치원,영화유치원,37.5540529884,127.0977190618,0.0,0.0
857,광진구,유치원,청구이화유치원,37.5418216079,127.0970223691,0.0,0.0
858,광진구,어린이집,사랑의어린이집,37.541017,127.09706706120001,0.0,0.0
859,광진구,어린이집,신나는어린이집,37.541318,127.0886954645,0.0,0.0
860,광진구,어린이집,좋은어린이집,37.5362037856,127.0903183096,0.0,0.0
861,광진구,어린이집,능동어린이집,37.553551,127.08196759370001,0.0,0.0
862,광진구,어린이집,자양어린이집,37.532877,127.0752336539,0.0,0.0
863,광진구,어린이집,으뜸어린이집,37.5307969949,127.0711743702,0.0,0.0
864,광진구,어린이집,중곡샛별어린이집,37.570926,127.0802620866,0.01,0.0
865,광진구,어린이집,예아랑어린이집,37.570679,127.078049,0.32,0.0
866,광진구,어린이집,미예뜰어린이집,37.566332401,127.08053183690001,0.13,0.0
867,광진구,어린이집,키즈용맹(구.하은)어린이집,37.5585901081,127.09111108649999,0.0,0.0
868,광진구,어린이집,구의2동어린이집,37.5502106312,127.0962466295,0.0,0.0
869,광진구,어린이집,선린어린이집,37.533347,127.0769224026,0.0,0.0
870,광진구,어린이집,구의3동어린이집,37.53932800000001,127.09511645069999,0.0,0.0
871,광진구,어린이집,성심어린이집,37.556563,127.08499369409999,0.0,0.0
872,광진구,어린이집,상명어린이집,37.5699309088,127.0814193132,0.0,0.0
873,광진구,어린이집,예지어린이집,37.557168,127.07346796969999,0.06,0.0
874,광진구,어린이집,수정어린이집,37.549073,127.0694481374,0.0,0.0
875,광진구,어린이집,명성어린이집,37.5400821497,127.08633014700001,0.0,0.0
876,광진구,어린이집,우리티움아이어린이집,37.540118,127.090838924,0.0,0.0
877,광진구,초등학교,중마초등학교,37.565790840300004,127.07902391629999,0.37,0.0
878,광진구,초등학교,화양초등학교,37.5442285889,127.0715827322,0.0,0.0
879,광진구,초등학교,광진초등학교,37.547682,127.0913325323,0.0,0.0
880,광진구,초등학교,양진초등학교,37.5445751665,127.0983113997,0.0,0.0
881,광진구,유치원,광남유치원,37.5416266176,127.10069832549999,0.0,0.0
882,광진구,유치원,선경유치원,37.5333960439,127.089785089,0.0,0.0
883,광진구,유치원,어린이회관유치원,37.547599,127.074938,0.0,0.0
884,광진구,유치원,현정유치원,37.54443300000001,127.08894968889999,0.0,0.0
885,광진구,유치원,성산유치원,37.5329087681,127.08417754940001,0.0,0.0
886,광진구,유치원,슬기유치원,37.552015,127.0925744312,0.0,0.0
887,광진구,유치원,대원(구.우성)유치원,37.5345768836,127.0756520412,0.0,0.0
888,광진구,유치원,정신유치원,37.5373590425,127.0646475569,0.0,0.0
889,광진구,유치원,미파유치원,37.5702302977,127.08588634110001,0.0,0.0
890,광진구,유치원,선양유치원,37.5543275912,127.07116618639999,0.0,0.0
891,광진구,유치원,자양하나유치원,37.538881462199996,127.0786109181,0.0,0.0
892,광진구,유치원,인애유치원,37.5338437807,127.0683425257,0.0,0.0
893,광진구,유치원,프라임유치원,37.538767,127.0983573098,0.0,0.0
894,광진구,유치원,보성유치원,37.5436805818,127.1043802267,0.0,0.0
895,광진구,유치원,한일유치원,37.535165290500004,127.071517497,0.0,0.0
896,광진구,유치원,자양도담유치원,37.536172,127.0799278118,0.0,0.0
897,광진구,유치원,샬롬유치원,37.542405,127.0917219509,0.0,0.0
898,광진구,유치원,광장유치원,37.5485408931,127.10523289620001,0.0,0.0
899,광진구,유치원,자양유치원,37.531156,127.0837689816,0.0,0.0
900,광진구,유치원,아이조아유치원,37.566152,127.0804712501,0.13,0.0
901,광진구,유치원,구의병설유치원,37.5430074366,127.0803117758,0.0,0.0
902,광진구,유치원,신자병설유치원,37.530017,127.07543799999999,0.0,0.0
903,광진구,유치원,양남병설유치원,37.531123236,127.089234331,0.0,0.0
904,광진구,유치원,양진병설유치원,37.5445751665,127.0983113997,0.0,0.0
905,광진구,유치원,자양병설유치원,37.536988244899995,127.07973959290001,0.0,0.0
906,광진구,유치원,경원유치원,37.554876,127.09608639940001,0.0,0.0
907,광진구,유치원,동심유치원,37.5517127888,127.07267267799999,0.0,0.0
908,영등포구,유치원,당중초등학교병설유치원,37.52628887,126.8894139,1.47,0.44
909,영등포구,유치원,성미유치원,37.50168998,126.909256,0.69,0.0
910,영등포구,유치원,한신혜원유치원,37.54028177,126.8917467,0.0,0.0
911,영등포구,유치원,평화유치원,37.532337,126.8968009,0.38,0.0
912,영등포구,어린이집,영신어린이집,37.503962,126.9106409,0.69,0.0
913,영등포구,어린이집,하나푸르니신길어린이집,37.50715227,126.911655,0.21,0.0
914,영등포구,어린이집,하정어린이집,37.505832,126.922179,2.28,0.32
915,영등포구,어린이집,해태어린이집,37.49804915,126.894845,1.0,0.07
916,영등포구,어린이집,은석어린이집,37.498165,126.9187041,2.19,0.47
917,영등포구,어린이집,양평1동어린이집,37.523625,126.888358,1.62,0.38
918,영등포구,어린이집,신이화어린이집,37.516057,126.885316,1.27,0.25
919,영등포구,어린이집,무지개영재어린이집,37.525209,126.8936102,1.1,0.0
920,영등포구,어린이집,남서울어린이집,37.52867655,126.908385,0.63,0.36
921,영등포구,어린이집,국회어린이집,37.5329136,126.91640359999998,0.11,0.0
922,영등포구,어린이집,구립신길5동어린이집,37.497564,126.906102,0.6,0.0
923,영등포구,유치원,돈보스꼬유치원,37.51054600000001,126.90138600000002,0.19,0.0
924,영등포구,유치원,영은유치원,37.52530199,126.89001100000002,1.61,0.37
925,영등포구,유치원,윤중초등학교병설유치원,37.51964065,126.9225902,0.0,0.0
926,영등포구,유치원,영중초등학교병설유치원,37.52414258,126.9036935,0.63,0.09
927,영등포구,유치원,영림초등학교병설유치원,37.48735300000001,126.9025151,0.0,0.0
928,영등포구,유치원,영등포초등학교병설유치원,37.512933,126.898261,0.0,0.0
929,영등포구,유치원,도신초등학교병설유치원,37.49926879,126.9007128,0.84,0.32
930,영등포구,유치원,대동초등학교병설유치원,37.49370368,126.9001186,0.67,0.0
931,관악구,유치원,꿈나라유치원,37.460534,126.92062,0.0,0.0
932,관악구,유치원,신우단설유치원,37.463264,126.93253500000002,0.0,0.0
933,관악구,유치원,관악병설유치원,37.481024,126.942556,0.0,0.0
934,관악구,유치원,난곡병설유치원,37.46913,126.916344,1.63,0.0
935,관악구,유치원,봉천병설유치원,37.48327000000001,126.958188,0.28,0.1
936,관악구,유치원,삼성병설유치원,37.468521,126.940495,0.0,0.0
937,관악구,유치원,신성병설유치원,37.472004,126.936752,0.0,0.0
938,관악구,유치원,원당병설유치원,37.48128,126.956249,0.28,0.2
939,관악구,유치원,은천병설유치원,37.486585,126.942678,0.0,0.0
940,관악구,유치원,청룡병설유치원,37.476725,126.951218,0.28,0.0
941,관악구,특수학교,새롬학교,37.493126,126.927367,1.98,0.0
942,관악구,특수학교,서울정문학교,37.461733,126.916953,0.0,0.0
943,관악구,어린이집,구립선봉어린이집,37.485148,126.939675,0.0,0.0
944,관악구,어린이집,구립다원어린이집,37.471967,126.91218899999998,1.61,0.0
945,관악구,어린이집,구립도담어린이집,37.489733,126.958378,0.11,0.0
946,관악구,어린이집,구립새빛어린이집,37.486319,126.915149,0.0,0.0
947,도봉구,어린이집,한내,37.6614988112,127.04508432899999,0.39,0.0
948,도봉구,어린이집,방아골,37.6692804,127.032581,0.38,0.0
949,도봉구,어린이집,경일,37.6664179,127.03490320000002,0.72,0.0
950,도봉구,어린이집,햇살마루,37.65750170000001,127.04081229999998,0.72,0.1
951,도봉구,어린이집,신세인,37.6575153,127.0405866,0.72,0.1
952,도봉구,어린이집,이화,37.65738270000001,127.0404858,0.72,0.11
953,도봉구,유치원,유화,37.6598464251,127.02745799200001,0.82,0.74
954,도봉구,유치원,사랑,37.6654300761,127.04666893459999,0.0,0.0
955,도봉구,유치원,선아,37.6485286,127.0440451,0.72,0.0
956,도봉구,유치원,신창,37.6413368,127.0409612,0.77,0.0
957,도봉구,유치원,지현,37.6863357,127.043941,0.0,0.0
958,도봉구,유치원,현대,37.654152,127.01395,0.0,0.0
959,도봉구,유치원,선희,37.6575825684,127.029886915,1.03,0.05
960,도봉구,유치원,한볕,37.642922788,127.0387778224,0.6,0.0
961,도봉구,유치원,꿈밭,37.6583039096,127.02760701860001,0.82,0.31
962,도봉구,유치원,삼풍,37.656749,127.0456386,0.72,0.02
963,도봉구,유치원,천사,37.6586809094,127.0330968573,1.29,0.0
964,도봉구,유치원,자연,37.660870780100005,127.0475002126,0.33,0.0
965,도봉구,유치원,정의,37.6529105,127.0318063,1.03,0.0
966,도봉구,유치원,청아,37.6568264215,127.0493335342,0.6,0.0
967,도봉구,유치원,햇살,37.6492018,127.0252286,0.0,0.0
968,도봉구,유치원,한사랑,37.650390623,127.04733036,0.72,0.0
969,도봉구,유치원,도봉초병설,37.6793783,127.038218,0.0,0.0
970,도봉구,유치원,신창초병설,37.6361731,127.0421969,1.69,0.09
971,도봉구,유치원,창동초병설,37.6551924,127.0446861,0.72,0.18
972,도봉구,어린이집,해맑은,37.6565427,127.015283,0.0,0.0
973,도봉구,어린이집,쌍문2동,37.6528547,127.0430751,0.72,0.43
974,도봉구,어린이집,쌍문삼성,37.6509601,127.0344914,0.72,0.0
975,도봉구,어린이집,예그린,37.6510868,127.0305925,0.46,0.0
976,도봉구,어린이집,신예원,37.66480670000001,127.0410685,0.01,0.0
977,도봉구,어린이집,예원키즈,37.6652429,127.0373617,0.47,0.0
978,도봉구,어린이집,리라,37.663909,127.0337501,0.82,0.0
979,도봉구,어린이집,세인,37.6588094,127.0389515,1.03,0.0
980,도봉구,어린이집,창3동,37.6396519,127.0428491,0.93,0.0
981,도봉구,어린이집,방학3동,37.6612213,127.0324535,0.95,0.08
982,도봉구,어린이집,쌍문1동,37.6482929,127.025917,0.0,0.0
983,도봉구,어린이집,창2동,37.6573644,127.0404264,0.72,0.11
984,도봉구,초등학교,가인초등학교,37.6599068,127.0431592,0.69,0.0
985,도봉구,초등학교,누원초등학교,37.6869304,127.0490694,0.39,0.0
986,도봉구,초등학교,도봉초교,37.6793783,127.038218,0.0,0.0
987,도봉구,초등학교,방학초교,37.6640285,127.0321675,0.82,0.0
988,도봉구,초등학교,백운초교,37.6532035,127.0139875,0.0,0.0
989,도봉구,초등학교,숭미초교,37.6508453,127.0279643,0.15,0.0
990,도봉구,초등학교,신방학초교,37.6659578,127.0292294,0.82,0.0
991,도봉구,초등학교,신창초교,37.6361731,127.0421969,1.69,0.09
992,도봉구,초등학교,신학초교,37.6609904,127.0255131,0.82,0.65
993,도봉구,초등학교,신화,37.6326698,127.0408596,1.88,0.44
994,도봉구,초등학교,쌍문,37.6489734,127.024308,0.0,0.0
995,도봉구,초등학교,오봉,37.6718842,127.0402882,0.0,0.0
996,도봉구,초등학교,월천,37.6478402,127.0522016,0.12,0.0
997,도봉구,초등학교,자운,37.6577174,127.0463946,0.72,0.0
998,도봉구,초등학교,창경,37.6561144,127.0347544,1.49,0.0
999,도봉구,초등학교,창도,37.663831,127.0490956,0.0,0.0
1000,도봉구,초등학교,창동,37.6551924,127.0446861,0.72,0.18
1001,도봉구,초등학교,창림,37.6429724,127.0415487,0.38,0.0
1002,도봉구,초등학교,창원,37.6525531,127.040553,0.72,0.56
1003,도봉구,초등학교,창일,37.6471695,127.0476797,0.48,0.0
1004,도봉구,초등학교,초당,37.6584988,127.0221014,0.82,0.0
1005,도봉구,초등학교,동북,37.655351,127.0268289,0.83,0.0
1006,도봉구,초등학교,한신,37.6529105,127.0318063,1.03,0.0
1007,도봉구,유치원,다솜,37.6571082049,127.0377335198,1.12,0.06
1008,도봉구,유치원,솔샘,37.6571082049,127.0377335198,1.12,0.06
1009,도봉구,유치원,윤정,37.649242,127.0509338,0.35,0.0
1010,도봉구,유치원,행복한,37.65857310000001,127.0312223,1.1,0.08
1011,서초구,초등학교,매헌,37.471264,127.042077,0.63,0.51
1012,관악구,유치원,하늘유치원,37.474059,126.932256,0.11,0.0
1013,관악구,유치원,한별유치원,37.478419,126.913466,1.6,0.0
1014,관악구,유치원,큰솔유치원,37.484098,126.960684,0.28,0.02
1015,관악구,유치원,은비유치원,37.489072,126.960112,0.13,0.0
1016,서초구,초등학교,반원,37.508212,127.003632,0.0,0.0
1017,양천구,어린이집,은행정어린이집,37.522863,126.858452,0.02,0.0
1018,양천구,어린이집,이화어린이집,37.521823,126.846909,0.47,0.0
1019,양천구,어린이집,신정3어린이집,37.518814,126.850144,0.33,0.0
1020,양천구,어린이집,으뜸어린이집,37.526814,126.858316,1.3,0.0
1021,양천구,어린이집,은혜어린이집,37.524044,126.862155,0.03,0.0
1022,양천구,어린이집,성결어린이집,37.528832,126.837666,0.34,0.0
1023,양천구,어린이집,어깨동무어린이집,37.527432,126.859116,1.48,0.0
1024,양천구,어린이집,예뜰어린이집,37.526346,126.857032,1.28,0.0
1025,양천구,어린이집,넓은들어린이집,37.5133510578,126.829358,0.57,0.0
1026,양천구,어린이집,푸르미어린이집,37.523505,126.83746200000002,0.63,0.0
1027,양천구,어린이집,청운어린이집,37.513863,126.842403,1.26,0.57
1028,양천구,어린이집,구립목2동어린이집,37.54490300000001,126.871105,0.0,0.0
1029,양천구,어린이집,신월이화어린이집,37.522439221999996,126.830175,0.63,0.0
1030,양천구,학원,잉글리쉬러닝베이(신월),37.520019,126.835471,0.88,0.55
1031,양천구,학원,잉글리쉬러닝베이(목동),37.519742,126.8727818699,0.75,0.14
1032,양천구,학원,리틀플래닛학원,37.530901,126.83585257850001,0.1,0.0
1033,양천구,유치원,세화유치원,37.514999,126.871238,0.45,0.25
1034,양천구,유치원,신목유치원,37.546331,126.870203,0.0,0.0
1035,양천구,어린이집,다솜어린이집,37.545105,126.882074,0.0,0.0
1036,양천구,어린이집,청솔어린이집,37.540751,126.864345,0.62,0.0
1037,양천구,어린이집,파란들어린이집,37.535612,126.825367,0.0,0.0
1038,양천구,어린이집,서울SOS어린이집,37.531678,126.824872,0.0,0.0
1039,양천구,어린이집,강서중앙어린이집,37.540574,126.8329819033,0.0,0.0
1040,양천구,어린이집,곰달래어린이집,37.527705,126.834015,0.3,0.0
1041,양천구,어린이집,목동어린이집,37.532909,126.871605,0.0,0.0
1042,양천구,어린이집,무궁화어린이집,37.5347683862,126.867409,0.35,0.0
1043,양천구,어린이집,세진어린이집,37.529702,126.835746,0.03,0.0
1044,양천구,어린이집,엄마사랑어린이집,37.541638,126.869803,0.0,0.0
1045,양천구,어린이집,우리또래어린이집,37.521907,126.832355,0.63,0.0
1046,양천구,초등학교,지향초교,37.512839,126.837024,1.26,0.03
1047,양천구,초등학교,장수초교,37.512998,126.845158,0.93,0.34
1048,양천구,초등학교,목운초교,37.527011,126.873011,0.08,0.0
1049,양천구,초등학교,신은초교,37.513992,126.832171,1.12,0.0
1050,양천구,유치원,해림유치원,37.541628,126.882643,0.0,0.0
1051,양천구,유치원,동연유치원,37.54880900000001,126.867708,0.0,0.0
1052,양천구,유치원,등대유치원,37.522133,126.877791,1.87,0.0
1053,양천구,유치원,등촌유치원,37.546576,126.864907,0.0,0.0
1054,양천구,유치원,상아유치원,37.520928593200004,126.833907,0.64,0.22
1055,양천구,유치원,샘터유치원,37.518051,126.832489,0.82,0.13
1056,양천구,유치원,어린이의정원유치원,37.506571,126.864769,0.0,0.0
1057,양천구,유치원,원일유치원,37.535158,126.881875,0.02,0.0
1058,양천구,유치원,빛나유치원,37.5292498871,126.867095,0.0,0.0
1059,양천구,유치원,튼튼유치원,37.525867,126.857291,0.87,0.0
1060,관악구,어린이집,구립문성어린이집,37.482015,126.902893,0.0,0.0
1061,관악구,어린이집,구립미림어린이집,37.4663997368,126.930942,0.01,0.0
1062,관악구,어린이집,구립합실어린이집,37.464018,126.925415,0.03,0.0
1063,관악구,어린이집,구립서원어린이집,37.476926,126.934229,0.01,0.0
1064,관악구,어린이집,예대어린이집,37.485299,126.947208,0.11,0.0
1065,관악구,어린이집,미라클어린이집,37.473654,126.919802,1.63,1.47
1066,관악구,유치원,예일유치원,37.473911,126.964244,0.76,0.5
1067,관악구,유치원,영그린유치원,37.477066,126.940393,0.0,0.0
1068,관악구,어린이집,아뜰어린이집,37.487501,126.936966,0.0,0.0
1069,관악구,어린이집,초롱별어린이집,37.47621,126.915318,1.63,0.41
1070,강서구,초등학교,가곡초등학교,37.5557076,126.8361018,1.22,0.53
1071,강서구,초등학교,발산초등학교,37.55026198,126.8309942,2.07,0.0
1072,강서구,초등학교,방화초등학교,37.56870364,126.8074988,0.39,0.0
1073,강서구,초등학교,백석초등학교,37.55364729,126.8624253,0.0,0.0
1074,강서구,초등학교,삼정초등학교,37.58050789,126.8104935,0.0,0.0
1075,강서구,초등학교,신곡초등학교,37.5390734,126.8560116,2.45,0.14
1076,강서구,초등학교,정곡초등학교,37.5769308,126.818936,0.28,0.0
1077,강서구,유치원,정곡초등학교(병설유치원),37.5769308,126.818936,0.28,0.0
1078,강서구,초등학교,치현초등학교,37.57591942,126.814673,0.38,0.0
1079,강서구,초등학교,송정초등학교,37.56223179,126.8102817,0.91,0.0
1080,강서구,초등학교,신월초등학교,37.54036642,126.8394575,0.96,0.0
1081,강서구,초등학교,신정초등학교,37.53207243,126.8523594,2.72,0.66
1082,강서구,초등학교,우장초등학교,37.54963737,126.8459831,1.89,0.79
1083,강서구,초등학교,화곡초등학교,37.5436698,126.8464706,1.5,0.2
1084,강서구,초등학교,가양초등학교,37.56221656,126.8585205,0.0,0.0
1085,강서구,초등학교,개화초등학교,37.57394274,126.80466409999998,0.03,0.0
1086,강서구,초등학교,공진초등학교,37.557822,126.822611,1.95,0.0
1087,강서구,유치원,공진초등학교병설유치원,37.557822,126.822611,1.95,0.0
1088,강서구,초등학교,공항초등학교,37.56308924,126.8216478,1.03,0.21
1089,강서구,유치원,공항초등학교병설유치원,37.56308924,126.8216478,1.03,0.21
1090,강서구,초등학교,내발산초등학교,37.5508811,126.838163,2.14,0.05
1091,강서구,유치원,내발산병설유치원,37.5508811,126.838163,2.14,0.05
1092,강서구,초등학교,등명초등학교,37.56089508,126.8423834,0.63,0.0
1093,강서구,초등학교,등서초등학교,37.551822,126.8550364,0.89,0.0
1094,강서구,초등학교,등양초등학교,37.5649455,126.8447608,0.0,0.0
1095,강서구,초등학교,등원초등학교,37.55981308,126.8500834,0.01,0.0
1096,강서구,초등학교,등촌초등학교,37.54761251,126.8579416,0.42,0.0
1097,강서구,초등학교,등현초등학교,37.56144973,126.8475976,0.04,0.0
1098,강서구,초등학교,송화초등학교,37.56815091,126.8180317,0.85,0.34
1099,서초구,어린이집,텀블랜드,37.479239586999995,127.039679,2.03,0.0
1100,강서구,초등학교,양천초등학교,37.5701684,126.8395913,0.0,0.0
1101,강서구,초등학교,염창초등학교,37.55322433,126.8676002,0.0,0.0
1102,강서구,초등학교,월정초등학교,37.53499572,126.836292,0.21,0.0
1103,강서구,초등학교,탑산초등학교,37.56701674,126.8523675,0.0,0.0
1104,강서구,초등학교,유석초등학교,37.56080163,126.853766,0.0,0.0
1105,강서구,초등학교,염동초등학교,37.55209431,126.872373,0.0,0.0
1106,강서구,초등학교,염경초등학교,37.55500148,126.8712574,0.0,0.0
1107,강서구,유치원,염경초등학교병설유치원,37.55500148,126.8712574,0.0,0.0
1108,강서구,초등학교,화일초등학교,37.54071221,126.847465,3.35,0.0
1109,강서구,유치원,화일초등학교병설유치원,37.54071221,126.847465,3.35,0.0
1110,강서구,초등학교,수명초등학교,37.55277438,126.823844,1.62,0.75
1111,강서구,초등학교,등마초등학교,37.5420258,126.8616338,0.95,0.0
1112,강서구,유치원,미도유치원,37.550429,126.8609735,0.01,0.0
1113,강서구,유치원,보라유치원,37.56361546,126.847394,0.0,0.0
1114,강서구,유치원,수미유치원,37.532117,126.838533,0.68,0.0
1115,강서구,유치원,신영유치원,37.530958,126.849217,2.72,0.47
1116,강서구,유치원,대유유치원,37.53400816,126.86158799999998,1.94,0.0
1117,강서구,유치원,등촌이화유치원,37.5597383,126.847951,0.2,0.0
1118,강서구,유치원,방화이화유치원,37.57409045,126.8135129,0.45,0.0
1119,강서구,유치원,새싹유치원,37.53221274,126.8580387,2.61,0.25
1120,강서구,유치원,국제유치원,37.57051178,126.82293500000002,0.69,0.01
1121,강서구,유치원,선미유치원,37.53933048,126.843663,2.06,0.0
1122,강서구,유치원,신세기유치원,37.57101339,126.8465865,0.0,0.0
1123,강서구,유치원,우일유치원,37.5351277,126.855313,2.72,1.71
1124,강서구,유치원,윤서유치원,37.54724363,126.8322457,1.71,0.0
1125,강서구,유치원,등촌제일유치원,37.555424,126.859332,0.0,0.0
1126,강서구,유치원,동그라미유치원,37.5501136,126.8491643,1.5,0.28
1127,강서구,유치원,예일유치원,37.55370121,126.82918290000002,2.07,0.37
1128,강서구,유치원,강서유치원,37.54821183,126.8500391,1.45,0.31
1129,강서구,유치원,윤희유치원,37.54573377,126.837554,1.59,0.0
1130,강서구,유치원,예은유치원,37.538834,126.847243,3.43,0.0
1131,강서구,어린이집,발산어린이집,37.554404,126.8422023,1.92,0.09
1132,강서구,어린이집,프란체스코어린이집,37.5555119,126.8146107,1.17,0.19
1133,강서구,어린이집,으뜸어린이집,37.53365332,126.860201,2.2,0.03
1134,강서구,어린이집,상아어린이집,37.562025,126.840249,0.59,0.0
1135,강서구,어린이집,동산어린이집,37.55153551,126.875539,0.0,0.0
1136,강서구,어린이집,이레어린이집,37.56950782,126.810033,0.55,0.0
1137,강서구,유치원,밤비니유치원,37.558943,126.8095884,0.53,0.05
1138,강서구,특수학교,교남학교,37.54796965,126.8523507,1.45,0.04
1139,강서구,어린이집,LG사이언스파크어린이집,37.56340246,126.83123159999998,0.24,0.0
1140,강서구,어린이집,하늘어린이집,37.53900534,126.8514134,3.16,0.0
1141,강서구,유치원,서울마곡유치원,37.56927039999999,126.8180306,0.83,0.34
1142,강서구,유치원,우현유치원,37.557521,126.83810700000001,0.71,0.25
1143,강서구,어린이집,신원어린이집,37.55101498,126.8766502,0.0,0.0
1144,강서구,어린이집,예은어린이집,37.57807299,126.8148839,0.16,0.0
1145,강서구,어린이집,구립아이솔어린이집,37.56443212,126.8073379,0.49,0.0
1146,강서구,어린이집,어린왕자어린이집,37.53506239,126.846277,2.72,0.42
1147,양천구,초등학교,신기초교,37.511312,126.854215,0.17,0.0
1148,동대문구,유치원,휘경초교단설유치원,37.58576220000001,127.0582128,0.0,0.0
1149,동대문구,초등학교,삼육초교,37.58877033,127.0471736,0.0,0.0
1150,동대문구,초등학교,은석초교,37.57855561,127.0757645,0.0,0.0
1151,동대문구,초등학교,용두초교,37.57641471,127.0283873,0.08,0.0
1152,동대문구,초등학교,홍파초교,37.58620351,127.0395874,0.0,0.0
1153,동대문구,유치원,홍파초교병설유치원,37.58620351,127.0395874,0.0,0.0
1154,동대문구,초등학교,휘봉초교,37.58567758,127.0700419,0.0,0.0
1155,동대문구,유치원,휘봉초교병설유치원,37.58567758,127.0700419,0.0,0.0
1156,동대문구,유치원,백주유치원,37.58070593,127.0526528,0.0,0.0
1157,동대문구,유치원,빛나유치원,37.56720004,127.0564912,0.25,0.0
1158,동대문구,유치원,아이비유치원,37.5828204,127.0687172,0.0,0.0
1159,동대문구,유치원,세하유치원,37.56773522,127.0729635,0.63,0.04
1160,동대문구,유치원,서울유치원,37.60075012,127.0687696,0.39,0.0
1161,동대문구,유치원,소화유치원,37.583038,127.0347893,0.0,0.0
1162,동대문구,유치원,예일유치원,37.57734724,127.064387,0.0,0.0
1163,동대문구,유치원,젬마유치원,37.59294179999999,127.0594186,0.0,0.0
1164,동대문구,유치원,동안유치원,37.59253942,127.0568457,0.0,0.0
1165,동대문구,유치원,그림유치원,37.576049,127.0471757,0.0,0.0
1166,동대문구,유치원,새소리유치원,37.57665796,127.06156570000002,0.0,0.0
1167,동대문구,어린이집,태양어린이집,37.57405193,127.0453445,0.0,0.0
1168,동대문구,어린이집,동대문어린이집,37.57180206,127.0512824,0.0,0.0
1169,동대문구,어린이집,메꽃어린이집,37.57171567,127.0760464,0.48,0.0
1170,동대문구,어린이집,장안어린이집,37.56411170000001,127.069485,0.63,0.29
1171,동대문구,어린이집,푸른하늘어린이집,37.56894421,127.0669403,0.63,0.29
1172,동대문구,어린이집,해오름어린이집,37.58402117,127.0341959,0.0,0.0
1173,동대문구,어린이집,휘경어린이집,37.58711503,127.05771570000002,0.0,0.0
1174,동대문구,어린이집,성은어린이집,37.59917356,127.0679845,0.06,0.0
1175,동대문구,어린이집,한일어린이집,37.59806481,127.0656487,0.0,0.0
1176,양천구,초등학교,신남초교,37.516529,126.844798,1.26,0.0
1177,양천구,초등학교,신강초교,37.525717,126.841556,0.85,0.0
1178,양천구,초등학교,목원초교,37.542936,126.882479,0.0,0.0
1179,동대문구,어린이집,조은어린이집,37.57007076,127.0598623,0.61,0.0
1180,동대문구,어린이집,꿈마루어린이집,37.58550219,127.05404140000002,0.0,0.0
1181,동대문구,어린이집,배봉어린이집,37.5811645,127.0706374,0.0,0.0
1182,동대문구,어린이집,햇살어린이집,37.57281917,127.0369829,0.0,0.0
1183,동대문구,어린이집,별밭어린이집,37.57234503,127.0685733,0.63,0.0
1184,동대문구,어린이집,이화어린이집,37.57007078,127.0727032,0.63,0.0
1185,동대문구,어린이집,중앙삐아제어린이집,37.60403447,127.0667747,1.41,0.0
1186,동대문구,어린이집,영유아프라자어린이집,37.58372345,127.0346575,0.0,0.0
1187,동대문구,어린이집,회기어린이집,37.59067813,127.05455259999998,0.0,0.0
1188,동대문구,어린이집,예다미어린이집,37.59934457,127.0577394,0.03,0.0
1189,동대문구,어린이집,사군자어린이집,37.56510957,127.0638865,0.63,0.09
1190,동대문구,어린이집,예나어린이집,37.58574501,127.0394775,0.0,0.0
1191,동대문구,어린이집,산내들어린이집,37.57387476,127.0660298,0.59,0.0
1192,동대문구,어린이집,삼성어린이집,37.57128823,127.0682469,0.63,0.0
1193,동대문구,어린이집,더불어숲어린이집,37.57567472,127.0669941,0.25,0.0
1194,동대문구,어린이집,오르다어린이집,37.57180533,127.0577463,0.13,0.0
1195,동대문구,어린이집,우아세어린이집,37.57114155,127.0577034,0.2,0.0
1196,동대문구,어린이집,세서울어린이집,37.57172101,127.067234,0.63,0.0
1197,동대문구,어린이집,구청(직장)어린이집,37.57530824,127.0391472,0.0,0.0
1198,동대문구,어린이집,청정원어린이집,37.574139,127.025153,0.28,0.0
1199,동대문구,어린이집,솔향기어린이집,37.568331,127.071985,0.63,0.1
1200,동대문구,어린이집,연세어린이집,37.57607996,127.0704404,0.14,0.0
1201,동대문구,어린이집,새하늘어린이집,37.587691,127.053698,0.0,0.0
1202,동대문구,어린이집,언덕위하얀어린이집,37.584058,127.032297,0.0,0.0
1203,동대문구,어린이집,대림늘푸른어린이집,37.571142,127.0644009968,0.63,0.0
1204,동대문구,어린이집,장안현대어린이집,37.569744,127.074611,0.63,0.0
1205,동작구,초등학교,강남초등학교,37.50615977,126.953358,2.15,0.24
1206,동작구,초등학교,남사초등학교,37.4819443,126.9782332,0.48,0.0
1207,동작구,초등학교,남성초등학교,37.48459633,126.9754872,0.33,0.0
1208,중구,어린이집,필동어린이집,37.557611,126.995473,0.0,0.0
1209,중구,어린이집,중림어린이집,37.55565837,126.9677364,0.0,0.0
1210,관악구,어린이집,노아어린이집,37.481854,126.912372,0.76,0.0
1211,중구,초등학교,청구초등학교,37.55911668,127.0137244,0.0,0.0
1212,중구,초등학교,리라초등학교,37.5578197,126.9879807,0.0,0.0
1213,중구,초등학교,덕수초등학교,37.56908852,126.9746581,0.0,0.0
1214,중구,초등학교,광희초등학교,37.56729901,127.0156883,0.16,0.0
1215,중구,초등학교,충무초등학교,37.56194835,127.0012351,0.0,0.0
1216,중구,초등학교,봉래초등학교,37.55641234,126.9652506,0.0,0.0
1217,중구,초등학교,장충초등학교,37.55997122,127.0117048,0.0,0.0
1218,중구,초등학교,남산초등학교,37.55978501,126.986781,0.0,0.0
1219,중구,초등학교,흥인초등학교,37.56087001,127.0145555,0.0,0.0
1220,중구,초등학교,신당초등학교,37.56362522,127.0236739,0.0,0.0
1221,중구,초등학교,한성화교소학교,37.56222092,126.983765,0.0,0.0
1222,중구,어린이집,회현어린이집,37.55586783,126.98087209999998,0.0,0.0
1223,중구,유치원,일신유치원,37.55670605,126.9789005,0.0,0.0
1224,중구,어린이집,신당어린이집,37.562236,127.014143,0.0,0.0
1225,중구,어린이집,성심어린이집,37.55431549,127.0082945,0.0,0.0
1226,중구,어린이집,청구어린이집,37.55721132,127.0166957,0.0,0.0
1227,중구,어린이집,신당5동어린이집,37.563011,127.020756,0.0,0.0
1228,중구,어린이집,동화나라어린이집,37.56154292,127.01929540000002,0.0,0.0
1229,중구,어린이집,서울직장어린이집,37.56393448,126.9731115,0.0,0.0
1230,중구,어린이집,황학어린이집,37.56877864,127.022328,0.14,0.0
1231,중구,어린이집,약수어린이집,37.55232648,127.0092394,0.0,0.0
1232,중구,어린이집,약수교회어린이집,37.55256170000001,127.0109232,0.0,0.0
1233,중구,어린이집,한솔어린이집,37.54716803,127.0056761,0.0,0.0
1234,중구,어린이집,남산숲어린이집,37.546567,127.008951,0.0,0.0
1235,중구,유치원,가명유치원,37.55879188,126.9671388,0.0,0.0
1236,중구,유치원,근화유치원,37.55901191,127.0089631,0.0,0.0
1237,중구,유치원,수암유치원,37.54716803,127.0056761,0.0,0.0
1238,중구,유치원,신일유치원,37.55539072,127.011863,0.0,0.0
1239,중구,유치원,약수유치원,37.55530847,127.0163105,0.0,0.0
1240,중구,유치원,한일유치원,37.56280774,127.020337,0.0,0.0
1241,중구,어린이집,단우물어린이집,37.567262,127.0182193,0.13,0.0
1242,용산구,유치원,대건유치원,37.52071271,126.9778555,0.6,0.05
1243,용산구,유치원,원유치원,37.5196486041,126.9768167716,0.6,0.11
1244,용산구,어린이집,이촌어린이집,37.52695898,126.9545216,0.0,0.0
1245,용산구,어린이집,보광어린이집,37.52880939,127.0009367,0.0,0.0
1246,용산구,어린이집,충신교회어린이집,37.52052298,126.9677697,0.6,0.01
1247,용산구,어린이집,동빙고어린이집,37.52360144,126.9940089,0.0,0.0
1248,용산구,어린이집,이태원삼성어린이집,37.53534696,126.9953973,0.0,0.0
1249,용산구,어린이집,한남어린이집,37.53456498,127.0004933,0.0,0.0
1250,용산구,어린이집,구립맑은숲 어린이집,37.54503816,127.0032951,0.0,0.0
1251,용산구,특수학교,용산국제학교,37.54102695,127.00113600000002,0.0,0.0
1252,용산구,특수학교,독일인학교,37.53781156,127.012161,0.0,0.0
1253,용산구,초등학교,용암초교,37.54530443,126.9894356,0.0,0.0
1254,용산구,초등학교,원효초교,37.53616243,126.95154709999998,0.0,0.0
1255,용산구,초등학교,신용산초교,37.52062932,126.9753668,0.6,0.4
1256,용산구,초등학교,서빙고초교(병설유치원),37.52206964,126.99230040129999,0.0,0.0
1257,용산구,초등학교,보광초교,37.53253948,126.9963931,0.0,0.0
1258,용산구,초등학교,한남초교(병설유치원),37.5392032,127.0055986,0.0,0.0
1259,용산구,초등학교,남정초교(병설유치원),37.53567338,126.9648033,0.0,0.0
1260,용산구,초등학교,이태원초교,37.53647807,126.9876718,0.0,0.0
1261,용산구,초등학교,청파초교(병설유치원),37.5473031,126.963544,0.0,0.0
1262,용산구,초등학교,후암초교,37.55136541,126.9817258,0.0,0.0
1263,용산구,초등학교,금양초교,37.5409415,126.9618318,0.0,0.0
1264,용산구,초등학교,삼광초교,37.5477533,126.9765936,0.0,0.0
1265,용산구,초등학교,신광초교,37.53859775,126.9703507,0.0,0.0
1266,용산구,초등학교,용산초교,37.5356134429,126.9725506245,0.0,0.0
1267,용산구,초등학교,한강초교,37.525226173,126.9650994294,0.59,0.0
1268,용산구,유치원,충신유치원,37.5204903168,126.97298059379999,0.6,0.6
1269,용산구,유치원,일민유치원,37.5344326622,126.9501826258,0.0,0.0
1270,용산구,유치원,도원유치원,37.53877767,126.95786332670001,0.0,0.0
1271,용산구,유치원,복자유치원,37.55200632,126.9781812,0.0,0.0
1272,용산구,유치원,강변유치원,37.51833758,126.9774173,0.6,0.0
1273,용산구,유치원,한가람유치원,37.51952037,126.98126299999998,0.6,0.0
1274,용산구,유치원,계성유치원,37.5358604644,126.95278149299999,0.0,0.0
1275,양천구,초등학교,강신초교,37.542099708,126.82958700000002,0.3,0.0
1276,양천구,초등학교,신원초교,37.529559000000006,126.829864,0.0,0.0
1277,양천구,초등학교,양강초교,37.524234,126.847852,0.51,0.0
1278,양천구,초등학교,양원초교,37.538217,126.823106,0.0,0.0
1279,양천구,초등학교,갈산초교,37.512372,126.870229,0.45,0.03
1280,양천구,초등학교,강월초교,37.516341,126.833433,1.16,0.1
1281,양천구,초등학교,경인초교,37.532893,126.885698,0.58,0.0
1282,양천구,초등학교,계남초교,37.510169,126.860017,0.0,0.0
1283,양천구,초등학교,목동초교,37.52280800000001,126.8721195225,0.46,0.0
1284,양천구,초등학교,서정초교,37.523451,126.86723700000002,0.32,0.0
1285,양천구,초등학교,신목초교,37.516610977,126.872685,0.61,0.43
1286,양천구,초등학교,신서초교,37.52059600000001,126.862332,0.21,0.0
1287,양천구,초등학교,양명초교,37.516375,126.856634,0.0,0.0
1288,양천구,초등학교,양목초교,37.523917,126.861471,0.01,0.0
1289,양천구,초등학교,양화초교,37.5436692981,126.87398600000002,0.0,0.0
1290,양천구,초등학교,영도초교,37.535952,126.871944,0.0,0.0
1291,양천구,초등학교,월촌초교,37.540695,126.876258,0.0,0.0
1292,양천구,초등학교,정목초교,37.536528845700005,126.870051,0.0,0.0
1293,양천구,초등학교,남명초교,37.515684,126.854084,0.11,0.0
1294,양천구,초등학교,양동초교,37.525847,126.8512401949,1.35,0.0
1295,양천구,초등학교,강서초교,37.522413,126.840913,0.74,0.0
1296,동작구,초등학교,신상도초등학교,37.50034631,126.9446175,0.15,0.0
1297,서초구,초등학교,신동,37.517128,127.011389,0.0,0.0
1298,서초구,어린이집,산성몬테소리,37.505248531999996,127.0110376411,0.06,0.0
1299,금천구,초등학교,탑동초등학교,37.45251781,126.9153675,0.63,0.0
1300,금천구,어린이집,한울 아트스쿨,37.47459671,126.9045858,0.0,0.0
1301,금천구,어린이집,해솔예술어린이집,37.46300863,126.9007427,0.0,0.0
1302,금천구,어린이집,독산본동어린이집,37.47741906,126.9025099,0.0,0.0
1303,금천구,유치원,독산유치원,37.46434175,126.900288,0.0,0.0
1304,금천구,초등학교,독산초등학교,37.46565673,126.8997128,0.0,0.0
1305,금천구,초등학교,동광초등학교,37.45193626,126.9158199,0.63,0.0
1306,금천구,유치원,동산 유치원,37.47631586,126.8995644,0.0,0.0
1307,금천구,초등학교,두산초등학교,37.46651028,126.8911418,0.0,0.0
1308,금천구,어린이집,모아래 어린이집,37.47700276,126.891023,0.0,0.0
1309,금천구,초등학교,문교초등학교,37.46672027,126.9088159,0.0,0.0
1310,금천구,초등학교,문백초등학교,37.447009,126.8986979,0.58,0.11
1311,금천구,초등학교,문성초등학교,37.47491168,126.899464,0.0,0.0
1312,금천구,초등학교,백산초등학교,37.44678681,126.9051444,0.91,0.01
1313,금천구,어린이집,본동 어린이집,37.44928529,126.9052384,0.91,0.17
1314,금천구,어린이집,새길어린이집,37.440234,126.907423,0.02,0.0
1315,금천구,어린이집,새라 어린이집,37.46010481,126.9030156,0.18,0.0
1316,금천구,어린이집,새롬어린이집,37.46492837,126.906212,0.0,0.0
1317,금천구,어린이집,샛별 어린이집,37.47257779,126.8926703,0.0,0.0
1318,금천구,유치원,시내유치원,37.47615506,126.8912876,0.0,0.0
1319,금천구,어린이집,시흥4동어린이집,37.45898015,126.906171,0.59,0.0
1320,금천구,어린이집,시흥5동 어린이집,37.449855,126.907253,0.91,0.44
1321,금천구,초등학교,시흥초등학교,37.45533882,126.9046408,0.89,0.0
1322,금천구,초등학교,신흥초등학교,37.4593748,126.9080883,0.53,0.0
1323,금천구,초등학교,안천초등학교,37.45874483,126.888356,0.0,0.0
1324,금천구,어린이집,애경어린이집,37.47712526,126.9092077,1.25,0.0
1325,금천구,어린이집,양문 어린이집,37.44909769,126.9007985,0.91,0.24
1326,금천구,초등학교,영남초등학교,37.47612758,126.907946,0.89,0.0
1327,금천구,어린이집,옥계어린이집,37.460122,126.9003034,0.03,0.0
1328,금천구,어린이집,자연유아 어린이집,37.446718,126.908245,0.88,0.0
1329,금천구,어린이집,정심 어린이집,37.467721,126.90726200000002,0.0,0.0
1330,금천구,초등학교,정심초등학교,37.47199234,126.9082146,0.91,0.0
1331,금천구,유치원,조형유치원,37.44904641,126.9036608,0.91,0.1
1332,서초구,어린이집,양재복지관,37.4845270215,127.0361644799,2.21,0.49
1333,서초구,어린이집,양지2어린이집(진행중),37.463467938499996,127.0704274311,0.0,0.0
1334,서초구,어린이집,sot어학원(진행중),37.4999272015,127.0109381306,0.21,0.0
1335,금천구,어린이집,가산 어린이집,37.48275774,126.8842639,1.44,0.0
1336,금천구,초등학교,가산초등학교,37.47816515,126.8963297,0.0,0.0
1337,금천구,어린이집,개미 어린이집,37.47304288,126.905858,0.14,0.0
1338,금천구,초등학교,금나래초등학교,37.458229,126.896205,0.11,0.0
1339,금천구,초등학교,금동초등학교,37.44773957,126.9163991,0.63,0.0
1340,금천구,초등학교,금산초등학교,37.44144269,126.9080871,0.15,0.0
1341,금천구,어린이집,금주어린이집,37.45647886,126.9016607,0.86,0.0
1342,금천구,초등학교,금천초등학교,37.45481034,126.9128749,0.63,0.0
1343,금천구,어린이집,기쁨 어린이집,37.46413648,126.8934789,0.0,0.0
1344,금천구,어린이집,꿈나래 어린이집,37.45454162,126.8971618,0.46,0.0
1345,서초구,초등학교,서울교대부설,37.4907404857,127.0154245376,0.04,0.0
1346,서초구,어린이집,서초연꽃,37.491767,127.018079,0.26,0.0
1347,서초구,어린이집,서초구립 서울교육대학교사향어린이집,37.491767,127.018079,0.26,0.0
1348,서초구,어린이집,서초남서울어린이집,37.506831,127.000883,0.0,0.0
1349,서초구,어린이집,남태령어린이집,37.465897,126.98878536389999,0.0,0.0
1350,서초구,특수학교,다니엘학교,37.460163,127.092318,0.0,0.0
1351,서초구,유치원,서울청계숲,37.447737,127.057744,0.0,0.0
1352,서초구,어린이집,청계산반디빅스맘,37.4475049171,127.0571636741,0.0,0.0
1353,서초구,특수학교,서울프랑스학교,37.4958298207,126.9978407868,0.0,0.0
1354,서초구,초등학교,서이,37.491566,127.025619,0.35,0.0
1355,서초구,초등학교,언남,37.4541133292,127.0614365825,0.0,0.0
1356,서초구,유치원,언남초교병설,37.4541133292,127.0614365825,0.0,0.0
1357,서초구,초등학교,우면,37.464709,127.023746,0.63,0.17
1358,서초구,유치원,우면초교병설,37.464709,127.023746,0.63,0.17
1359,서초구,초등학교,우암,37.472296,127.023722,0.12,0.0
1360,서초구,유치원,우암초교병설,37.472296,127.023722,0.12,0.0
1361,서초구,초등학교,이수,37.4783713305,126.984416,0.34,0.0
1362,서초구,유치원,구룡,37.471103,127.049171,0.63,0.04
1363,서초구,초등학교,방현,37.476504,126.990074,0.0,0.0
1364,서초구,어린이집,서초중앙,37.476768,126.989054,0.02,0.0
1365,서초구,초등학교,서일,37.48529600000001,127.022161,0.0,0.0
1366,서초구,초등학교,신중,37.4801578791,127.00934325450001,0.0,0.0
1367,서초구,초등학교,양재,37.474164,127.031894,0.09,0.0
1368,서초구,유치원,천사,37.4750404702,127.03179904059999,0.03,0.0
1369,서초구,초등학교,방일,37.485204,126.998851,0.05,0.0
1370,서초구,초등학교,잠원,37.501859,126.998053,0.0,0.0
1371,서초구,유치원,석문,37.4928856919,127.0217400956,0.51,0.0
1372,서초구,유치원,새성민,37.480657,126.996119,0.07,0.0
1373,서초구,어린이집,서초,37.4746784883,127.000248,0.0,0.0
1374,서초구,어린이집,반포1동,37.5100004933,127.018467,0.07,0.0
1375,서초구,어린이집,장미,37.484157,127.028411,1.09,0.0
1376,영등포구,어린이집,양평3가어린이집,37.526829,126.8874355,1.49,0.55
1377,영등포구,어린이집,꿈나무어린이집,37.49902264,126.913041,1.11,0.0
1378,서초구,어린이집,방배,37.485092,126.993052,0.6,0.0
1379,서초구,어린이집,서초구립예아,37.482379,126.984571,0.6,0.0
1380,서초구,어린이집,서초구립방배열린,37.489006,126.992243,0.6,0.0
1381,서초구,어린이집,현대양재,37.462332,127.052131,0.0,0.0
1382,서초구,어린이집,반포복지관,37.507877,127.021231,0.4,0.0
1383,서초구,어린이집,누리아미,37.50271400000001,127.022212,0.57,0.21
1384,서초구,특수학교,나래학교,37.464024978000005,127.05149848069999,0.2,0.0
1385,서초구,어린이집,삼성알앤디캠퍼스어린이집(진행중),37.466520547600005,127.0231267969,0.63,0.0
1386,서초구,어린이집,반포종합사회복지관 사랑의,37.5099520523,127.01099365729999,0.0,0.0
1387,서초구,유치원,한신,37.509045,127.004773,0.0,0.0
1388,광진구,초등학교,신자초등학교,37.530315,127.073328,0.0,0.0
1389,광진구,초등학교,자양초등학교,37.536965,127.07973959290001,0.0,0.0
1390,광진구,초등학교,장안초등학교,37.5498764502,127.0724024679,0.0,0.0
1391,광진구,초등학교,양남초등학교,37.531123236,127.089234331,0.0,0.0
1392,광진구,초등학교,용마초등학교,37.5578273465,127.08352741700001,0.0,0.0
1393,광진구,초등학교,성동초등학교,37.5332813682,127.08928102670001,0.0,0.0
1394,광진구,초등학교,경복초등학교,37.5498138606,127.08679335020001,0.0,0.0
1395,광진구,초등학교,광남초등학교,37.540788085500004,127.1006652891,0.0,0.0
1396,광진구,초등학교,구남초등학교,37.537156,127.090076,0.0,0.0
1397,광진구,초등학교,성자초등학교,37.5314935711,127.08340832350001,0.0,0.0
1398,광진구,초등학교,세종초등학교,37.5530110986,127.0728646295,0.0,0.0
1399,광진구,초등학교,신양초등학교,37.5346820949,127.0699952764,0.0,0.0
1400,광진구,초등학교,용곡초등학교,37.5671086161,127.0884529841,0.0,0.0
1401,광진구,초등학교,중광초등학교,37.5652421437,127.0826930095,0.0,0.0
1402,서초구,초등학교,방배,37.486764,126.987137,0.6,0.6
1403,서초구,유치원,방배초교병설,37.486764,126.987137,0.6,0.6
1404,서초구,유치원,새순,37.489064,126.98857848280001,0.6,0.23
1405,서초구,어린이집,아람마주이야기,37.490799108800005,126.98651922229999,0.6,0.06
1406,서초구,어린이집,아가야,37.4880817314,126.98707353559999,0.6,0.54
1407,서초구,초등학교,반포,37.502987,126.99103600000001,0.0,0.0
1408,서초구,유치원,반포초교병설,37.503333000000005,126.99097900000001,0.0,0.0
1409,서초구,초등학교,원촌,37.5063251046,127.0146997242,0.26,0.0
1410,서초구,어린이집,서초구립 반포1동주민센터,37.505094038,127.0133786194,0.26,0.0
1411,서초구,어린이집,양재별하,37.471941,127.049397,0.63,0.02
1412,서초구,어린이집,니꼴라오,37.472065,127.048168,0.63,0.15
1413,서초구,어린이집,양재목련,37.473446,127.046495,0.63,0.26
1414,서초구,어린이집,방배4동,37.487828,126.991262,0.6,0.02
1415,서초구,어린이집,서초1동하은,37.493179,127.018267,0.44,0.0
1416,서초구,어린이집,도구머리,37.478623,126.987193,0.41,0.0
1417,서초구,어린이집,내곡연두,37.454949,127.064924,0.0,0.0
1418,서초구,어린이집,잠원꿈밭,37.513722,127.016578,0.0,0.0
1419,서초구,어린이집,방배본동 행복한,37.495021,126.985489,0.48,0.0
1420,서초구,초등학교,원명,37.500776,127.016706,0.57,0.02
1421,서초구,유치원,원명초교병설,37.500776,127.016706,0.57,0.02
1422,서초구,초등학교,서래,37.496405,126.990157,0.1,0.0
1423,서초구,유치원,서래초교병설,37.496405,126.990157,0.1,0.0
1424,종로구,유치원,한아름유치원,37.590282,127.0011512,0.4,0.22
1425,종로구,유치원,혜화유치원,37.586802,127.003115,0.4,0.03
1426,종로구,초등학교,혜화초등학교,37.5886355989,127.0002536208,0.4,0.25
1427,종로구,초등학교,효제초등학교,37.5726879575,127.0034910708,0.07,0.0
1428,종로구,유치원,봄샘유치원,37.5734554747,127.00655657899999,0.3,0.0
1429,종로구,어린이집,부암어린이집,37.6015004,126.96310990000002,0.0,0.0
1430,종로구,어린이집,상록수 어린이집,37.5727172,126.96460476370001,0.0,0.0
1431,종로구,초등학교,상명대부속초등학교,37.6004414644,126.956708,0.0,0.0
1432,종로구,어린이집,생명숲어린이집,37.606437,126.968167,0.0,0.0
1433,종로구,특수학교,"서울맹,농학교",37.584771343,126.9677601174,0.0,0.0
1434,종로구,초등학교,서울사대부설초등학교,37.5776001536,127.0042973331,0.19,0.0
1435,종로구,어린이집,서울청사한빛어린이집,37.5799037141,126.97311027389999,0.0,0.0
1436,종로구,어린이집,선재어린이집,37.573435,126.982239,0.0,0.0
1437,종로구,유치원,세검정유치원,37.6002731197,126.9596544175,0.0,0.0
1438,종로구,초등학교,세검정초등학교,37.6034702766,126.9609708751,0.0,0.0
1439,종로구,유치원,세종유치원,37.575477,126.9700191676,0.0,0.0
1440,종로구,특수학교,수도사랑의학교,37.574721,126.965217,0.0,0.0
1441,종로구,어린이집,아동회관어린이집,37.5789472325,127.0144680997,0.4,0.17
1442,종로구,어린이집,엔젤키즈어린이집,37.5985179,126.960504,0.0,0.0
1443,종로구,유치원,연동유치원,37.573985434099995,127.0013212,0.0,0.0
1444,종로구,유치원,옥인유치원,37.582220407,126.970311,0.0,0.0
1445,종로구,어린이집,은행나무어린이집,37.5787566005,127.010937,0.4,0.05
1446,종로구,초등학교,재동초등학교,37.5800283814,126.9851784741,0.0,0.0
1447,종로구,초등학교,창신초등학교,37.576211835,127.0142954992,0.4,0.3
1448,종로구,어린이집,창신제일어린이집,37.5785149,127.0085733,0.4,0.0
1449,종로구,유치원,청룡유치원,37.579411857,127.016652,0.4,0.14
1450,종로구,어린이집,청운어린이집,37.588398100000006,126.9660043,0.0,0.0
1451,종로구,초등학교,청운초등학교,37.5859741,126.9692360034,0.0,0.0
1452,종로구,유치원,하나유치원,37.61430900000001,126.9775015168,0.0,0.0
1453,종로구,특수학교,하비에르국제학교,37.6113468712,126.9562416352,0.0,0.0
1454,종로구,어린이집,한빛어린이집,37.574807,127.019976,0.4,0.07
1455,종로구,초등학교,"교동, 운현초등학교",37.5750623613,126.9874208785,0.0,0.0
1456,종로구,어린이집,누상어린이집,37.580716,126.967169,0.0,0.0
1457,종로구,어린이집,도담도담어린이집,37.577024,127.0218623558,0.4,0.01
1458,종로구,초등학교,독립문초등학교,37.574216518200004,126.95997185959999,0.0,0.0
1459,종로구,어린이집,동숭어린이집,37.579194,127.0070179,0.35,0.0
1460,종로구,초등학교,매동초등학교,37.5774982962,126.9669436368,0.0,0.0
1461,종로구,어린이집,명륜어린이집,37.5913091,126.994933,0.4,0.1
1462,종로구,초등학교,명신초등학교,37.5814519764,127.01462255370001,0.4,0.01
1463,종로구,어린이집,무궁화어린이집,37.5847697,126.97110229479999,0.0,0.0
1464,광진구,초등학교,동자초등학교,37.5350582094,127.07217916530001,0.0,0.0
1465,노원구,초등학교,상계초교,37.65962546,127.0664937,0.0,0.0
1466,노원구,초등학교,노원초교,37.67359491,127.05845359999998,0.63,0.0
1467,노원구,초등학교,상월초교,37.65865377,127.056986,0.0,0.0
1468,노원구,초등학교,노일초교,37.6726010269,127.0535507725,0.58,0.0
1469,노원구,초등학교,태릉초교,37.62310204,127.0850611,0.0,0.0
1470,노원구,초등학교,선곡초교,37.61869289,127.0578035,1.06,0.0
1471,노원구,초등학교,중계초교,37.65784108,127.07331170239999,0.89,0.0
1472,노원구,초등학교,신계초교,37.62979181,127.0527686,0.48,0.0
1473,노원구,특수학교,정민학교,37.633839,127.0731686,0.32,0.0
1474,노원구,특수학교,동천학교,37.64451398,127.0729253,1.85,0.0
1475,노원구,어린이집,품속어린이집,37.673154,127.05706399999998,0.63,0.0
1476,노원구,어린이집,상계4동어린이집,37.671925,127.083211,0.0,0.0
1477,노원구,어린이집,공릉2동어린이집,37.624563,127.082366,0.0,0.0
1478,노원구,어린이집,예뜨랑어린이집,37.62203611,127.073031,0.0,0.0
1479,노원구,어린이집,월계1동어린이집,37.62090696,127.062417,0.03,0.0
1480,노원구,어린이집,하계어린이집,37.636955,127.076531,0.1,0.0
1481,노원구,어린이집,성서대부설어린이집,37.650156,127.06516200000002,1.08,0.0
1482,노원구,어린이집,상계삼성어린이집,37.661259,127.06590590000002,0.0,0.0
1483,노원구,어린이집,북부어린이집,37.67970639,127.052415,0.63,0.3
1484,노원구,어린이집,노원어린이집,37.67622100000001,127.051145,0.63,0.0
1485,노원구,어린이집,중계어린이집,37.650017,127.08071499999998,0.89,0.08
1486,노원구,어린이집,중계행복어린이집,37.646026,127.0829414,0.82,0.0
1487,노원구,어린이집,청솔창의어린이집,37.634028,127.0709619,0.64,0.0
1488,노원구,유치원,온누리유치원,37.66691522,127.0543182,0.0,0.0
1489,노원구,유치원,풍천유치원,37.661121,127.060982,0.0,0.0
1490,노원구,유치원,키즈위즈유치원,37.661059,127.0785356,0.19,0.0
1491,노원구,유치원,우리유치원,37.652811,127.0777004,0.89,0.64
1492,노원구,유치원,무지개유치원,37.664554,127.07871609999998,0.0,0.0
1493,노원구,유치원,원암유치원,37.64981435,127.085113,0.88,0.0
1494,서초구,초등학교,우솔,37.4570942208,127.0192756194,0.45,0.0
1495,서초구,유치원,우솔초교병설,37.4570942208,127.0192756194,0.45,0.0
1496,서초구,유치원,서초,37.456085,127.016217,0.0,0.0
1497,서초구,초등학교,서원,37.502438,127.014621,0.53,0.0
1498,송파구,어린이집,금륜어린이집,37.4994528,127.148035,0.63,0.0
1499,송파구,어린이집,뉴한가람어린이집,37.4996279,127.1463491,0.63,0.0
1500,송파구,어린이집,마천어린이집,37.4958073571,127.1516672742,0.63,0.0
1501,송파구,어린이집,버들어린이집,37.4813000826,127.131429,0.0,0.0
1502,송파구,어린이집,사랑어린이집,37.5315061362,127.1193467,0.6,0.0
1503,송파구,어린이집,산성어린이집,37.49700767,127.148677,0.63,0.04
1504,송파구,어린이집,석촌호수어린이집,37.506100147199994,127.1014705,0.0,0.0
1505,송파구,어린이집,송파제일어린이집,37.503654117800004,127.1122247,0.63,0.18
1506,송파구,어린이집,아산병원어린이집,37.529600861999995,127.11068152700001,0.0,0.0
1507,송파구,어린이집,열매어린이집,37.5274169166,127.1180408616,0.56,0.0
1508,송파구,어린이집,예랑어린이집,37.5044991364,127.102431,0.09,0.0
1509,송파구,어린이집,오금어린이집,37.502546,127.140539,0.35,0.0
1510,송파구,어린이집,잠실어린이집,37.52171705,127.1048011,0.0,0.0
1511,송파구,어린이집,주주어린이집,37.5058262,127.0864116891,0.6,0.0
1512,송파구,어린이집,천마어린이집,37.492714,127.156427,0.21,0.0
1513,송파구,어린이집,천사어린이집,37.4993137404,127.1490959483,0.63,0.0
1514,송파구,어린이집,풍납어린이집,37.5288075,127.116554,0.5,0.0
1515,송파구,어린이집,풍성어린이집,37.535373,127.12042350000002,0.6,0.0
1516,송파구,어린이집,행복한어린이집,37.5059305972,127.109705,0.63,0.0
1517,송파구,특수학교,한국육영학교,37.4820482,127.1325048307,0.0,0.0
1518,송파구,초등학교,위례별초등학교,37.47908578,127.1450399,0.0,0.0
1519,송파구,초등학교,해누리초등학교,37.4984122244,127.1021222752,0.11,0.0
1520,송파구,유치원,가락병설유치원,37.5000219623,127.10761399999998,0.63,0.0
1521,송파구,유치원,거여병설유치원,37.505169417,127.1409872048,0.0,0.0
1522,송파구,유치원,기린유치원,37.507711,127.107597,0.4,0.0
1523,송파구,유치원,꿈밭유치원,37.507822,127.07421200000002,0.16,0.0
1524,송파구,유치원,동삼유치원,37.4969515,127.14906770000002,0.63,0.01
1525,송파구,유치원,동화나라유치원,37.5288178583,127.115429,0.33,0.0
1526,송파구,유치원,별나라유치원,37.481381,127.1257877,0.0,0.0
1527,송파구,유치원,불광유치원,37.5069141126,127.10210890000002,0.0,0.0
1528,송파구,유치원,생명나무유치원,37.4780013673,127.1291601962,0.0,0.0
1529,송파구,유치원,석촌유치원,37.502878,127.106653,0.63,0.0
1530,송파구,유치원,세륜병설유치원,37.518559072399995,127.1341356,0.0,0.0
1531,송파구,유치원,송전병설유치원,37.5088300798,127.09512861040001,0.47,0.0
1532,송파구,유치원,수정유치원,37.5159732783,127.11531263129999,0.82,0.0
1533,송파구,유치원,시연유치원,37.504849238,127.1173577,1.35,0.0
1534,송파구,유치원,신천병설유치원,37.514012719,127.095049224,0.49,0.0
1535,송파구,유치원,아이코리아새세대유치원,37.482756856900004,127.13404368200001,0.0,0.0
1536,송파구,유치원,아주유치원,37.50582752,127.0757669,0.17,0.0
1537,송파구,유치원,예은유치원,37.504712,127.120402,1.41,0.0
1538,송파구,유치원,위례 솔가람유치원,37.47801670000001,127.1409678,0.0,0.0
1539,송파구,유치원,은선유치원,37.4921682746,127.126346,0.0,0.0
1540,송파구,유치원,잠신병설유치원,37.5141325,127.0879195,0.6,0.15
1541,송파구,유치원,잠일병설유치원,37.51473995,127.0816351,0.6,0.0
1542,송파구,유치원,제일무궁화유치원,37.4947364657,127.1309801,0.0,0.0
1543,송파구,유치원,햇빛유치원,37.520487,127.114124,0.18,0.0
1544,송파구,유치원,혜림유치원,37.4943352586,127.135206,0.59,0.0
1545,송파구,어린이집,가락본동어린이집,37.5010035386,127.1246281,0.47,0.0
1546,송파구,어린이집,가원어린이집,37.4955385,127.1436758,0.63,0.55
1547,송파구,어린이집,거여어린이집,37.49453270000001,127.142155,0.63,0.41
1548,송파구,초등학교,마천초등학교,37.4955069831,127.15263013170001,0.63,0.0
1549,송파구,초등학교,문덕초등학교,37.4851785527,127.1277298134,0.0,0.0
1550,송파구,초등학교,문정초등학교,37.4890731161,127.12901190870001,0.0,0.0
1551,송파구,초등학교,문현초등학교,37.482753,127.130244,0.0,0.0
1552,송파구,초등학교,방산초등학교,37.5093713415,127.12187606139999,0.86,0.27
1553,송파구,초등학교,방이초등학교,37.5134308765,127.1204981982,0.82,0.76
1554,송파구,초등학교,버들초등학교,37.5102332151,127.0890283,0.6,0.18
1555,송파구,초등학교,삼전초등학교,37.5016992068,127.09326937530001,0.0,0.0
1556,송파구,초등학교,석촌초등학교,37.5026298225,127.10521321110001,0.62,0.0
1557,송파구,초등학교,세륜초등학교,37.518559072399995,127.1341356,0.0,0.0
1558,송파구,초등학교,송례초등학교,37.4778899463,127.1384396584,0.0,0.0
1559,송파구,초등학교,송전초등학교,37.5088300798,127.09512861040001,0.47,0.0
1560,송파구,초등학교,송파초등학교,37.5318846619,127.1156312815,0.47,0.0
1561,송파구,초등학교,신가초등학교,37.5003769,127.1198579,0.63,0.0
1562,송파구,초등학교,신천초등학교,37.514012719,127.095049224,0.49,0.0
1563,송파구,초등학교,아주초등학교,37.50582752,127.0757669,0.17,0.0
1564,송파구,초등학교,영풍초등학교,37.4962643,127.14301493110001,0.63,0.35
1565,송파구,초등학교,오금초등학교,37.508866342,127.1323304746,0.16,0.0
1566,송파구,초등학교,오륜초등학교,37.5124246492,127.1345084357,0.0,0.0
1567,송파구,초등학교,잠동초등학교,37.5183371085,127.0999323245,0.0,0.0
1568,송파구,초등학교,잠실초등학교,37.5201866,127.1113101,0.0,0.0
1569,송파구,초등학교,잠일초등학교,37.51473995,127.0816351,0.6,0.0
1570,송파구,초등학교,잠전초등학교,37.5073393539,127.0838483213,0.6,0.01
1571,송파구,초등학교,잠현초등학교,37.52258569,127.104713,0.0,0.0
1572,송파구,초등학교,중대초등학교,37.4998109131,127.1136050041,0.63,0.58
1573,송파구,초등학교,토성초등학교,37.5318846619,127.1156312815,0.47,0.0
1574,송파구,초등학교,평화초등학교,37.4915664906,127.1228091,0.0,0.0
1575,송파구,초등학교,풍납초등학교,37.5344059116,127.117205578,0.59,0.0
1576,송파구,초등학교,풍성초등학교,37.5265519152,127.11441935040001,0.02,0.0
1577,노원구,초등학교,상원초교,37.66767304,127.0597184,0.0,0.0
1578,노원구,초등학교,상경초교,37.67055277,127.0516731,0.09,0.0
1579,노원구,초등학교,동일초교,37.6648142,127.0541716,0.0,0.0
1580,노원구,초등학교,상수초교,37.65110673,127.064735,0.85,0.0
1581,노원구,초등학교,용동초교,37.64108534,127.0690832,1.23,0.02
1582,노원구,초등학교,녹천초교,37.62850733,127.063113,0.0,0.0
1583,노원구,초등학교,한천초교,37.62070855,127.0692456,0.0,0.0
1584,노원구,초등학교,월계초교,37.627663,127.0501888,1.02,0.0
1585,노원구,초등학교,중현초교,37.63251336,127.065953,0.66,0.0
1586,노원구,초등학교,연촌초교,37.634416,127.0725121,0.49,0.0
1587,노원구,초등학교,신상계초교,37.6675178246,127.0758263316,0.0,0.0
1588,노원구,초등학교,을지초교,37.65059011,127.0730898,0.9,0.43
1589,노원구,초등학교,불암초교,37.65078343,127.080671,0.89,0.13
1590,노원구,초등학교,공연초교,37.62754924,127.0745082,0.0,0.0
1591,서대문구,초등학교,이대부속초등학교,37.5611486,126.9427752,0.0,0.0
1592,서대문구,초등학교,인왕초등학교,37.59021925,126.94480459999998,0.0,0.0
1593,서대문구,초등학교,홍제초등학교,37.59350636,126.9454227,0.0,0.0
1594,서대문구,초등학교,금화초등학교,37.568806,126.9629404,0.0,0.0
1595,서대문구,초등학교,창서초등학교,37.55814161,126.9334788,0.0,0.0
1596,영등포구,어린이집,KDB어린이집,37.52712141,126.920824,0.0,0.0
1597,서대문구,초등학교,고은초등학교,37.585093,126.9439752,0.0,0.0
1598,서대문구,초등학교,명지초등학교,37.58362949,126.9282301,1.37,0.23
1599,서대문구,초등학교,북가좌초등학교,37.57722183,126.9077776,1.23,0.5
1600,서대문구,초등학교,연가초등학교,37.57956428,126.9173296,2.31,0.0
1601,서초구,어린이집,서초1삼성,37.4966333557,127.0269144605,0.57,0.03
1602,서초구,어린이집,서초2삼성,37.4967437284,127.0257035891,0.57,0.09
1603,서초구,초등학교,계성,37.504915,126.996824,0.0,0.0
1604,서초구,특수학교,덜위치칼리지서울영국학교,37.5042903762,126.99534078020001,0.0,0.0
1605,서초구,유치원,영생,37.505005,126.995664,0.0,0.0
1606,마포구,어린이집,서강어린이집,37.552022559899996,126.92820400000001,0.0,0.0
1607,마포구,어린이집,신석어린이집,37.542451501799995,126.9365298233,0.0,0.0
1608,마포구,어린이집,아이빛어린이집,37.5490284045,126.9294899956,0.0,0.0
1609,마포구,어린이집,동교어린이집,37.5562356,126.9301259952,0.0,0.0
1610,마포구,어린이집,노고산어린이집,37.5546015961,126.93843580000001,0.0,0.0
1611,마포구,유치원,나사렛유치원,37.574335999999995,126.89038219999999,0.0,0.0
1612,마포구,유치원,대진유치원,37.5621879,126.9164207346,0.0,0.0
1613,마포구,유치원,마포대진유치원,37.561824,126.9193140923,0.0,0.0
1614,마포구,유치원,월드유치원,37.5804055547,126.8811065,0.0,0.0
1615,마포구,유치원,성결유치원,37.5463550588,126.93733221020001,0.0,0.0
1616,마포구,어린이집,샘물어린이집,37.5580769107,126.898307914,0.0,0.0
1617,마포구,어린이집,성산어린이집,37.5685261285,126.90866409999998,0.18,0.0
1618,마포구,어린이집,진선미어린이집,37.537997828499996,126.9454857864,0.0,0.0
1619,마포구,어린이집,창전어린이집,37.5485756,126.932464,0.0,0.0
1620,마포구,어린이집,연화어린이집,37.538243,126.9505002656,0.0,0.0
1621,마포구,유치원,상지초교병설유치원,37.579750568200005,126.8820758168,0.0,0.0
1622,마포구,초등학교,하늘초교,37.5858076256,126.88086160959999,0.0,0.0
1623,마포구,초등학교,일본인학교,37.583609133,126.8844155644,0.0,0.0
1624,마포구,유치원,서일유치원,37.567456,126.9080453,0.01,0.0
1625,마포구,유치원,꿈터유치원,37.565336,126.909024,0.0,0.0
1626,마포구,유치원,새현대유치원,37.540387143400004,126.9535992065,0.0,0.0
1627,마포구,유치원,홍대병설유치원,37.5635098256,126.9191674115,0.0,0.0
1628,마포구,유치원,정님유치원,37.550162,126.947796,0.0,0.0
1629,마포구,유치원,배영유치원,37.552647698,126.9195956066,0.0,0.0
1630,마포구,유치원,서울유치원,37.5696987915,126.90141629370001,0.01,0.0
1631,광진구,초등학교,광장초등학교,37.5485492186,127.10179988559999,0.0,0.0
1632,광진구,초등학교,구의초등학교,37.5430074366,127.0803117758,0.0,0.0
1633,광진구,초등학교,동의초등학교,37.5534224448,127.09904731,0.0,0.0
1634,마포구,유치원,상암초교병설유치원,37.5763366011,126.89234209370001,0.0,0.0
1635,마포구,초등학교,상지초교,37.579750568200005,126.8820758168,0.0,0.0
1636,송파구,초등학교,가동초등학교,37.4974117311,127.1300168827,0.0,0.0
1637,송파구,초등학교,가락초등학교,37.5000219623,127.1076957,0.63,0.0
1638,송파구,초등학교,가원초등학교,37.4894409751,127.1110221,0.0,0.0
1639,송파구,초등학교,가주초등학교,37.4965216,127.1292781057,0.0,0.0
1640,송파구,초등학교,개롱초등학교,37.497352,127.1398426,0.63,0.0
1641,송파구,초등학교,거여초등학교,37.505169417,127.1409872048,0.0,0.0
1642,송파구,초등학교,거원초등학교,37.4876238568,127.14493431870001,0.63,0.0
1643,송파구,초등학교,남천초등학교,37.500535600000006,127.1501433,0.61,0.0
1644,마포구,초등학교,아현초교,37.5558312701,126.9562424291,0.0,0.0
1645,마포구,초등학교,소의초교,37.5527802434,126.96065781629999,0.0,0.0
1646,마포구,초등학교,공덕초교,37.5458044265,126.95482249,0.0,0.0
1647,마포구,유치원,공덕초교병설유치원,37.5458044265,126.95482249,0.0,0.0
1648,마포구,초등학교,마포초교,37.5386016165,126.9498166477,0.0,0.0
1649,마포구,유치원,마포초교병설유치원,37.5386016165,126.9498166477,0.0,0.0
1650,마포구,유치원,삼성그린유치원,37.5395033569,126.95159022360001,0.0,0.0
1651,마포구,초등학교,용강초교,37.5491010696,126.94401670000002,0.0,0.0
1652,마포구,유치원,용강초교병설유치원,37.5491010696,126.94401670000002,0.0,0.0
1653,마포구,초등학교,서강초교,37.5486952599,126.9268966105,0.0,0.0
1654,마포구,초등학교,홍대부속초교,37.5596457273,126.9132092807,0.0,0.0
1655,마포구,초등학교,동교초교,37.5586245661,126.90235039999999,0.0,0.0
1656,마포구,초등학교,망원초교,37.5608234,126.9007623937,0.0,0.0
1657,마포구,초등학교,성서초교,37.5605954796,126.91092644780001,0.0,0.0
1658,마포구,초등학교,성원초교,37.5669771899,126.90508726120001,0.0,0.0
1659,마포구,초등학교,중동초교,37.566409344,126.9117752412,0.0,0.0
1660,마포구,초등학교,염리초교,37.542708491300004,126.9459983393,0.0,0.0
1661,마포구,초등학교,신석초교,37.5445352786,126.93778183459999,0.0,0.0
1662,마포구,초등학교,창천초교,37.5549191712,126.9392942416,0.0,0.0
1663,마포구,유치원,창천초교병설유치원,37.5549191712,126.9392942416,0.0,0.0
1664,마포구,초등학교,서교초교,37.5548889361,126.92437813149999,0.0,0.0
1665,마포구,초등학교,성산초교,37.5534098,126.91094856049999,0.0,0.0
1666,마포구,초등학교,신북초교,37.5711039693,126.9053627531,0.57,0.0
1667,마포구,초등학교,한서초교,37.5536482837,126.9497793991,0.0,0.0
1668,마포구,초등학교,상암초교,37.5763366011,126.89234209370001,0.0,0.0
