,Unnamed: 0,사고다발지FID,연도,법정동코드,지점코드,행정구역,지점명,발생건수,사상자수,사망자수,중상자수,경상자수,부상신고자수,경도,위도,다발지역폴리곤,지역
0,0,6141105,2016,1126010400,11260001,중랑구,서울특별시 중랑구 묵동(묵현초교 부근),3,3,0,0,3,0,127.075014,37.60834366,"{""type"":""Polygon"",""coordinates"":[[[127.07770897,37.60834366],[127.07765719,37.60792715],[127.07750383,37.60752665],[127.07725479,37.60715754],[127.07691964,37.60683401],[127.07651126,37.6065685],[127.07604534,37.60637121],[127.07553978,37.60624971],[127.07501402,37.60620869],[127.07448827,37.60624971],[127.07398271,37.60637121],[127.07351679,37.6065685],[127.07310841,37.60683401],[127.07277326,37.60715754],[127.07252422,37.60752665],[127.07237086,37.60792715],[127.07231908,37.60834366],[127.07237086,37.60876016],[127.07252422,37.60916066],[127.07277326,37.60952976],[127.07310841,37.60985327],[127.07351679,37.61011877],[127.07398271,37.61031606],[127.07448827,37.61043755],[127.07501402,37.61047857],[127.07553978,37.61043755],[127.07604534,37.61031606],[127.07651126,37.61011877],[127.07691964,37.60985327],[127.07725479,37.60952976],[127.07750383,37.60916066],[127.07765719,37.60876016],[127.07770897,37.60834366]]]}",서울
1,1,6107962,2016,1129013800,11290001,성북구,서울특별시 성북구 장위동(장위초교 부근),3,3,0,0,3,0,127.0482841,37.61118575,"{""type"":""Polygon"",""coordinates"":[[[127.05097904,37.61118575],[127.05092726,37.61076926],[127.0507739,37.61036877],[127.05052486,37.60999968],[127.05018971,37.60967617],[127.04978133,37.60941066],[127.04931541,37.60921338],[127.04880986,37.60909189],[127.0482841,37.60905087],[127.04775834,37.60909189],[127.04725279,37.60921338],[127.04678687,37.60941066],[127.04637848,37.60967617],[127.04604333,37.60999968],[127.04579429,37.61036877],[127.04564093,37.61076926],[127.04558915,37.61118575],[127.04564093,37.61160224],[127.04579429,37.61200272],[127.04604333,37.61237181],[127.04637848,37.61269531],[127.04678687,37.6129608],[127.04725279,37.61315808],[127.04775834,37.61327956],[127.0482841,37.61332058],[127.04880986,37.61327956],[127.04931541,37.61315808],[127.04978133,37.6129608],[127.05018971,37.61269531],[127.05052486,37.61237181],[127.0507739,37.61200272],[127.05092726,37.61160224],[127.05097904,37.61118575]]]}",서울
2,2,6107948,2016,1132010700,11320001,도봉구,서울특별시 도봉구 창동(창원초교 부근),3,3,0,2,1,0,127.0410227,37.65341616,"{""type"":""Polygon"",""coordinates"":[[[127.04371766,37.65341616],[127.04366588,37.65299991],[127.04351252,37.65259965],[127.04326348,37.65223077],[127.04292833,37.65190743],[127.04251995,37.65164208],[127.04205403,37.65144491],[127.04154847,37.65132349],[127.04102272,37.65128249],[127.04049696,37.65132349],[127.03999141,37.65144491],[127.03952548,37.65164208],[127.0391171,37.65190743],[127.03878195,37.65223077],[127.03853291,37.65259965],[127.03837955,37.65299991],[127.03832777,37.65341616],[127.03837955,37.65383242],[127.03853291,37.65423267],[127.03878195,37.65460154],[127.0391171,37.65492486],[127.03952548,37.6551902],[127.03999141,37.65538737],[127.04049696,37.65550878],[127.04102272,37.65554978],[127.04154847,37.65550878],[127.04205403,37.65538737],[127.04251995,37.6551902],[127.04292833,37.65492486],[127.04326348,37.65460154],[127.04351252,37.65423267],[127.04366588,37.65383242],[127.04371766,37.65341616]]]}",서울
3,3,6139185,2016,1154510300,11545001,금천구,서울특별시 금천구 시흥동(문백초교 부근),1,1,1,0,0,0,126.9000582,37.44943793,"{""type"":""Polygon"",""coordinates"":[[[126.90275316,37.44943793],[126.90270137,37.44902053],[126.90254801,37.44861917],[126.90229898,37.44824928],[126.90196382,37.44792506],[126.90155544,37.44765898],[126.90108952,37.44746127],[126.90058397,37.44733952],[126.90005821,37.4472984],[126.89953245,37.44733952],[126.8990269,37.44746127],[126.89856098,37.44765898],[126.8981526,37.44792506],[126.89781744,37.44824928],[126.8975684,37.44861917],[126.89741505,37.44902053],[126.89736326,37.44943793],[126.89741505,37.44985532],[126.8975684,37.45025667],[126.89781744,37.45062655],[126.8981526,37.45095076],[126.89856098,37.45121683],[126.8990269,37.45141453],[126.89953245,37.45153628],[126.90005821,37.45157739],[126.90058397,37.45153628],[126.90108952,37.45141453],[126.90155544,37.45121683],[126.90196382,37.45095076],[126.90229898,37.45062655],[126.90254801,37.45025667],[126.90270137,37.44985532],[126.90275316,37.44943793]]]}",서울
4,4,6229749,2017,1111017500,11110001,종로구,서울특별시 종로구 숭인동(창신초교 부근),2,2,0,0,1,1,127.0155717,37.57661029,"{""type"":""Polygon"",""coordinates"":[[[127.01826665,37.57661029],[127.01821487,37.57619361],[127.01806151,37.57579293],[127.01781247,37.57542367],[127.01747732,37.5751],[127.01706894,37.57483438],[127.01660302,37.574637],[127.01609747,37.57451545],[127.01557171,37.57447441],[127.01504595,37.57451545],[127.0145404,37.574637],[127.01407448,37.57483438],[127.01366609,37.5751],[127.01333094,37.57542367],[127.0130819,37.57579293],[127.01292855,37.57619361],[127.01287676,37.57661029],[127.01292855,37.57702697],[127.0130819,37.57742764],[127.01333094,37.5777969],[127.01366609,37.57812055],[127.01407448,37.57838616],[127.0145404,37.57858353],[127.01504595,37.57870507],[127.01557171,37.57874611],[127.01609747,37.57870507],[127.01660302,37.57858353],[127.01706894,37.57838616],[127.01747732,37.57812055],[127.01781247,37.5777969],[127.01806151,37.57742764],[127.01821487,37.57702697],[127.01826665,37.57661029]]]}",서울
5,5,6230385,2017,1129013400,11290001,성북구,서울특별시 성북구 길음동(미아초교 부근),2,2,0,1,1,0,127.0224493,37.61074912,"{""type"":""Polygon"",""coordinates"":[[[127.02514423,37.61074912],[127.02509244,37.61033263],[127.02493909,37.60993214],[127.02469005,37.60956304],[127.0243549,37.60923953],[127.02394651,37.60897402],[127.02348059,37.60877674],[127.02297504,37.60865525],[127.02244928,37.60861422],[127.02192352,37.60865525],[127.02141797,37.60877674],[127.02095205,37.60897402],[127.02054367,37.60923953],[127.02020852,37.60956304],[127.01995948,37.60993214],[127.01980612,37.61033263],[127.01975433,37.61074912],[127.01980612,37.61116562],[127.01995948,37.6115661],[127.02020852,37.61193518],[127.02054367,37.61225869],[127.02095205,37.61252418],[127.02141797,37.61272146],[127.02192352,37.61284294],[127.02244928,37.61288396],[127.02297504,37.61284294],[127.02348059,37.61272146],[127.02394651,37.61252418],[127.0243549,37.61225869],[127.02469005,37.61193518],[127.02493909,37.6115661],[127.02509244,37.61116562],[127.02514423,37.61074912]]]}",서울
6,6,6229747,2017,1129013800,11290002,성북구,서울특별시 성북구 장위동(장위초교 부근),2,2,0,0,2,0,127.05083159999998,37.61342545,"{""type"":""Polygon"",""coordinates"":[[[127.05352655,37.61342545],[127.05347477,37.61300897],[127.05332141,37.61260849],[127.05307237,37.61223941],[127.05273722,37.61191591],[127.05232884,37.61165041],[127.05186292,37.61145313],[127.05135737,37.61133165],[127.05083161,37.61129063],[127.05030585,37.61133165],[127.0498003,37.61145313],[127.04933438,37.61165041],[127.04892599,37.61191591],[127.04859084,37.61223941],[127.0483418,37.61260849],[127.04818845,37.61300897],[127.04813666,37.61342545],[127.04818845,37.61384192],[127.0483418,37.61424239],[127.04859084,37.61461147],[127.04892599,37.61493496],[127.04933438,37.61520044],[127.0498003,37.61539771],[127.05030585,37.61551919],[127.05083161,37.61556021],[127.05135737,37.61551919],[127.05186292,37.61539771],[127.05232884,37.61520044],[127.05273722,37.61493496],[127.05307237,37.61461147],[127.05332141,37.61424239],[127.05347477,37.61384192],[127.05352655,37.61342545]]]}",서울
7,7,6230072,2017,1130510100,11305001,강북구,서울특별시 강북구 미아동(수유초교 부근),3,3,0,0,3,0,127.020341,37.63047748,"{""type"":""Polygon"",""coordinates"":[[[127.0230359,37.63047748],[127.02298411,37.6300611],[127.02283076,37.62966072],[127.02258172,37.62929172],[127.02224656,37.62896829],[127.02183818,37.62870285],[127.02137226,37.62850562],[127.02086671,37.62838416],[127.02034095,37.62834315],[127.01981519,37.62838416],[127.01930964,37.62850562],[127.01884372,37.62870285],[127.01843534,37.62896829],[127.01810018,37.62929172],[127.01785115,37.62966072],[127.01769779,37.6300611],[127.017646,37.63047748],[127.01769779,37.63089386],[127.01785115,37.63129424],[127.01810018,37.63166323],[127.01843534,37.63198665],[127.01884372,37.63225207],[127.01930964,37.63244929],[127.01981519,37.63257075],[127.02034095,37.63261175],[127.02086671,37.63257075],[127.02137226,37.63244929],[127.02183818,37.63225207],[127.02224656,37.63198665],[127.02258172,37.63166323],[127.02283076,37.63129424],[127.02298411,37.63089386],[127.0230359,37.63047748]]]}",서울
8,8,6229762,2017,1138010700,11380001,은평구,서울특별시 은평구 응암동(유진유치원 부근),2,2,0,1,1,0,126.9194422,37.58725416,"{""type"":""Polygon"",""coordinates"":[[[126.92213718,37.58725416],[126.9220854,37.58683753],[126.92193204,37.58643692],[126.921683,37.58606771],[126.92134785,37.58574409],[126.92093947,37.5854785],[126.92047355,37.58528115],[126.91996799,37.58515962],[126.91944223,37.58511859],[126.91891648,37.58515962],[126.91841092,37.58528115],[126.917945,37.5854785],[126.91753662,37.58574409],[126.91720147,37.58606771],[126.91695243,37.58643692],[126.91679907,37.58683753],[126.91674729,37.58725416],[126.91679907,37.58767078],[126.91695243,37.58807139],[126.91720147,37.58844059],[126.91753662,37.5887642],[126.917945,37.58902978],[126.91841092,37.58922712],[126.91891648,37.58934864],[126.91944223,37.58938967],[126.91996799,37.58934864],[126.92047355,37.58922712],[126.92093947,37.58902978],[126.92134785,37.5887642],[126.921683,37.58844059],[126.92193204,37.58807139],[126.9220854,37.58767078],[126.92213718,37.58725416]]]}",서울
9,9,6230384,2017,1153010200,11530001,구로구,서울특별시 구로구 구로동(신구로초교 부근),2,2,0,0,1,1,126.8901382,37.49924066,"{""type"":""Polygon"",""coordinates"":[[[126.89283315,37.49924066],[126.89278137,37.49882354],[126.89262801,37.49842245],[126.89237897,37.49805281],[126.89204382,37.4977288],[126.89163543,37.4974629],[126.89116951,37.49726532],[126.89066396,37.49714365],[126.8901382,37.49710256],[126.88961244,37.49714365],[126.88910689,37.49726532],[126.88864097,37.4974629],[126.88823259,37.4977288],[126.88789744,37.49805281],[126.8876484,37.49842245],[126.88749504,37.49882354],[126.88744326,37.49924066],[126.88749504,37.49965778],[126.8876484,37.50005886],[126.88789744,37.5004285],[126.88823259,37.50075249],[126.88864097,37.50101838],[126.88910689,37.50121595],[126.88961244,37.50133762],[126.8901382,37.5013787],[126.89066396,37.50133762],[126.89116951,37.50121595],[126.89163543,37.50101838],[126.89204382,37.50075249],[126.89237897,37.5004285],[126.89262801,37.50005886],[126.89278137,37.49965778],[126.89283315,37.49924066]]]}",서울
10,10,6230074,2017,1159010500,11590001,동작구,서울특별시 동작구 흑석동(중대부속초교 부근),3,3,0,2,1,0,126.9616646,37.50688296,"{""type"":""Polygon"",""coordinates"":[[[126.96435952,37.50688296],[126.96430774,37.50646589],[126.96415438,37.50606484],[126.96390534,37.50569523],[126.96357019,37.50537126],[126.96316181,37.50510539],[126.96269589,37.50490782],[126.96219033,37.50478617],[126.96166458,37.50474509],[126.96113882,37.50478617],[126.96063327,37.50490782],[126.96016734,37.50510539],[126.95975896,37.50537126],[126.95942381,37.50569523],[126.95917477,37.50606484],[126.95902141,37.50646589],[126.95896963,37.50688296],[126.95902141,37.50730004],[126.95917477,37.50770108],[126.95942381,37.50807068],[126.95975896,37.50839463],[126.96016734,37.5086605],[126.96063327,37.50885805],[126.96113882,37.5089797],[126.96166458,37.50902078],[126.96219033,37.5089797],[126.96269589,37.50885805],[126.96316181,37.5086605],[126.96357019,37.50839463],[126.96390534,37.50807068],[126.96415438,37.50770108],[126.96430774,37.50730004],[126.96435952,37.50688296]]]}",서울
11,11,6230704,2017,1162010200,11620001,관악구,서울특별시 관악구 신림동(애동유치원 부근),1,1,1,0,0,0,126.9204697,37.47394854,"{""type"":""Polygon"",""coordinates"":[[[126.9231646,37.47394854],[126.92311282,37.47353128],[126.92295946,37.47313006],[126.92271042,37.47276028],[126.92237527,37.47243617],[126.92196689,37.47217018],[126.92150097,37.47197253],[126.92099542,37.47185082],[126.92046966,37.47180972],[126.9199439,37.47185082],[126.91943835,37.47197253],[126.91897243,37.47217018],[126.91856404,37.47243617],[126.91822889,37.47276028],[126.91797985,37.47313006],[126.9178265,37.47353128],[126.91777471,37.47394854],[126.9178265,37.4743658],[126.91797985,37.47476702],[126.91822889,37.47513678],[126.91856404,37.47546088],[126.91897243,37.47572686],[126.91943835,37.4759245],[126.9199439,37.4760462],[126.92046966,37.4760873],[126.92099542,37.4760462],[126.92150097,37.4759245],[126.92196689,37.47572686],[126.92237527,37.47546088],[126.92271042,37.47513678],[126.92295946,37.47476702],[126.92311282,37.4743658],[126.9231646,37.47394854]]]}",서울
12,12,6230399,2017,1162010100,11620002,관악구,서울특별시 관악구 봉천동(원당초교 부근),1,1,1,0,0,0,126.9572322,37.48041785,"{""type"":""Polygon"",""coordinates"":[[[126.95992715,37.48041785],[126.95987536,37.48000063],[126.959722,37.47959943],[126.95947297,37.47922969],[126.95913781,37.47890561],[126.95872943,37.47863964],[126.95826351,37.47844201],[126.95775796,37.47832031],[126.9572322,37.47827921],[126.95670644,37.47832031],[126.95620089,37.47844201],[126.95573497,37.47863964],[126.95532659,37.47890561],[126.95499143,37.47922969],[126.95474239,37.47959943],[126.95458904,37.48000063],[126.95453725,37.48041785],[126.95458904,37.48083507],[126.95474239,37.48123625],[126.95499143,37.48160598],[126.95532659,37.48193005],[126.95573497,37.48219601],[126.95620089,37.48239363],[126.95670644,37.48251533],[126.9572322,37.48255642],[126.95775796,37.48251533],[126.95826351,37.48239363],[126.95872943,37.48219601],[126.95913781,37.48193005],[126.95947297,37.48160598],[126.959722,37.48123625],[126.95987536,37.48083507],[126.95992715,37.48041785]]]}",서울
13,13,6230070,2017,1174010500,11740001,강동구,서울특별시 강동구 길동(길동초교 부근),2,2,0,1,1,0,127.144506,37.53853829,"{""type"":""Polygon"",""coordinates"":[[[127.1472009,37.53853829],[127.14714912,37.53812139],[127.14699576,37.53772051],[127.14674672,37.53735106],[127.14641157,37.53702723],[127.14600318,37.53676147],[127.14553726,37.53656399],[127.14503171,37.53644238],[127.14450595,37.53640132],[127.14398019,37.53644238],[127.14347464,37.53656399],[127.14300872,37.53676147],[127.14260034,37.53702723],[127.14226519,37.53735106],[127.14201615,37.53772051],[127.14186279,37.53812139],[127.14181101,37.53853829],[127.14186279,37.53895519],[127.14201615,37.53935606],[127.14226519,37.5397255],[127.14260034,37.54004932],[127.14300872,37.54031507],[127.14347464,37.54051254],[127.14398019,37.54063414],[127.14450595,37.5406752],[127.14503171,37.54063414],[127.14553726,37.54051254],[127.14600318,37.54031507],[127.14641157,37.54004932],[127.14674672,37.5397255],[127.14699576,37.53935606],[127.14714912,37.53895519],[127.1472009,37.53853829]]]}",서울
14,14,6394546,2018,1150010500,11500001,강서구,서울특별시 강서구 마곡동(공항초교 부근),2,2,0,0,2,0,126.8191729,37.56259489999999,"{""type"":""Polygon"",""coordinates"":[[[126.8218678,37.5625949],[126.82181602,37.56217814],[126.82166266,37.56177739],[126.82141362,37.56140805],[126.82107847,37.56108433],[126.82067009,37.56081865],[126.82020417,37.56062123],[126.81969861,37.56049967],[126.81917286,37.56045862],[126.8186471,37.56049967],[126.81814155,37.56062123],[126.81767562,37.56081865],[126.81726724,37.56108433],[126.81693209,37.56140805],[126.81668305,37.56177739],[126.81652969,37.56217814],[126.81647791,37.5625949],[126.81652969,37.56301166],[126.81668305,37.5634124],[126.81693209,37.56378173],[126.81726724,37.56410544],[126.81767562,37.56437111],[126.81814155,37.56456851],[126.8186471,37.56469007],[126.81917286,37.56473112],[126.81969861,37.56469007],[126.82020417,37.56456851],[126.82067009,37.56437111],[126.82107847,37.56410544],[126.82141362,37.56378173],[126.82166266,37.5634124],[126.82181602,37.56301166],[126.8218678,37.5625949]]]}",서울
15,15,6393989,2018,1153010200,11530001,구로구,서울특별시 구로구 구로동(구일초교 부근),2,2,0,0,1,1,126.872987,37.49325846,"{""type"":""Polygon"",""coordinates"":[[[126.87568192,37.49325846],[126.87563013,37.49284131],[126.87547678,37.49244019],[126.87522774,37.49207051],[126.87489258,37.49174648],[126.8744842,37.49148056],[126.87401828,37.49128296],[126.87351273,37.49116128],[126.87298697,37.49112019],[126.87246121,37.49116128],[126.87195566,37.49128296],[126.87148974,37.49148056],[126.87108136,37.49174648],[126.8707462,37.49207051],[126.87049716,37.49244019],[126.87034381,37.49284131],[126.87029202,37.49325846],[126.87034381,37.49367561],[126.87049716,37.49407673],[126.8707462,37.49444639],[126.87108136,37.49477041],[126.87148974,37.49503632],[126.87195566,37.49523391],[126.87246121,37.49535558],[126.87298697,37.49539667],[126.87351273,37.49535558],[126.87401828,37.49523391],[126.8744842,37.49503632],[126.87489258,37.49477041],[126.87522774,37.49444639],[126.87547678,37.49407673],[126.87563013,37.49367561],[126.87568192,37.49325846]]]}",서울
16,16,6394547,2018,1168011200,11680001,강남구,서울특별시 강남구 자곡동(자곡초교 부근),2,2,0,1,1,0,127.0996315,37.47300457,"{""type"":""Polygon"",""coordinates"":[[[127.10232641,37.47300457],[127.10227463,37.47258731],[127.10212127,37.47218607],[127.10187223,37.4718163],[127.10153708,37.47149218],[127.10112869,37.47122619],[127.10066277,37.47102853],[127.10015722,37.47090682],[127.09963146,37.47086572],[127.0991057,37.47090682],[127.09860015,37.47102853],[127.09813423,37.47122619],[127.09772585,37.47149218],[127.0973907,37.4718163],[127.09714166,37.47218607],[127.0969883,37.47258731],[127.09693652,37.47300457],[127.0969883,37.47342183],[127.09714166,37.47382305],[127.0973907,37.47419282],[127.09772585,37.47451693],[127.09813423,37.47478291],[127.09860015,37.47498055],[127.0991057,37.47510226],[127.09963146,37.47514336],[127.10015722,37.47510226],[127.10066277,37.47498055],[127.10112869,37.47478291],[127.10153708,37.47451693],[127.10187223,37.47419282],[127.10212127,37.47382305],[127.10227463,37.47342183],[127.10232641,37.47300457]]]}",서울
17,17,6394227,2018,1168011800,11680002,강남구,서울특별시 강남구 도곡동(언주초교 부근),2,2,0,1,1,0,127.0378933,37.48670858,"{""type"":""Polygon"",""coordinates"":[[[127.04058825,37.48670858],[127.04053647,37.48629139],[127.04038311,37.48589024],[127.04013407,37.48552053],[127.03979892,37.48519647],[127.03939054,37.48493052],[127.03892462,37.48473291],[127.03841906,37.48461122],[127.0378933,37.48457013],[127.03736755,37.48461122],[127.03686199,37.48473291],[127.03639607,37.48493052],[127.03598769,37.48519647],[127.03565254,37.48552053],[127.0354035,37.48589024],[127.03525014,37.48629139],[127.03519836,37.48670858],[127.03525014,37.48712577],[127.0354035,37.48752692],[127.03565254,37.48789662],[127.03598769,37.48822066],[127.03639607,37.4884866],[127.03686199,37.4886842],[127.03736755,37.48880589],[127.0378933,37.48884698],[127.03841906,37.48880589],[127.03892462,37.4886842],[127.03939054,37.4884866],[127.03979892,37.48822066],[127.04013407,37.48789662],[127.04038311,37.48752692],[127.04053647,37.48712577],[127.04058825,37.48670858]]]}",서울
18,18,6394548,2018,1168010600,11680003,강남구,서울특별시 강남구 대치동(대치초교 부근),2,2,0,0,2,0,127.0605609,37.49021808,"{""type"":""Polygon"",""coordinates"":[[[127.06325587,37.49021808],[127.06320409,37.48980092],[127.06305073,37.48939978],[127.06280169,37.48903008],[127.06246654,37.48870604],[127.06205816,37.48844011],[127.06159224,37.4882425],[127.06108668,37.48812082],[127.06056093,37.48807973],[127.06003517,37.48812082],[127.05952962,37.4882425],[127.05906369,37.48844011],[127.05865531,37.48870604],[127.05832016,37.48903008],[127.05807112,37.48939978],[127.05791776,37.48980092],[127.05786598,37.49021808],[127.05791776,37.49063525],[127.05807112,37.49103638],[127.05832016,37.49140606],[127.05865531,37.49173009],[127.05906369,37.49199601],[127.05952962,37.49219361],[127.06003517,37.49231529],[127.06056093,37.49235638],[127.06108668,37.49231529],[127.06159224,37.49219361],[127.06205816,37.49199601],[127.06246654,37.49173009],[127.06280169,37.49140606],[127.06305073,37.49103638],[127.06320409,37.49063525],[127.06325587,37.49021808]]]}",서울
19,19,6394249,2018,1174010700,11740001,강동구,서울특별시 강동구 암사동(보람나무어린이집 부근),1,1,1,0,0,0,127.1350506,37.55180838,"{""type"":""Polygon"",""coordinates"":[[[127.13774554,37.55180838],[127.13769375,37.55139155],[127.1375404,37.55099075],[127.13729136,37.55062136],[127.13695621,37.55029759],[127.13654782,37.55003187],[127.1360819,37.54983443],[127.13557635,37.54971284],[127.13505059,37.54967179],[127.13452483,37.54971284],[127.13401928,37.54983443],[127.13355336,37.55003187],[127.13314498,37.55029759],[127.13280983,37.55062136],[127.13256079,37.55099075],[127.13240743,37.55139155],[127.13235565,37.55180838],[127.13240743,37.5522252],[127.13256079,37.552626],[127.13280983,37.55299538],[127.13314498,37.55331914],[127.13355336,37.55358484],[127.13401928,37.55378228],[127.13452483,37.55390385],[127.13505059,37.55394491],[127.13557635,37.55390385],[127.1360819,37.55378228],[127.13654782,37.55358484],[127.13695621,37.55331914],[127.13729136,37.55299538],[127.1375404,37.552626],[127.13769375,37.5522252],[127.13774554,37.55180838]]]}",서울
20,20,6503356,2019,1111016900,11110001,종로구,서울특별시 종로구 혜화동(서울혜화초교 부근),2,2,0,0,1,1,126.9988045,37.58973968,"{""type"":""Polygon"",""coordinates"":[[[127.00149943,37.58973968],[127.00144765,37.58932307],[127.00129429,37.58892246],[127.00104525,37.58855326],[127.0007101,37.58822965],[127.00030171,37.58796408],[126.99983579,37.58776673],[126.99933024,37.58764521],[126.99880448,37.58760417],[126.99827872,37.58764521],[126.99777317,37.58776673],[126.99730725,37.58796408],[126.99689887,37.58822965],[126.99656372,37.58855326],[126.99631468,37.58892246],[126.99616132,37.58932307],[126.99610954,37.58973968],[126.99616132,37.59015629],[126.99631468,37.59055688],[126.99656372,37.59092607],[126.99689887,37.59124967],[126.99730725,37.59151524],[126.99777317,37.59171257],[126.99827872,37.59183409],[126.99880448,37.59187512],[126.99933024,37.59183409],[126.99983579,37.59171257],[127.00030171,37.59151524],[127.0007101,37.59124967],[127.00104525,37.59092607],[127.00129429,37.59055688],[127.00144765,37.59015629],[127.00149943,37.58973968]]]}",서울
21,21,6503357,2019,1126010200,11260001,중랑구,서울특별시 중랑구 상봉동(서울중화초교 부근),2,2,0,1,1,0,127.0938024,37.60204398,"{""type"":""Polygon"",""coordinates"":[[[127.09649731,37.60204398],[127.09644553,37.60162743],[127.09629217,37.6012269],[127.09604313,37.60085776],[127.09570798,37.6005342],[127.0952996,37.60026867],[127.09483368,37.60007136],[127.09432812,37.59994985],[127.09380236,37.59990883],[127.09327661,37.59994985],[127.09277105,37.60007136],[127.09230513,37.60026867],[127.09189675,37.6005342],[127.0915616,37.60085776],[127.09131256,37.6012269],[127.0911592,37.60162743],[127.09110742,37.60204398],[127.0911592,37.60246052],[127.09131256,37.60286105],[127.0915616,37.60323018],[127.09189675,37.60355372],[127.09230513,37.60381924],[127.09277105,37.60401654],[127.09327661,37.60413804],[127.09380236,37.60417906],[127.09432812,37.60413804],[127.09483368,37.60401654],[127.0952996,37.60381924],[127.09570798,37.60355372],[127.09604313,37.60323018],[127.09629217,37.60286105],[127.09644553,37.60246052],[127.09649731,37.60204398]]]}",서울
22,22,6503371,2019,1126010500,11260002,중랑구,서울특별시 중랑구 망우동(서울면일초교 부근),2,2,0,0,2,0,127.098594,37.59158673,"{""type"":""Polygon"",""coordinates"":[[[127.10128895,37.59158673],[127.10123717,37.59117013],[127.10108381,37.59076953],[127.10083477,37.59040034],[127.10049962,37.59007674],[127.10009123,37.58981117],[127.09962531,37.58961383],[127.09911976,37.58949231],[127.098594,37.58945128],[127.09806824,37.58949231],[127.09756269,37.58961383],[127.09709677,37.58981117],[127.09668839,37.59007674],[127.09635324,37.59040034],[127.0961042,37.59076953],[127.09595084,37.59117013],[127.09589906,37.59158673],[127.09595084,37.59200333],[127.0961042,37.59240391],[127.09635324,37.59277309],[127.09668839,37.59309668],[127.09709677,37.59336224],[127.09756269,37.59355957],[127.09806824,37.59368109],[127.098594,37.59372212],[127.09911976,37.59368109],[127.09962531,37.59355957],[127.10009123,37.59336224],[127.10049962,37.59309668],[127.10083477,37.59277309],[127.10108381,37.59240391],[127.10123717,37.59200333],[127.10128895,37.59158673]]]}",서울
23,23,6503355,2019,1129013900,11290001,성북구,서울특별시 성북구 석관동(서울석관초교 부근),2,2,0,1,1,0,127.0590647,37.6103018,"{""type"":""Polygon"",""coordinates"":[[[127.06175965,37.6103018],[127.06170787,37.6098853],[127.06155451,37.60948481],[127.06130547,37.60911571],[127.06097032,37.60879219],[127.06056194,37.60852669],[127.06009602,37.6083294],[127.05959046,37.60820791],[127.0590647,37.60816689],[127.05853895,37.60820791],[127.05803339,37.6083294],[127.05756747,37.60852669],[127.05715909,37.60879219],[127.05682394,37.60911571],[127.0565749,37.60948481],[127.05642154,37.6098853],[127.05636976,37.6103018],[127.05642154,37.61071829],[127.0565749,37.61111878],[127.05682394,37.61148787],[127.05715909,37.61181137],[127.05756747,37.61207687],[127.05803339,37.61227415],[127.05853895,37.61239563],[127.0590647,37.61243665],[127.05959046,37.61239563],[127.06009602,37.61227415],[127.06056194,37.61207687],[127.06097032,37.61181137],[127.06130547,37.61148787],[127.06155451,37.61111878],[127.06170787,37.61071829],[127.06175965,37.6103018]]]}",서울
24,24,6503381,2019,1150010500,11500001,강서구,서울특별시 강서구 마곡동(서울송화초교 부근),2,2,0,1,1,0,126.816924,37.56876684,"{""type"":""Polygon"",""coordinates"":[[[126.81961893,37.56876684],[126.81956715,37.56835011],[126.81941379,37.56794939],[126.81916475,37.56758009],[126.8188296,37.56725639],[126.81842121,37.56699074],[126.81795529,37.56679334],[126.81744974,37.56667178],[126.81692398,37.56663073],[126.81639823,37.56667178],[126.81589267,37.56679334],[126.81542675,37.56699074],[126.81501837,37.56725639],[126.81468322,37.56758009],[126.81443418,37.56794939],[126.81428082,37.56835011],[126.81422904,37.56876684],[126.81428082,37.56918356],[126.81443418,37.56958427],[126.81468322,37.56995357],[126.81501837,37.57027725],[126.81542675,37.5705429],[126.81589267,37.57074029],[126.81639823,37.57086184],[126.81692398,37.57090288],[126.81744974,37.57086184],[126.81795529,37.57074029],[126.81842121,37.5705429],[126.8188296,37.57027725],[126.81916475,37.56995357],[126.81941379,37.56958427],[126.81956715,37.56918356],[126.81961893,37.56876684]]]}",서울
25,25,6503366,2019,1153011100,11530001,구로구,서울특별시 구로구 천왕동(서울천왕초교 부근),2,3,0,0,2,1,126.8384143,37.48198327,"{""type"":""Polygon"",""coordinates"":[[[126.84110921,37.48198327],[126.84105743,37.48156605],[126.84090407,37.48116487],[126.84065503,37.48079514],[126.84031988,37.48047106],[126.8399115,37.4802051],[126.83944558,37.48000747],[126.83894002,37.47988577],[126.83841426,37.47984468],[126.83788851,37.47988577],[126.83738295,37.48000747],[126.83691703,37.4802051],[126.83650865,37.48047106],[126.8361735,37.48079514],[126.83592446,37.48116487],[126.8357711,37.48156605],[126.83571932,37.48198327],[126.8357711,37.48240048],[126.83592446,37.48280165],[126.8361735,37.48317138],[126.83650865,37.48349544],[126.83691703,37.48376139],[126.83738295,37.48395901],[126.83788851,37.4840807],[126.83841426,37.4841218],[126.83894002,37.4840807],[126.83944558,37.48395901],[126.8399115,37.48376139],[126.84031988,37.48349544],[126.84065503,37.48317138],[126.84090407,37.48280165],[126.84105743,37.48240048],[126.84110921,37.48198327]]]}",서울
26,26,6503360,2019,1159010300,11590001,동작구,서울특별시 동작구 상도1동(서울강남초교 부근),1,1,1,0,0,0,126.9526501,37.50629062,"{""type"":""Polygon"",""coordinates"":[[[126.95534504,37.50629062],[126.95529326,37.50587354],[126.9551399,37.50547249],[126.95489086,37.50510287],[126.95455571,37.5047789],[126.95414732,37.50451303],[126.9536814,37.50431546],[126.95317585,37.5041938],[126.95265009,37.50415272],[126.95212433,37.5041938],[126.95161878,37.50431546],[126.95115286,37.50451303],[126.95074448,37.5047789],[126.95040933,37.50510287],[126.95016029,37.50547249],[126.95000693,37.50587354],[126.94995515,37.50629062],[126.95000693,37.50670769],[126.95016029,37.50710874],[126.95040933,37.50747834],[126.95074448,37.5078023],[126.95115286,37.50806817],[126.95161878,37.50826572],[126.95212433,37.50838737],[126.95265009,37.50842845],[126.95317585,37.50838737],[126.9536814,37.50826572],[126.95414732,37.50806817],[126.95455571,37.5078023],[126.95489086,37.50747834],[126.9551399,37.50710874],[126.95529326,37.50670769],[126.95534504,37.50629062]]]}",서울
27,27,6503369,2019,1165010800,11650001,서초구,서울특별시 서초구 서초동(서초초교 부근),2,2,0,2,0,0,127.0227988,37.49996166,"{""type"":""Polygon"",""coordinates"":[[[127.02549373,37.49996166],[127.02544194,37.49954454],[127.02528859,37.49914346],[127.02503955,37.49877381],[127.0247044,37.49844981],[127.02429601,37.49818392],[127.02383009,37.49798633],[127.02332454,37.49786466],[127.02279878,37.49782358],[127.02227302,37.49786466],[127.02176747,37.49798633],[127.02130155,37.49818392],[127.02089317,37.49844981],[127.02055801,37.49877381],[127.02030898,37.49914346],[127.02015562,37.49954454],[127.02010383,37.49996166],[127.02015562,37.50037877],[127.02030898,37.50077985],[127.02055801,37.50114948],[127.02089317,37.50147347],[127.02130155,37.50173935],[127.02176747,37.50193693],[127.02227302,37.50205859],[127.02279878,37.50209967],[127.02332454,37.50205859],[127.02383009,37.50193693],[127.02429601,37.50173935],[127.0247044,37.50147347],[127.02503955,37.50114948],[127.02528859,37.50077985],[127.02544194,37.50037877],[127.02549373,37.49996166]]]}",서울
28,28,6596147,2020,1129013600,11290001,성북구,서울특별시 성북구 하월곡동(자보습학원 부근),2,2,0,0,2,0,127.0394106,37.60421477,"{""type"":""Polygon"",""coordinates"":[[[127.0421055,37.60421477],[127.04205372,37.60379824],[127.04190036,37.60339772],[127.04165132,37.60302859],[127.04131617,37.60270504],[127.04090779,37.60243952],[127.04044187,37.60224221],[127.03993632,37.60212071],[127.03941056,37.60207968],[127.0388848,37.60212071],[127.03837925,37.60224221],[127.03791333,37.60243952],[127.03750494,37.60270504],[127.03716979,37.60302859],[127.03692075,37.60339772],[127.03676739,37.60379824],[127.03671561,37.60421477],[127.03676739,37.6046313],[127.03692075,37.60503182],[127.03716979,37.60540094],[127.03750494,37.60572447],[127.03791333,37.60598998],[127.03837925,37.60618728],[127.0388848,37.60630877],[127.03941056,37.6063498],[127.03993632,37.60630877],[127.04044187,37.60618728],[127.04090779,37.60598998],[127.04131617,37.60572447],[127.04165132,37.60540094],[127.04190036,37.60503182],[127.04205372,37.6046313],[127.0421055,37.60421477]]]}",서울
29,29,6596479,2020,1135010200,11350001,노원구,서울특별시 노원구 월계동(서울신화초교 부근),2,2,0,1,1,0,127.0408239,37.63256417,"{""type"":""Polygon"",""coordinates"":[[[127.0435188,37.63256417],[127.04346702,37.6321478],[127.04331366,37.63174742],[127.04306462,37.63137844],[127.04272947,37.63105502],[127.04232109,37.63078959],[127.04185517,37.63059236],[127.04134962,37.63047091],[127.04082386,37.6304299],[127.0402981,37.63047091],[127.03979255,37.63059236],[127.03932663,37.63078959],[127.03891824,37.63105502],[127.03858309,37.63137844],[127.03833405,37.63174742],[127.03818069,37.6321478],[127.03812891,37.63256417],[127.03818069,37.63298054],[127.03833405,37.6333809],[127.03858309,37.63374988],[127.03891824,37.63407329],[127.03932663,37.63433871],[127.03979255,37.63453593],[127.0402981,37.63465737],[127.04082386,37.63469838],[127.04134962,37.63465737],[127.04185517,37.63453593],[127.04232109,37.63433871],[127.04272947,37.63407329],[127.04306462,37.63374988],[127.04331366,37.6333809],[127.04346702,37.63298054],[127.0435188,37.63256417]]]}",서울
30,30,6596481,2020,1138010800,11380001,은평구,서울특별시 은평구 역촌동(역촌초교 부근),3,3,0,1,1,1,126.9142152,37.60170301,"{""type"":""Polygon"",""coordinates"":[[[126.91691012,37.60170301],[126.91685834,37.60128646],[126.91670498,37.60088593],[126.91645594,37.60051678],[126.91612079,37.60019323],[126.91571241,37.59992769],[126.91524649,37.59973038],[126.91474093,37.59960888],[126.91421518,37.59956785],[126.91368942,37.59960888],[126.91318386,37.59973038],[126.91271794,37.59992769],[126.91230956,37.60019323],[126.91197441,37.60051678],[126.91172537,37.60088593],[126.91157201,37.60128646],[126.91152023,37.60170301],[126.91157201,37.60211955],[126.91172537,37.60252008],[126.91197441,37.60288921],[126.91230956,37.60321276],[126.91271794,37.60347828],[126.91318386,37.60367558],[126.91368942,37.60379708],[126.91421518,37.60383811],[126.91474093,37.60379708],[126.91524649,37.60367558],[126.91571241,37.60347828],[126.91612079,37.60321276],[126.91645594,37.60288921],[126.91670498,37.60252008],[126.91685834,37.60211955],[126.91691012,37.60170301]]]}",서울
31,31,6596480,2020,1138010300,11380002,은평구,서울특별시 은평구 불광동(연신초교 부근),3,3,0,1,1,1,126.92840890000002,37.62649405,"{""type"":""Polygon"",""coordinates"":[[[126.93110385,37.62649405],[126.93105207,37.62607764],[126.93089871,37.62567724],[126.93064967,37.62530822],[126.93031452,37.62498477],[126.92990614,37.62471932],[126.92944022,37.62452208],[126.92893466,37.62440061],[126.9284089,37.6243596],[126.92788315,37.62440061],[126.92737759,37.62452208],[126.92691167,37.62471932],[126.92650329,37.62498477],[126.92616814,37.62530822],[126.9259191,37.62567724],[126.92576574,37.62607764],[126.92571396,37.62649405],[126.92576574,37.62691045],[126.9259191,37.62731085],[126.92616814,37.62767986],[126.92650329,37.62800329],[126.92691167,37.62826873],[126.92737759,37.62846597],[126.92788315,37.62858742],[126.9284089,37.62862844],[126.92893466,37.62858742],[126.92944022,37.62846597],[126.92990614,37.62826873],[126.93031452,37.62800329],[126.93064967,37.62767986],[126.93089871,37.62731085],[126.93105207,37.62691045],[126.93110385,37.62649405]]]}",서울
32,32,6596478,2020,1147010100,11470001,양천구,서울특별시 양천구 신정동(신목초교 부근),2,3,1,0,2,0,126.8725185,37.51668727,"{""type"":""Polygon"",""coordinates"":[[[126.87521342,37.51668727],[126.87516163,37.51627025],[126.87500827,37.51586926],[126.87475923,37.5154997],[126.87442408,37.51517577],[126.8740157,37.51490993],[126.87354978,37.51471239],[126.87304423,37.51459075],[126.87251847,37.51454968],[126.87199271,37.51459075],[126.87148716,37.51471239],[126.87102124,37.51490993],[126.87061285,37.51517577],[126.8702777,37.5154997],[126.87002866,37.51586926],[126.86987531,37.51627025],[126.86982352,37.51668727],[126.86987531,37.51710429],[126.87002866,37.51750528],[126.8702777,37.51787483],[126.87061285,37.51819875],[126.87102124,37.51846457],[126.87148716,37.5186621],[126.87199271,37.51878374],[126.87251847,37.51882481],[126.87304423,37.51878374],[126.87354978,37.5186621],[126.8740157,37.51846457],[126.87442408,37.51819875],[126.87475923,37.51787483],[126.87500827,37.51750528],[126.87516163,37.51710429],[126.87521342,37.51668727]]]}",서울
33,33,6596482,2020,1150010300,11500001,강서구,서울특별시 강서구 화곡동(우장초교 부근),3,3,0,1,1,1,126.8466235,37.54862259,"{""type"":""Polygon"",""coordinates"":[[[126.84931844,37.54862259],[126.84926666,37.54820575],[126.8491133,37.54780492],[126.84886426,37.54743552],[126.84852911,37.54711173],[126.84812073,37.54684601],[126.84765481,37.54664855],[126.84714926,37.54652696],[126.8466235,37.54648591],[126.84609774,37.54652696],[126.84559219,37.54664855],[126.84512627,37.54684601],[126.84471788,37.54711173],[126.84438273,37.54743552],[126.84413369,37.54780492],[126.84398034,37.54820575],[126.84392855,37.54862259],[126.84398034,37.54903943],[126.84413369,37.54944025],[126.84438273,37.54980964],[126.84471788,37.55013341],[126.84512627,37.55039913],[126.84559219,37.55059657],[126.84609774,37.55071816],[126.8466235,37.55075921],[126.84714926,37.55071816],[126.84765481,37.55059657],[126.84812073,37.55039913],[126.84852911,37.55013341],[126.84886426,37.54980964],[126.8491133,37.54944025],[126.84926666,37.54903943],[126.84931844,37.54862259]]]}",서울
34,34,6596464,2020,1150010300,11500002,강서구,서울특별시 강서구 화곡동(서울신정초교 부근),2,2,0,0,1,1,126.85232340000002,37.53287247,"{""type"":""Polygon"",""coordinates"":[[[126.85501833,37.53287247],[126.85496655,37.53245554],[126.85481319,37.53205463],[126.85456415,37.53168515],[126.854229,37.53136129],[126.85382061,37.53109551],[126.85335469,37.53089801],[126.85284914,37.5307764],[126.85232338,37.53073533],[126.85179762,37.5307764],[126.85129207,37.53089801],[126.85082615,37.53109551],[126.85041777,37.53136129],[126.85008262,37.53168515],[126.84983358,37.53205463],[126.84968022,37.53245554],[126.84962844,37.53287247],[126.84968022,37.53328939],[126.84983358,37.53369029],[126.85008262,37.53405977],[126.85041777,37.53438361],[126.85082615,37.53464938],[126.85129207,37.53484686],[126.85179762,37.53496847],[126.85232338,37.53500954],[126.85284914,37.53496847],[126.85335469,37.53484686],[126.85382061,37.53464938],[126.854229,37.53438361],[126.85456415,37.53405977],[126.85481319,37.53369029],[126.85496655,37.53328939],[126.85501833,37.53287247]]]}",서울
35,35,6596476,2020,1150010800,11500003,강서구,서울특별시 강서구 공항동(장미공원 부근),1,1,1,0,0,0,126.813376,37.55658009,"{""type"":""Polygon"",""coordinates"":[[[126.81607096,37.55658009],[126.81601918,37.55616329],[126.81586582,37.55576251],[126.81561678,37.55539314],[126.81528163,37.55506939],[126.81487324,37.5548037],[126.81440732,37.55460626],[126.81390177,37.55448469],[126.81337601,37.55444363],[126.81285025,37.55448469],[126.8123447,37.55460626],[126.81187878,37.5548037],[126.8114704,37.55506939],[126.81113525,37.55539314],[126.81088621,37.55576251],[126.81073285,37.55616329],[126.81068107,37.55658009],[126.81073285,37.55699688],[126.81088621,37.55739766],[126.81113525,37.55776701],[126.8114704,37.55809075],[126.81187878,37.55835644],[126.8123447,37.55855386],[126.81285025,37.55867543],[126.81337601,37.55871648],[126.81390177,37.55867543],[126.81440732,37.55855386],[126.81487324,37.55835644],[126.81528163,37.55809075],[126.81561678,37.55776701],[126.81586582,37.55739766],[126.81601918,37.55699688],[126.81607096,37.55658009]]]}",서울
36,36,6596176,2020,1153010200,11530001,구로구,서울특별시 구로구 구로동(성은어린이집 부근),3,3,0,2,1,0,126.8832238,37.49060829,"{""type"":""Polygon"",""coordinates"":[[[126.88591871,37.49060829],[126.88586693,37.49019112],[126.88571357,37.48978999],[126.88546453,37.4894203],[126.88512938,37.48909626],[126.884721,37.48883032],[126.88425508,37.48863272],[126.88374952,37.48851103],[126.88322377,37.48846994],[126.88269801,37.48851103],[126.88219246,37.48863272],[126.88172654,37.48883032],[126.88131815,37.48909626],[126.880983,37.4894203],[126.88073396,37.48978999],[126.8805806,37.49019112],[126.88052882,37.49060829],[126.8805806,37.49102545],[126.88073396,37.49142658],[126.880983,37.49179626],[126.88131815,37.49212029],[126.88172654,37.49238621],[126.88219246,37.49258381],[126.88269801,37.49270548],[126.88322377,37.49274657],[126.88374952,37.49270548],[126.88425508,37.49258381],[126.884721,37.49238621],[126.88512938,37.49212029],[126.88546453,37.49179626],[126.88571357,37.49142658],[126.88586693,37.49102545],[126.88591871,37.49060829]]]}",서울
37,37,6596483,2020,1153010800,11530002,구로구,서울특별시 구로구 오류동(오류초교 부근),2,2,0,1,1,0,126.8423603,37.4983718,"{""type"":""Polygon"",""coordinates"":[[[126.84505526,37.4983718],[126.84500348,37.49795468],[126.84485012,37.49755358],[126.84460108,37.49718393],[126.84426593,37.49685992],[126.84385755,37.49659402],[126.84339163,37.49639643],[126.84288607,37.49627476],[126.84236031,37.49623368],[126.84183456,37.49627476],[126.841329,37.49639643],[126.84086308,37.49659402],[126.8404547,37.49685992],[126.84011955,37.49718393],[126.83987051,37.49755358],[126.83971715,37.49795468],[126.83966537,37.4983718],[126.83971715,37.49878892],[126.83987051,37.49919001],[126.84011955,37.49955965],[126.8404547,37.49988364],[126.84086308,37.50014954],[126.841329,37.50034711],[126.84183456,37.50046878],[126.84236031,37.50050986],[126.84288607,37.50046878],[126.84339163,37.50034711],[126.84385755,37.50014954],[126.84426593,37.49988364],[126.84460108,37.49955965],[126.84485012,37.49919001],[126.84500348,37.49878892],[126.84505526,37.4983718]]]}",서울
