,법정동코드,지점코드,연도,행정구역,지점명,발생건수,사상자수,사망자수,중상자수,경상자수,부상신고자수,위도,경도,다발지역폴리곤
85,1117012900,11170001,2016,용산구,"서울특별시 용산구 이촌동(이촌1동 주민선터, 용산청소년수 부근)",3,4,0,0,2,2,37.52142421,126.97301029999998,"{""type"":""Polygon"",""coordinates"":[[[126.97480695,37.52142421],[126.97477243,37.52114621],[126.97467019,37.5208789],[126.97450417,37.52063254],[126.97428073,37.5204166],[126.97400848,37.52023939],[126.97369786,37.52010771],[126.97336083,37.52002662],[126.97301032,37.51999924],[126.97265982,37.52002662],[126.97232278,37.52010771],[126.97201217,37.52023939],[126.97173991,37.5204166],[126.97151648,37.52063254],[126.97135045,37.5208789],[126.97124821,37.52114621],[126.97121369,37.52142421],[126.97124821,37.5217022],[126.97135045,37.52196951],[126.97151648,37.52221586],[126.97173991,37.52243179],[126.97201217,37.522609],[126.97232278,37.52274068],[126.97265982,37.52282177],[126.97301032,37.52284915],[126.97336083,37.52282177],[126.97369786,37.52274068],[126.97400848,37.522609],[126.97428073,37.52243179],[126.97450417,37.52221586],[126.97467019,37.52196951],[126.97477243,37.5217022],[126.97480695,37.52142421]]]}"
86,1123010600,11230001,2016,동대문구,서울특별시 동대문구 장안동(승용빌딩 부근),3,3,0,1,1,1,37.566493799999996,127.06812140000001,"{""type"":""Polygon"",""coordinates"":[[[127.06991802,37.5664938],[127.06988349,37.56621597],[127.06978126,37.56594882],[127.06961523,37.56570261],[127.0693918,37.5654868],[127.06911954,37.5653097],[127.06880893,37.5651781],[127.06847189,37.56509705],[127.06812139,37.56506969],[127.06777088,37.56509705],[127.06743385,37.5651781],[127.06712323,37.5653097],[127.06685098,37.5654868],[127.06662754,37.56570261],[127.06646152,37.56594882],[127.06635928,37.56621597],[127.06632476,37.5664938],[127.06635928,37.56677162],[127.06646152,37.56703877],[127.06662754,37.56728498],[127.06685098,37.56750078],[127.06712323,37.56767788],[127.06743385,37.56780948],[127.06777088,37.56789051],[127.06812139,37.56791788],[127.06847189,37.56789051],[127.06880893,37.56780948],[127.06911954,37.56767788],[127.0693918,37.56750078],[127.06961523,37.56728498],[127.06978126,37.56703877],[127.06988349,37.56677162],[127.06991802,37.5664938]]]}"
87,1126010200,11260001,2016,중랑구,서울특별시 중랑구 상봉동(중화초교 부근),3,3,0,0,3,0,37.60241742,127.0949332,"{""type"":""Polygon"",""coordinates"":[[[127.09672986,37.60241742],[127.09669534,37.60213972],[127.0965931,37.6018727],[127.09642707,37.60162661],[127.09620364,37.60141091],[127.09593138,37.60123389],[127.09562077,37.60110235],[127.09528373,37.60102135],[127.09493323,37.600994],[127.09458272,37.60102135],[127.09424569,37.60110235],[127.09393507,37.60123389],[127.09366282,37.60141091],[127.09343938,37.60162661],[127.09327336,37.6018727],[127.09317112,37.60213972],[127.0931366,37.60241742],[127.09317112,37.60269511],[127.09327336,37.60296213],[127.09343938,37.60320821],[127.09366282,37.60342391],[127.09393507,37.60360092],[127.09424569,37.60373246],[127.09458272,37.60381346],[127.09493323,37.60384081],[127.09528373,37.60381346],[127.09562077,37.60373246],[127.09593138,37.60360092],[127.09620364,37.60342391],[127.09642707,37.60320821],[127.0965931,37.60296213],[127.09669534,37.60269511],[127.09672986,37.60241742]]]}"
88,1126010400,11260002,2016,중랑구,서울특별시 중랑구 묵동(묵2동사무소 부근),3,3,0,0,3,0,37.60944832,127.0745578,"{""type"":""Polygon"",""coordinates"":[[[127.07635443,37.60944832],[127.07631991,37.60917065],[127.07621767,37.60890365],[127.07605165,37.60865758],[127.07582821,37.6084419],[127.07555596,37.6082649],[127.07524534,37.60813337],[127.07490831,37.60805238],[127.0745578,37.60802503],[127.0742073,37.60805238],[127.07387026,37.60813337],[127.07355965,37.6082649],[127.07328739,37.6084419],[127.07306396,37.60865758],[127.07289793,37.60890365],[127.0727957,37.60917065],[127.07276117,37.60944832],[127.0727957,37.60972598],[127.07289793,37.60999298],[127.07306396,37.61023904],[127.07328739,37.61045471],[127.07355965,37.61063171],[127.07387026,37.61076324],[127.0742073,37.61084423],[127.0745578,37.61087157],[127.07490831,37.61084423],[127.07524534,37.61076324],[127.07555596,37.61063171],[127.07582821,37.61045471],[127.07605165,37.61023904],[127.07621767,37.60999298],[127.07631991,37.60972598],[127.07635443,37.60944832]]]}"
89,1129013600,11290001,2016,성북구,서울특별시 성북구 하월곡동(하월곡생명중앙교회 부근),3,4,0,0,4,0,37.60785103,127.03637549999999,"{""type"":""Polygon"",""coordinates"":[[[127.03817216,37.60785103],[127.03813764,37.60757336],[127.0380354,37.60730636],[127.03786937,37.60706028],[127.03764594,37.6068446],[127.03737368,37.60666759],[127.03706307,37.60653606],[127.03672603,37.60645507],[127.03637553,37.60642772],[127.03602502,37.60645507],[127.03568799,37.60653606],[127.03537737,37.60666759],[127.03510512,37.6068446],[127.03488168,37.60706028],[127.03471566,37.60730636],[127.03461342,37.60757336],[127.0345789,37.60785103],[127.03461342,37.6081287],[127.03471566,37.6083957],[127.03488168,37.60864177],[127.03510512,37.60885745],[127.03537737,37.60903445],[127.03568799,37.60916598],[127.03602502,37.60924697],[127.03637553,37.60927432],[127.03672603,37.60924697],[127.03706307,37.60916598],[127.03737368,37.60903445],[127.03764594,37.60885745],[127.03786937,37.60864177],[127.0380354,37.6083957],[127.03813764,37.6081287],[127.03817216,37.60785103]]]}"
90,1132010600,11320001,2016,도봉구,서울특별시 도봉구 방학동(신동아아파트(방학동)11동 부근),4,4,0,1,2,1,37.66116125,127.0276047,"{""type"":""Polygon"",""coordinates"":[[[127.02940134,37.66116125],[127.02936682,37.66088378],[127.02926458,37.66061696],[127.02909856,37.66037107],[127.02887512,37.66015554],[127.02860287,37.65997866],[127.02829225,37.65984722],[127.02795522,37.65976628],[127.02760471,37.65973895],[127.02725421,37.65976628],[127.02691717,37.65984722],[127.02660656,37.65997866],[127.0263343,37.66015554],[127.02611087,37.66037107],[127.02594484,37.66061696],[127.0258426,37.66088378],[127.02580808,37.66116125],[127.0258426,37.66143872],[127.02594484,37.66170553],[127.02611087,37.66195142],[127.0263343,37.66216695],[127.02660656,37.66234382],[127.02691717,37.66247525],[127.02725421,37.66255619],[127.02760471,37.66258352],[127.02795522,37.66255619],[127.02829225,37.66247525],[127.02860287,37.66234382],[127.02887512,37.66216695],[127.02909856,37.66195142],[127.02926458,37.66170553],[127.02936682,37.66143872],[127.02940134,37.66116125]]]}"
91,1138010700,11380001,2016,은평구,서울특별시 은평구 응암동(파리바게뜨 부근),3,3,0,1,2,0,37.58802407,126.91756090000001,"{""type"":""Polygon"",""coordinates"":[[[126.91935756,37.58802407],[126.91932304,37.58774632],[126.9192208,37.58747924],[126.91905478,37.58723311],[126.91883134,37.58701736],[126.91855909,37.58684031],[126.91824847,37.58670874],[126.91791144,37.58662773],[126.91756093,37.58660037],[126.91721043,37.58662773],[126.91687339,37.58670874],[126.91656278,37.58684031],[126.91629052,37.58701736],[126.91606709,37.58723311],[126.91590106,37.58747924],[126.91579882,37.58774632],[126.9157643,37.58802407],[126.91579882,37.58830181],[126.91590106,37.58856888],[126.91606709,37.58881502],[126.91629052,37.58903075],[126.91656278,37.5892078],[126.91687339,37.58933936],[126.91721043,37.58942038],[126.91756093,37.58944773],[126.91791144,37.58942038],[126.91824847,37.58933936],[126.91855909,37.5892078],[126.91883134,37.58903075],[126.91905478,37.58881502],[126.9192208,37.58856888],[126.91932304,37.58830181],[126.91935756,37.58802407]]]}"
92,1138011000,11380002,2016,은평구,서울특별시 은평구 증산동(증산시장 부근),3,3,0,0,2,1,37.58186183,126.9049925,"{""type"":""Polygon"",""coordinates"":[[[126.90678912,37.58186183],[126.9067546,37.58158406],[126.90665236,37.58131696],[126.90648633,37.58107081],[126.9062629,37.58085505],[126.90599065,37.58067798],[126.90568003,37.5805464],[126.905343,37.58046538],[126.90499249,37.58043802],[126.90464199,37.58046538],[126.90430495,37.5805464],[126.90399434,37.58067798],[126.90372208,37.58085505],[126.90349865,37.58107081],[126.90333262,37.58131696],[126.90323038,37.58158406],[126.90319586,37.58186183],[126.90323038,37.5821396],[126.90333262,37.58240669],[126.90349865,37.58265285],[126.90372208,37.5828686],[126.90399434,37.58304567],[126.90430495,37.58317724],[126.90464199,37.58325826],[126.90499249,37.58328562],[126.905343,37.58325826],[126.90568003,37.58317724],[126.90599065,37.58304567],[126.9062629,37.5828686],[126.90648633,37.58265285],[126.90665236,37.58240669],[126.9067546,37.5821396],[126.90678912,37.58186183]]]}"
93,1141011800,11410001,2016,서대문구,서울특별시 서대문구 홍은동(우방빌라 부근),3,5,0,3,2,0,37.58097663,126.92595790000001,"{""type"":""Polygon"",""coordinates"":[[[126.92775452,37.58097663],[126.92772,37.58069886],[126.92761776,37.58043176],[126.92745173,37.5801856],[126.9272283,37.57996984],[126.92695604,37.57979277],[126.92664543,37.57966119],[126.9263084,37.57958016],[126.92595789,37.5795528],[126.92560739,37.57958016],[126.92527035,37.57966119],[126.92495974,37.57979277],[126.92468748,37.57996984],[126.92446405,37.5801856],[126.92429802,37.58043176],[126.92419578,37.58069886],[126.92416126,37.58097663],[126.92419578,37.58125441],[126.92429802,37.5815215],[126.92446405,37.58176766],[126.92468748,37.58198342],[126.92495974,37.58216048],[126.92527035,37.58229206],[126.92560739,37.58237308],[126.92595789,37.58240044],[126.9263084,37.58237308],[126.92664543,37.58229206],[126.92695604,37.58216048],[126.9272283,37.58198342],[126.92745173,37.58176766],[126.92761776,37.5815215],[126.92772,37.58125441],[126.92775452,37.58097663]]]}"
94,1150010600,11500001,2016,강서구,서울특별시 강서구 내발산동(수명파크3단지 부근),3,3,0,2,1,0,37.55361587,126.82609790000001,"{""type"":""Polygon"",""coordinates"":[[[126.82789449,37.55361587],[126.82785997,37.55333799],[126.82775773,37.55307079],[126.8275917,37.55282454],[126.82736827,37.5526087],[126.82709601,37.55243156],[126.8267854,37.55229994],[126.82644836,37.55221888],[126.82609786,37.55219151],[126.82574735,37.55221888],[126.82541032,37.55229994],[126.8250997,37.55243156],[126.82482745,37.5526087],[126.82460401,37.55282454],[126.82443799,37.55307079],[126.82433575,37.55333799],[126.82430123,37.55361587],[126.82433575,37.55389374],[126.82443799,37.55416093],[126.82460401,37.55440718],[126.82482745,37.55462302],[126.8250997,37.55480015],[126.82541032,37.55493177],[126.82574735,37.55501282],[126.82609786,37.55504019],[126.82644836,37.55501282],[126.8267854,37.55493177],[126.82709601,37.55480015],[126.82736827,37.55462302],[126.8275917,37.55440718],[126.82775773,37.55416093],[126.82785997,37.55389374],[126.82789449,37.55361587]]]}"
95,1150010600,11500002,2016,강서구,서울특별시 강서구 내발산동(수명중.고교입구 부근),3,3,0,2,0,1,37.5499056,126.8235162,"{""type"":""Polygon"",""coordinates"":[[[126.82531279,37.5499056],[126.82527826,37.54962771],[126.82517603,37.5493605],[126.82501,37.54911423],[126.82478656,37.54889838],[126.82451431,37.54872124],[126.8242037,37.5485896],[126.82386666,37.54850854],[126.82351615,37.54848117],[126.82316565,37.54850854],[126.82282861,37.5485896],[126.822518,37.54872124],[126.82224575,37.54889838],[126.82202231,37.54911423],[126.82185628,37.5493605],[126.82175405,37.54962771],[126.82171952,37.5499056],[126.82175405,37.55018349],[126.82185628,37.55045069],[126.82202231,37.55069695],[126.82224575,37.5509128],[126.822518,37.55108994],[126.82282861,37.55122157],[126.82316565,37.55130262],[126.82351615,37.55132999],[126.82386666,37.55130262],[126.8242037,37.55122157],[126.82451431,37.55108994],[126.82478656,37.5509128],[126.82501,37.55069695],[126.82517603,37.55045069],[126.82527826,37.55018349],[126.82531279,37.5499056]]]}"
96,1154510300,11545001,2016,금천구,서울특별시 금천구 시흥동(은행나무오거리 부근),3,3,0,1,2,0,37.45147006,126.90856090000001,"{""type"":""Polygon"",""coordinates"":[[[126.91035753,37.45147006],[126.910323,37.45119181],[126.91022077,37.45092424],[126.91005474,37.45067765],[126.90983131,37.45046152],[126.90955905,37.45028414],[126.90924844,37.45015233],[126.9089114,37.45007117],[126.9085609,37.45004376],[126.90821039,37.45007117],[126.90787336,37.45015233],[126.90756274,37.45028414],[126.90729049,37.45046152],[126.90706705,37.45067765],[126.90690103,37.45092424],[126.90679879,37.45119181],[126.90676427,37.45147006],[126.90679879,37.45174832],[126.90690103,37.45201588],[126.90706705,37.45226246],[126.90729049,37.45247859],[126.90756274,37.45265597],[126.90787336,37.45278777],[126.90821039,37.45286893],[126.9085609,37.45289634],[126.9089114,37.45286893],[126.90924844,37.45278777],[126.90955905,37.45265597],[126.90983131,37.45247859],[126.91005474,37.45226246],[126.91022077,37.45201588],[126.910323,37.45174832],[126.91035753,37.45147006]]]}"
97,1156012500,11560001,2016,영등포구,서울특별시 영등포구 양평동1가(양평역사거리 부근),3,3,0,0,3,0,37.52558401,126.88731570000002,"{""type"":""Polygon"",""coordinates"":[[[126.8891123,37.52558401],[126.88907778,37.52530603],[126.88897554,37.52503873],[126.88880951,37.52479239],[126.88858608,37.52457647],[126.88831382,37.52439926],[126.88800321,37.52426759],[126.88766617,37.5241865],[126.88731567,37.52415912],[126.88696516,37.5241865],[126.88662813,37.52426759],[126.88631751,37.52439926],[126.88604526,37.52457647],[126.88582183,37.52479239],[126.8856558,37.52503873],[126.88555356,37.52530603],[126.88551904,37.52558401],[126.88555356,37.52586199],[126.8856558,37.52612929],[126.88582183,37.52637562],[126.88604526,37.52659154],[126.88631751,37.52676874],[126.88662813,37.52690041],[126.88696516,37.52698149],[126.88731567,37.52700887],[126.88766617,37.52698149],[126.88800321,37.52690041],[126.88831382,37.52676874],[126.88858608,37.52659154],[126.88880951,37.52637562],[126.88897554,37.52612929],[126.88907778,37.52586199],[126.8891123,37.52558401]]]}"
98,1156013200,11560002,2016,영등포구,서울특별시 영등포구 신길동(청운빌딩 부근),3,3,0,0,3,0,37.50112767,126.9026304,"{""type"":""Polygon"",""coordinates"":[[[126.90442702,37.50112767],[126.9043925,37.5008496],[126.90429026,37.50058221],[126.90412423,37.50033579],[126.9039008,37.5001198],[126.90362855,37.49994253],[126.90331793,37.49981082],[126.9029809,37.4997297],[126.90263039,37.49970232],[126.90227989,37.4997297],[126.90194285,37.49981082],[126.90163224,37.49994253],[126.90135998,37.5001198],[126.90113655,37.50033579],[126.90097052,37.50058221],[126.90086828,37.5008496],[126.90083376,37.50112767],[126.90086828,37.50140574],[126.90097052,37.50167312],[126.90113655,37.50191954],[126.90135998,37.50213553],[126.90163224,37.50231279],[126.90194285,37.5024445],[126.90227989,37.50252561],[126.90263039,37.502553],[126.9029809,37.50252561],[126.90331793,37.5024445],[126.90362855,37.50231279],[126.9039008,37.50213553],[126.90412423,37.50191954],[126.90429026,37.50167312],[126.9043925,37.50140574],[126.90442702,37.50112767]]]}"
99,1159010200,11590001,2016,동작구,서울특별시 동작구 상도동(국민은행 부근),3,3,0,1,1,1,37.49913877,126.9281439,"{""type"":""Polygon"",""coordinates"":[[[126.92994055,37.49913877],[126.92990603,37.4988607],[126.92980379,37.4985933],[126.92963776,37.49834687],[126.92941433,37.49813087],[126.92914207,37.4979536],[126.92883146,37.49782188],[126.92849442,37.49774077],[126.92814392,37.49771338],[126.92779341,37.49774077],[126.92745638,37.49782188],[126.92714576,37.4979536],[126.92687351,37.49813087],[126.92665007,37.49834687],[126.92648405,37.4985933],[126.92638181,37.4988607],[126.92634729,37.49913877],[126.92638181,37.49941685],[126.92648405,37.49968424],[126.92665007,37.49993067],[126.92687351,37.50014666],[126.92714576,37.50032392],[126.92745638,37.50045564],[126.92779341,37.50053675],[126.92814392,37.50056414],[126.92849442,37.50053675],[126.92883146,37.50045564],[126.92914207,37.50032392],[126.92941433,37.50014666],[126.92963776,37.49993067],[126.92980379,37.49968424],[126.92990603,37.49941685],[126.92994055,37.49913877]]]}"
100,1162010200,11620001,2016,관악구,서울특별시 관악구 신림동(뿌리약국 부근),3,3,0,1,2,0,37.47424766,126.91857579999999,"{""type"":""Polygon"",""coordinates"":[[[126.92037247,37.47424766],[126.92033795,37.47396949],[126.92023571,37.47370201],[126.92006969,37.4734555],[126.91984625,37.47323942],[126.919574,37.4730621],[126.91926338,37.47293033],[126.91892635,37.47284919],[126.91857584,37.47282179],[126.91822534,37.47284919],[126.9178883,37.47293033],[126.91757769,37.4730621],[126.91730543,37.47323942],[126.917082,37.4734555],[126.91691597,37.47370201],[126.91681374,37.47396949],[126.91677921,37.47424766],[126.91681374,37.47452583],[126.91691597,37.47479331],[126.917082,37.47503982],[126.91730543,37.47525589],[126.91757769,37.47543321],[126.9178883,37.47556497],[126.91822534,37.47564611],[126.91857584,37.4756735],[126.91892635,37.47564611],[126.91926338,37.47556497],[126.919574,37.47543321],[126.91984625,37.47525589],[126.92006969,37.47503982],[126.92023571,37.47479331],[126.92033795,37.47452583],[126.92037247,37.47424766]]]}"
101,1165010200,11650001,2016,서초구,서울특별시 서초구 양재동(금호빌딩 부근),3,3,0,1,1,1,37.47144557,127.0440942,"{""type"":""Polygon"",""coordinates"":[[[127.04589082,37.47144557],[127.0458563,37.47116739],[127.04575406,37.47089989],[127.04558804,37.47065337],[127.0453646,37.47043729],[127.04509235,37.47025996],[127.04478173,37.47012819],[127.0444447,37.47004704],[127.04409419,37.47001965],[127.04374369,37.47004704],[127.04340665,37.47012819],[127.04309604,37.47025996],[127.04282378,37.47043729],[127.04260035,37.47065337],[127.04243432,37.47089989],[127.04233208,37.47116739],[127.04229756,37.47144557],[127.04233208,37.47172375],[127.04243432,37.47199124],[127.04260035,37.47223775],[127.04282378,37.47245383],[127.04309604,37.47263116],[127.04340665,37.47276292],[127.04374369,37.47284406],[127.04409419,37.47287146],[127.0444447,37.47284406],[127.04478173,37.47276292],[127.04509235,37.47263116],[127.0453646,37.47245383],[127.04558804,37.47223775],[127.04575406,37.47199124],[127.0458563,37.47172375],[127.04589082,37.47144557]]]}"
102,1168011800,11680001,2016,강남구,서울특별시 강남구 도곡동(경남아파트 부근),4,4,0,4,0,0,37.48787237,127.0398377,"{""type"":""Polygon"",""coordinates"":[[[127.04163436,37.48787237],[127.04159984,37.48759425],[127.0414976,37.48732682],[127.04133158,37.48708035],[127.04110814,37.48686432],[127.04083589,37.48668702],[127.04052527,37.48655528],[127.04018824,37.48647416],[127.03983773,37.48644676],[127.03948723,37.48647416],[127.03915019,37.48655528],[127.03883958,37.48668702],[127.03856732,37.48686432],[127.03834389,37.48708035],[127.03817786,37.48732682],[127.03807562,37.48759425],[127.0380411,37.48787237],[127.03807562,37.48815049],[127.03817786,37.48841792],[127.03834389,37.48866438],[127.03856732,37.48888041],[127.03883958,37.4890577],[127.03915019,37.48918944],[127.03948723,37.48927056],[127.03983773,37.48929795],[127.04018824,37.48927056],[127.04052527,37.48918944],[127.04083589,37.4890577],[127.04110814,37.48888041],[127.04133158,37.48866438],[127.0414976,37.48841792],[127.04159984,37.48815049],[127.04163436,37.48787237]]]}"
103,1174010100,11740001,2016,강동구,서울특별시 강동구 명일동(명일동사무소 부근),3,4,0,2,2,0,37.55007096,127.14667060000001,"{""type"":""Polygon"",""coordinates"":[[[127.1484672,37.55007096],[127.14843268,37.54979307],[127.14833044,37.54952586],[127.14816441,37.5492796],[127.14794098,37.54906375],[127.14766872,37.5488866],[127.14735811,37.54875497],[127.14702108,37.54867391],[127.14667057,37.54864654],[127.14632006,37.54867391],[127.14598303,37.54875497],[127.14567242,37.5488866],[127.14540016,37.54906375],[127.14517673,37.5492796],[127.1450107,37.54952586],[127.14490846,37.54979307],[127.14487394,37.55007096],[127.14490846,37.55034885],[127.1450107,37.55061606],[127.14517673,37.55086232],[127.14540016,37.55107816],[127.14567242,37.5512553],[127.14598303,37.55138693],[127.14632006,37.55146799],[127.14667057,37.55149536],[127.14702108,37.55146799],[127.14735811,37.55138693],[127.14766872,37.5512553],[127.14794098,37.55107816],[127.14816441,37.55086232],[127.14833044,37.55061606],[127.14843268,37.55034885],[127.1484672,37.55007096]]]}"
104,1174010800,11740002,2016,강동구,서울특별시 강동구 성내동(강동 삼성아파트 부근),3,4,0,0,4,0,37.53179047,127.12586340000001,"{""type"":""Polygon"",""coordinates"":[[[127.12766001,37.53179047],[127.12762548,37.53151252],[127.12752325,37.53124524],[127.12735722,37.53099892],[127.12713378,37.53078301],[127.12686153,37.53060582],[127.12655092,37.53047416],[127.12621388,37.53039308],[127.12586337,37.53036571],[127.12551287,37.53039308],[127.12517583,37.53047416],[127.12486522,37.53060582],[127.12459297,37.53078301],[127.12436953,37.53099892],[127.1242035,37.53124524],[127.12410127,37.53151252],[127.12406674,37.53179047],[127.12410127,37.53206843],[127.1242035,37.5323357],[127.12436953,37.53258202],[127.12459297,37.53279792],[127.12486522,37.53297511],[127.12517583,37.53310677],[127.12551287,37.53318784],[127.12586337,37.53321522],[127.12621388,37.53318784],[127.12655092,37.53310677],[127.12686153,37.53297511],[127.12713378,37.53279792],[127.12735722,37.53258202],[127.12752325,37.5323357],[127.12762548,37.53206843],[127.12766001,37.53179047]]]}"
105,1129013400,11290001,2017,성북구,서울특별시 성북구 길음동(미아초교앞 부근),3,3,0,1,2,0,37.61035661,127.02252859999999,"{""type"":""Polygon"",""coordinates"":[[[127.02432525,37.61035661],[127.02429073,37.61007895],[127.02418849,37.60981196],[127.02402247,37.60956589],[127.02379903,37.60935021],[127.02352678,37.60917321],[127.02321616,37.60904169],[127.02287913,37.60896069],[127.02252862,37.60893335],[127.02217812,37.60896069],[127.02184108,37.60904169],[127.02153047,37.60917321],[127.02125821,37.60935021],[127.02103478,37.60956589],[127.02086875,37.60981196],[127.02076651,37.61007895],[127.02073199,37.61035661],[127.02076651,37.61063428],[127.02086875,37.61090127],[127.02103478,37.61114733],[127.02125821,37.611363],[127.02153047,37.61154],[127.02184108,37.61167152],[127.02217812,37.61175251],[127.02252862,37.61177985],[127.02287913,37.61175251],[127.02321616,37.61167152],[127.02352678,37.61154],[127.02379903,37.611363],[127.02402247,37.61114733],[127.02418849,37.61090127],[127.02429073,37.61063428],[127.02432525,37.61035661]]]}"
106,1130510200,11305001,2017,강북구,서울특별시 강북구 번동(서울북부고용노동지청 부근),3,4,0,1,2,1,37.63524362,127.0346253,"{""type"":""Polygon"",""coordinates"":[[[127.03642197,37.63524362],[127.03638745,37.63496605],[127.03628521,37.63469914],[127.03611918,37.63445316],[127.03589575,37.63423755],[127.03562349,37.63406061],[127.03531288,37.63392913],[127.03497584,37.63384816],[127.03462534,37.63382083],[127.03427483,37.63384816],[127.0339378,37.63392913],[127.03362718,37.63406061],[127.03335493,37.63423755],[127.03313149,37.63445316],[127.03296547,37.63469914],[127.03286323,37.63496605],[127.03282871,37.63524362],[127.03286323,37.63552119],[127.03296547,37.63578809],[127.03313149,37.63603407],[127.03335493,37.63624967],[127.03362718,37.6364266],[127.0339378,37.63655808],[127.03427483,37.63663904],[127.03462534,37.63666638],[127.03497584,37.63663904],[127.03531288,37.63655808],[127.03562349,37.6364266],[127.03589575,37.63624967],[127.03611918,37.63603407],[127.03628521,37.63578809],[127.03638745,37.63552119],[127.03642197,37.63524362]]]}"
107,1130510100,11305002,2017,강북구,서울특별시 강북구 미아동(수유초교 부근),3,3,0,1,2,0,37.63029054,127.0212867,"{""type"":""Polygon"",""coordinates"":[[[127.02308333,37.63029054],[127.02304881,37.63001295],[127.02294657,37.62974603],[127.02278054,37.62950003],[127.02255711,37.62928441],[127.02228485,37.62910746],[127.02197424,37.62897597],[127.0216372,37.62889499],[127.0212867,37.62886765],[127.02093619,37.62889499],[127.02059916,37.62897597],[127.02028854,37.62910746],[127.02001629,37.62928441],[127.01979285,37.62950003],[127.01962683,37.62974603],[127.01952459,37.63001295],[127.01949007,37.63029054],[127.01952459,37.63056813],[127.01962683,37.63083505],[127.01979285,37.63108104],[127.02001629,37.63129666],[127.02028854,37.6314736],[127.02059916,37.63160509],[127.02093619,37.63168606],[127.0212867,37.6317134],[127.0216372,37.63168606],[127.02197424,37.63160509],[127.02228485,37.6314736],[127.02255711,37.63129666],[127.02278054,37.63108104],[127.02294657,37.63083505],[127.02304881,37.63056813],[127.02308333,37.63029054]]]}"
108,1135010600,11350001,2017,노원구,서울특별시 노원구 중계동(중계주공5단지아파트 부근),4,4,0,2,2,0,37.65144758,127.0761229,"{""type"":""Polygon"",""coordinates"":[[[127.07791955,37.65144758],[127.07788502,37.65117007],[127.07778279,37.65090323],[127.07761676,37.6506573],[127.07739333,37.65044174],[127.07712107,37.65026484],[127.07681046,37.65013338],[127.07647342,37.65005244],[127.07612292,37.6500251],[127.07577241,37.65005244],[127.07543537,37.65013338],[127.07512476,37.65026484],[127.07485251,37.65044174],[127.07462907,37.6506573],[127.07446305,37.65090323],[127.07436081,37.65117007],[127.07432629,37.65144758],[127.07436081,37.65172509],[127.07446305,37.65199194],[127.07462907,37.65223786],[127.07485251,37.65245341],[127.07512476,37.65263031],[127.07543537,37.65276176],[127.07577241,37.6528427],[127.07612292,37.65287004],[127.07647342,37.6528427],[127.07681046,37.65276176],[127.07712107,37.65263031],[127.07739333,37.65245341],[127.07761676,37.65223786],[127.07778279,37.65199194],[127.07788502,37.65172509],[127.07791955,37.65144758]]]}"
109,1135010400,11350002,2017,노원구,서울특별시 노원구 하계동(중계그린아파트 부근),3,3,0,1,0,2,37.63928578,127.0642841,"{""type"":""Polygon"",""coordinates"":[[[127.06608078,37.63928578],[127.06604626,37.63900822],[127.06594402,37.63874133],[127.06577799,37.63849536],[127.06555456,37.63827977],[127.0652823,37.63810283],[127.06497169,37.63797136],[127.06463465,37.6378904],[127.06428415,37.63786306],[127.06393364,37.6378904],[127.06359661,37.63797136],[127.06328599,37.63810283],[127.06301374,37.63827977],[127.0627903,37.63849536],[127.06262428,37.63874133],[127.06252204,37.63900822],[127.06248752,37.63928578],[127.06252204,37.63956333],[127.06262428,37.63983022],[127.0627903,37.64007618],[127.06301374,37.64029177],[127.06328599,37.6404687],[127.06359661,37.64060017],[127.06393364,37.64068113],[127.06428415,37.64070846],[127.06463465,37.64068113],[127.06497169,37.64060017],[127.0652823,37.6404687],[127.06555456,37.64029177],[127.06577799,37.64007618],[127.06594402,37.63983022],[127.06604626,37.63956333],[127.06608078,37.63928578]]]}"
110,1150010600,11500001,2017,강서구,서울특별시 강서구 내발산동(우장산공원입구 부근),3,3,0,1,1,1,37.55477165,126.8376128,"{""type"":""Polygon"",""coordinates"":[[[126.83940943,37.55477165],[126.83937491,37.55449378],[126.83927267,37.55422659],[126.83910664,37.55398034],[126.83888321,37.5537645],[126.83861095,37.55358737],[126.83830034,37.55345574],[126.8379633,37.55337469],[126.8376128,37.55334732],[126.83726229,37.55337469],[126.83692526,37.55345574],[126.83661465,37.55358737],[126.83634239,37.5537645],[126.83611896,37.55398034],[126.83595293,37.55422659],[126.83585069,37.55449378],[126.83581617,37.55477165],[126.83585069,37.55504952],[126.83595293,37.55531671],[126.83611896,37.55556296],[126.83634239,37.55577879],[126.83661465,37.55595592],[126.83692526,37.55608754],[126.83726229,37.55616859],[126.8376128,37.55619595],[126.8379633,37.55616859],[126.83830034,37.55608754],[126.83861095,37.55595592],[126.83888321,37.55577879],[126.83910664,37.55556296],[126.83927267,37.55531671],[126.83937491,37.55504952],[126.83940943,37.55477165]]]}"
111,1156012400,11560001,2017,영등포구,서울특별시 영등포구 문래동6가(문래한신아파트 부근),5,5,0,1,4,0,37.51930845,126.88478549999999,"{""type"":""Polygon"",""coordinates"":[[[126.8865821,37.51930845],[126.88654758,37.51903045],[126.88644534,37.51876313],[126.88627932,37.51851676],[126.88605588,37.51830082],[126.88578363,37.5181236],[126.88547301,37.51799192],[126.88513598,37.51791082],[126.88478547,37.51788344],[126.88443497,37.51791082],[126.88409793,37.51799192],[126.88378732,37.5181236],[126.88351506,37.51830082],[126.88329163,37.51851676],[126.8831256,37.51876313],[126.88302337,37.51903045],[126.88298884,37.51930845],[126.88302337,37.51958645],[126.8831256,37.51985377],[126.88329163,37.52010013],[126.88351506,37.52031607],[126.88378732,37.52049328],[126.88409793,37.52062496],[126.88443497,37.52070605],[126.88478547,37.52073343],[126.88513598,37.52070605],[126.88547301,37.52062496],[126.88578363,37.52049328],[126.88605588,37.52031607],[126.88627932,37.52010013],[126.88644534,37.51985377],[126.88654758,37.51958645],[126.8865821,37.51930845]]]}"
112,1159010500,11590001,2017,동작구,서울특별시 동작구 흑석동(중앙대학교병원 부근),5,6,0,3,3,0,37.50694996,126.9619428,"{""type"":""Polygon"",""coordinates"":[[[126.96373946,37.50694996],[126.96370494,37.50667191],[126.9636027,37.50640454],[126.96343667,37.50615814],[126.96321324,37.50594216],[126.96294098,37.50576491],[126.96263037,37.50563321],[126.96229333,37.5055521],[126.96194283,37.50552471],[126.96159232,37.5055521],[126.96125529,37.50563321],[126.96094467,37.50576491],[126.96067242,37.50594216],[126.96044898,37.50615814],[126.96028296,37.50640454],[126.96018072,37.50667191],[126.9601462,37.50694996],[126.96018072,37.50722801],[126.96028296,37.50749537],[126.96044898,37.50774177],[126.96067242,37.50795774],[126.96094467,37.50813498],[126.96125529,37.50826669],[126.96159232,37.50834779],[126.96194283,37.50837518],[126.96229333,37.50834779],[126.96263037,37.50826669],[126.96294098,37.50813498],[126.96321324,37.50795774],[126.96343667,37.50774177],[126.9636027,37.50749537],[126.96370494,37.50722801],[126.96373946,37.50694996]]]}"
113,1159010800,11590002,2017,동작구,서울특별시 동작구 대방동(성남고 부근),3,4,0,1,3,0,37.50493414,126.92507890000002,"{""type"":""Polygon"",""coordinates"":[[[126.92687552,37.50493414],[126.926841,37.50465609],[126.92673876,37.50438871],[126.92657274,37.5041423],[126.9263493,37.50392632],[126.92607705,37.50374907],[126.92576643,37.50361736],[126.9254294,37.50353625],[126.92507889,37.50350886],[126.92472839,37.50353625],[126.92439135,37.50361736],[126.92408074,37.50374907],[126.92380848,37.50392632],[126.92358505,37.5041423],[126.92341902,37.50438871],[126.92331679,37.50465609],[126.92328226,37.50493414],[126.92331679,37.5052122],[126.92341902,37.50547957],[126.92358505,37.50572598],[126.92380848,37.50594195],[126.92408074,37.5061192],[126.92439135,37.50625091],[126.92472839,37.50633201],[126.92507889,37.5063594],[126.9254294,37.50633201],[126.92576643,37.50625091],[126.92607705,37.5061192],[126.9263493,37.50594195],[126.92657274,37.50572598],[126.92673876,37.50547957],[126.926841,37.5052122],[126.92687552,37.50493414]]]}"
114,1159010200,11590003,2017,동작구,서울특별시 동작구 상도동(신대방삼거리역 부근),3,3,0,1,2,0,37.49967168,126.928997,"{""type"":""Polygon"",""coordinates"":[[[126.93079362,37.49967168],[126.9307591,37.4993936],[126.93065686,37.49912621],[126.93049084,37.49887978],[126.9302674,37.49866378],[126.92999515,37.49848652],[126.92968453,37.4983548],[126.9293475,37.49827368],[126.92899699,37.4982463],[126.92864649,37.49827368],[126.92830945,37.4983548],[126.92799884,37.49848652],[126.92772658,37.49866378],[126.92750315,37.49887978],[126.92733712,37.49912621],[126.92723488,37.4993936],[126.92720036,37.49967168],[126.92723488,37.49994975],[126.92733712,37.50021714],[126.92750315,37.50046357],[126.92772658,37.50067956],[126.92799884,37.50085682],[126.92830945,37.50098854],[126.92864649,37.50106965],[126.92899699,37.50109703],[126.9293475,37.50106965],[126.92968453,37.50098854],[126.92999515,37.50085682],[126.9302674,37.50067956],[126.93049084,37.50046357],[126.93065686,37.50021714],[126.9307591,37.49994975],[126.93079362,37.49967168]]]}"
115,1174010500,11740001,2017,강동구,서울특별시 강동구 길동(길동초교 부근),4,4,0,2,1,1,37.53810972,127.143679,"{""type"":""Polygon"",""coordinates"":[[[127.1454756,37.53810972],[127.14544108,37.53783179],[127.14533884,37.53756453],[127.14517282,37.53731823],[127.14494938,37.53710234],[127.14467713,37.53692517],[127.14436651,37.53679352],[127.14402948,37.53671245],[127.14367897,37.53668507],[127.14332847,37.53671245],[127.14299143,37.53679352],[127.14268082,37.53692517],[127.14240856,37.53710234],[127.14218513,37.53731823],[127.1420191,37.53756453],[127.14191686,37.53783179],[127.14188234,37.53810972],[127.14191686,37.53838765],[127.1420191,37.5386549],[127.14218513,37.5389012],[127.14240856,37.53911708],[127.14268082,37.53929425],[127.14299143,37.5394259],[127.14332847,37.53950697],[127.14367897,37.53953434],[127.14402948,37.53950697],[127.14436651,37.5394259],[127.14467713,37.53929425],[127.14494938,37.53911708],[127.14517282,37.5389012],[127.14533884,37.5386549],[127.14544108,37.53838765],[127.1454756,37.53810972]]]}"
116,1130510100,11305001,2018,강북구,서울특별시 강북구 미아동(삼양시장오거리 부근),4,5,0,1,4,0,37.62536179,127.0184892,"{""type"":""Polygon"",""coordinates"":[[[127.02028586,37.62536179],[127.02025134,37.62508418],[127.0201491,37.62481724],[127.01998308,37.62457123],[127.01975964,37.62435559],[127.01948739,37.62417863],[127.01917677,37.62404713],[127.01883974,37.62396615],[127.01848923,37.62393881],[127.01813873,37.62396615],[127.01780169,37.62404713],[127.01749108,37.62417863],[127.01721882,37.62435559],[127.01699539,37.62457123],[127.01682936,37.62481724],[127.01672712,37.62508418],[127.0166926,37.62536179],[127.01672712,37.6256394],[127.01682936,37.62590633],[127.01699539,37.62615234],[127.01721882,37.62636797],[127.01749108,37.62654493],[127.01780169,37.62667643],[127.01813873,37.6267574],[127.01848923,37.62678474],[127.01883974,37.6267574],[127.01917677,37.62667643],[127.01948739,37.62654493],[127.01975964,37.62636797],[127.01998308,37.62615234],[127.0201491,37.62590633],[127.02025134,37.6256394],[127.02028586,37.62536179]]]}"
117,1135010500,11350001,2018,노원구,서울특별시 노원구 상계동(홍파복지원앞사거리 부근),3,4,0,1,2,1,37.68008977,127.0556203,"{""type"":""Polygon"",""coordinates"":[[[127.05741698,37.68008977],[127.05738245,37.67981237],[127.05728022,37.67954563],[127.05711419,37.67929979],[127.05689075,37.67908432],[127.0566185,37.67890748],[127.05630789,37.67877608],[127.05597085,37.67869516],[127.05562035,37.67866784],[127.05526984,37.67869516],[127.0549328,37.67877608],[127.05462219,37.67890748],[127.05434994,37.67908432],[127.0541265,37.67929979],[127.05396048,37.67954563],[127.05385824,37.67981237],[127.05382371,37.68008977],[127.05385824,37.68036717],[127.05396048,37.68063391],[127.0541265,37.68087974],[127.05434994,37.68109521],[127.05462219,37.68127204],[127.0549328,37.68140344],[127.05526984,37.68148436],[127.05562035,37.68151168],[127.05597085,37.68148436],[127.05630789,37.68140344],[127.0566185,37.68127204],[127.05689075,37.68109521],[127.05711419,37.68087974],[127.05728022,37.68063391],[127.05738245,37.68036717],[127.05741698,37.68008977]]]}"
118,1135010600,11350002,2018,노원구,서울특별시 노원구 중계동(중계그린아파트107동 부근),3,3,0,0,1,2,37.64280728,127.06400190000001,"{""type"":""Polygon"",""coordinates"":[[[127.06579849,37.64280728],[127.06576397,37.64252973],[127.06566173,37.64226286],[127.0654957,37.6420169],[127.06527227,37.64180132],[127.06500001,37.64162439],[127.0646894,37.64149292],[127.06435236,37.64141197],[127.06400186,37.64138463],[127.06365135,37.64141197],[127.06331432,37.64149292],[127.06300371,37.64162439],[127.06273145,37.64180132],[127.06250802,37.6420169],[127.06234199,37.64226286],[127.06223975,37.64252973],[127.06220523,37.64280728],[127.06223975,37.64308482],[127.06234199,37.64335169],[127.06250802,37.64359764],[127.06273145,37.64381322],[127.06300371,37.64399014],[127.06331432,37.64412161],[127.06365135,37.64420256],[127.06400186,37.6442299],[127.06435236,37.64420256],[127.0646894,37.64412161],[127.06500001,37.64399014],[127.06527227,37.64381322],[127.0654957,37.64359764],[127.06566173,37.64335169],[127.06576397,37.64308482],[127.06579849,37.64280728]]]}"
119,1141011900,11410001,2018,서대문구,서울특별시 서대문구 북가좌동(북가좌초교사거리 부근),3,3,0,1,2,0,37.57805669,126.90959280000001,"{""type"":""Polygon"",""coordinates"":[[[126.91138947,37.57805669],[126.91135495,37.5777789],[126.91125271,37.57751179],[126.91108668,37.57726562],[126.91086325,37.57704985],[126.91059099,37.57687277],[126.91028038,37.57674119],[126.90994334,37.57666016],[126.90959284,37.5766328],[126.90924233,37.57666016],[126.9089053,37.57674119],[126.90859468,37.57687277],[126.90832243,37.57704985],[126.90809899,37.57726562],[126.90793297,37.57751179],[126.90783073,37.5777789],[126.90779621,37.57805669],[126.90783073,37.57833447],[126.90793297,37.57860158],[126.90809899,37.57884774],[126.90832243,37.57906351],[126.90859468,37.57924058],[126.9089053,37.57937216],[126.90924233,37.57945319],[126.90959284,37.57948054],[126.90994334,37.57945319],[126.91028038,37.57937216],[126.91059099,37.57924058],[126.91086325,37.57906351],[126.91108668,37.57884774],[126.91125271,37.57860158],[126.91135495,37.57833447],[126.91138947,37.57805669]]]}"
120,1147010100,11470001,2018,양천구,서울특별시 양천구 신정동(수정아파트102동 부근),3,3,0,1,2,0,37.51253598,126.84223020000002,"{""type"":""Polygon"",""coordinates"":[[[126.84402679,37.51253598],[126.84399226,37.51225795],[126.84389003,37.51199061],[126.843724,37.51174422],[126.84350057,37.51152826],[126.84322831,37.51135102],[126.8429177,37.51121932],[126.84258066,37.51113823],[126.84223016,37.51111084],[126.84187965,37.51113823],[126.84154261,37.51121932],[126.841232,37.51135102],[126.84095975,37.51152826],[126.84073631,37.51174422],[126.84057029,37.51199061],[126.84046805,37.51225795],[126.84043352,37.51253598],[126.84046805,37.51281401],[126.84057029,37.51308135],[126.84073631,37.51332773],[126.84095975,37.51354369],[126.841232,37.51372092],[126.84154261,37.51385261],[126.84187965,37.51393371],[126.84223016,37.51396109],[126.84258066,37.51393371],[126.8429177,37.51385261],[126.84322831,37.51372092],[126.84350057,37.51354369],[126.843724,37.51332773],[126.84389003,37.51308135],[126.84399226,37.51281401],[126.84402679,37.51253598]]]}"
121,1165010300,11650001,2018,서초구,서울특별시 서초구 우면동(서초네이처힐 3단지 314동 부근),3,3,0,1,2,0,37.46277916,127.0269477,"{""type"":""Polygon"",""coordinates"":[[[127.02874432,37.46277916],[127.02870979,37.46250094],[127.02860756,37.46223342],[127.02844153,37.46198687],[127.02821809,37.46177076],[127.02794584,37.46159341],[127.02763523,37.46146162],[127.02729819,37.46138047],[127.02694768,37.46135307],[127.02659718,37.46138047],[127.02626014,37.46146162],[127.02594953,37.46159341],[127.02567728,37.46177076],[127.02545384,37.46198687],[127.02528781,37.46223342],[127.02518558,37.46250094],[127.02515105,37.46277916],[127.02518558,37.46305737],[127.02528781,37.46332489],[127.02545384,37.46357144],[127.02567728,37.46378753],[127.02594953,37.46396488],[127.02626014,37.46409666],[127.02659718,37.46417781],[127.02694768,37.46420522],[127.02729819,37.46417781],[127.02763523,37.46409666],[127.02794584,37.46396488],[127.02821809,37.46378753],[127.02844153,37.46357144],[127.02860756,37.46332489],[127.02870979,37.46305737],[127.02874432,37.46277916]]]}"
122,1165010100,11650002,2018,서초구,서울특별시 서초구 방배동(방배초교입구사거리 부근),3,3,0,0,3,0,37.48699261,126.98613529999999,"{""type"":""Polygon"",""coordinates"":[[[126.98793196,37.48699261],[126.98789744,37.48671448],[126.9877952,37.48644705],[126.98762918,37.48620057],[126.98740574,37.48598454],[126.98713349,37.48580724],[126.98682287,37.4856755],[126.98648584,37.48559437],[126.98613533,37.48556698],[126.98578483,37.48559437],[126.98544779,37.4856755],[126.98513718,37.48580724],[126.98486492,37.48598454],[126.98464149,37.48620057],[126.98447546,37.48644705],[126.98437322,37.48671448],[126.9843387,37.48699261],[126.98437322,37.48727073],[126.98447546,37.48753816],[126.98464149,37.48778463],[126.98486492,37.48800066],[126.98513718,37.48817795],[126.98544779,37.48830969],[126.98578483,37.48839081],[126.98613533,37.4884182],[126.98648584,37.48839081],[126.98682287,37.48830969],[126.98713349,37.48817795],[126.98740574,37.48800066],[126.98762918,37.48778463],[126.9877952,37.48753816],[126.98789744,37.48727073],[126.98793196,37.48699261]]]}"
123,1168011800,11680001,2018,강남구,서울특별시 강남구 도곡동(언주초교 부근),3,3,0,1,2,0,37.48670858,127.0378933,"{""type"":""Polygon"",""coordinates"":[[[127.03968993,37.48670858],[127.03965541,37.48643046],[127.03955317,37.48616302],[127.03938715,37.48591655],[127.03916371,37.48570051],[127.03889146,37.48552321],[127.03858084,37.48539147],[127.03824381,37.48531034],[127.0378933,37.48528295],[127.0375428,37.48531034],[127.03720576,37.48539147],[127.03689515,37.48552321],[127.03662289,37.48570051],[127.03639946,37.48591655],[127.03623343,37.48616302],[127.0361312,37.48643046],[127.03609667,37.48670858],[127.0361312,37.4869867],[127.03623343,37.48725414],[127.03639946,37.48750061],[127.03662289,37.48771664],[127.03689515,37.48789393],[127.03720576,37.48802567],[127.0375428,37.48810679],[127.0378933,37.48813418],[127.03824381,37.48810679],[127.03858084,37.48802567],[127.03889146,37.48789393],[127.03916371,37.48771664],[127.03938715,37.48750061],[127.03955317,37.48725414],[127.03965541,37.4869867],[127.03968993,37.48670858]]]}"
124,1168010100,11680002,2018,강남구,서울특별시 강남구 역삼동(상지리츠빌1차 부근),3,4,0,0,4,0,37.49646954,127.04597509999999,"{""type"":""Polygon"",""coordinates"":[[[127.04777175,37.49646954],[127.04773723,37.49619145],[127.04763499,37.49592405],[127.04746897,37.49567761],[127.04724553,37.4954616],[127.04697328,37.49528433],[127.04666266,37.4951526],[127.04632563,37.49507148],[127.04597512,37.49504409],[127.04562462,37.49507148],[127.04528758,37.4951526],[127.04497697,37.49528433],[127.04470471,37.4954616],[127.04448128,37.49567761],[127.04431525,37.49592405],[127.04421301,37.49619145],[127.04417849,37.49646954],[127.04421301,37.49674763],[127.04431525,37.49701502],[127.04448128,37.49726146],[127.04470471,37.49747746],[127.04497697,37.49765473],[127.04528758,37.49778645],[127.04562462,37.49786757],[127.04597512,37.49789496],[127.04632563,37.49786757],[127.04666266,37.49778645],[127.04697328,37.49765473],[127.04724553,37.49747746],[127.04746897,37.49726146],[127.04763499,37.49701502],[127.04773723,37.49674763],[127.04777175,37.49646954]]]}"
125,1171011100,11710001,2018,송파구,서울특별시 송파구 방이동(방이초교 부근),4,4,0,1,2,1,37.51221882,127.12065990000002,"{""type"":""Polygon"",""coordinates"":[[[127.12245652,37.51221882],[127.122422,37.51194079],[127.12231976,37.51167344],[127.12215373,37.51142705],[127.1219303,37.51121109],[127.12165804,37.51103385],[127.12134743,37.51090216],[127.12101039,37.51082106],[127.12065989,37.51079367],[127.12030938,37.51082106],[127.11997235,37.51090216],[127.11966173,37.51103385],[127.11938948,37.51121109],[127.11916604,37.51142705],[127.11900002,37.51167344],[127.11889778,37.51194079],[127.11886326,37.51221882],[127.11889778,37.51249684],[127.11900002,37.51276419],[127.11916604,37.51301057],[127.11938948,37.51322653],[127.11966173,37.51340376],[127.11997235,37.51353545],[127.12030938,37.51361655],[127.12065989,37.51364393],[127.12101039,37.51361655],[127.12134743,37.51353545],[127.12165804,37.51340376],[127.1219303,37.51322653],[127.12215373,37.51301057],[127.12231976,37.51276419],[127.122422,37.51249684],[127.12245652,37.51221882]]]}"
126,1171010400,11710002,2018,송파구,서울특별시 송파구 송파동(중대초교 부근),3,3,0,1,2,0,37.50096266,127.11423980000001,"{""type"":""Polygon"",""coordinates"":[[[127.11603646,37.50096266],[127.11600193,37.50068459],[127.1158997,37.5004172],[127.11573367,37.50017078],[127.11551024,37.49995478],[127.11523798,37.49977752],[127.11492737,37.4996458],[127.11459033,37.49956469],[127.11423983,37.4995373],[127.11388932,37.49956469],[127.11355228,37.4996458],[127.11324167,37.49977752],[127.11296942,37.49995478],[127.11274598,37.50017078],[127.11257996,37.5004172],[127.11247772,37.50068459],[127.11244319,37.50096266],[127.11247772,37.50124073],[127.11257996,37.50150811],[127.11274598,37.50175453],[127.11296942,37.50197052],[127.11324167,37.50214778],[127.11355228,37.50227949],[127.11388932,37.5023606],[127.11423983,37.50238799],[127.11459033,37.5023606],[127.11492737,37.50227949],[127.11523798,37.50214778],[127.11551024,37.50197052],[127.11573367,37.50175453],[127.1158997,37.50150811],[127.11600193,37.50124073],[127.11603646,37.50096266]]]}"
127,1126010600,11260001,2019,중랑구,서울특별시 중랑구 신내동(중랑구청사거리 부근),3,3,0,1,2,0,37.60681649,127.09530079999999,"{""type"":""Polygon"",""coordinates"":[[[127.09709746,37.60681649],[127.09706294,37.60653881],[127.0969607,37.6062718],[127.09679468,37.60602573],[127.09657124,37.60581004],[127.09629899,37.60563303],[127.09598837,37.6055015],[127.09565134,37.6054205],[127.09530083,37.60539315],[127.09495033,37.6054205],[127.09461329,37.6055015],[127.09430268,37.60563303],[127.09403042,37.60581004],[127.09380699,37.60602573],[127.09364096,37.6062718],[127.09353872,37.60653881],[127.0935042,37.60681649],[127.09353872,37.60709416],[127.09364096,37.60736117],[127.09380699,37.60760724],[127.09403042,37.60782292],[127.09430268,37.60799993],[127.09461329,37.60813145],[127.09495033,37.60821245],[127.09530083,37.6082398],[127.09565134,37.60821245],[127.09598837,37.60813145],[127.09629899,37.60799993],[127.09657124,37.60782292],[127.09679468,37.60760724],[127.0969607,37.60736117],[127.09706294,37.60709416],[127.09709746,37.60681649]]]}"
128,1126010500,11260002,2019,중랑구,서울특별시 중랑구 망우동(면일초교 부근),3,3,0,0,2,1,37.59142603,127.099048,"{""type"":""Polygon"",""coordinates"":[[[127.10084459,37.59142603],[127.10081007,37.59114829],[127.10070783,37.59088123],[127.1005418,37.59063511],[127.10031837,37.59041937],[127.10004611,37.59024233],[127.0997355,37.59011077],[127.09939846,37.59002975],[127.09904796,37.5900024],[127.09869745,37.59002975],[127.09836042,37.59011077],[127.0980498,37.59024233],[127.09777755,37.59041937],[127.09755411,37.59063511],[127.09738809,37.59088123],[127.09728585,37.59114829],[127.09725133,37.59142603],[127.09728585,37.59170376],[127.09738809,37.59197082],[127.09755411,37.59221694],[127.09777755,37.59243267],[127.0980498,37.59260971],[127.09836042,37.59274127],[127.09869745,37.59282228],[127.09904796,37.59284963],[127.09939846,37.59282228],[127.0997355,37.59274127],[127.10004611,37.59260971],[127.10031837,37.59243267],[127.1005418,37.59221694],[127.10070783,37.59197082],[127.10081007,37.59170376],[127.10084459,37.59142603]]]}"
129,1129013900,11290001,2019,성북구,서울특별시 성북구 석관동(석관초교 부근),3,3,0,1,2,0,37.61017954,127.058256,"{""type"":""Polygon"",""coordinates"":[[[127.06005267,37.61017954],[127.06001814,37.60990187],[127.05991591,37.60963488],[127.05974988,37.60938881],[127.05952645,37.60917313],[127.05925419,37.60899613],[127.05894358,37.60886461],[127.05860654,37.60878361],[127.05825604,37.60875626],[127.05790553,37.60878361],[127.0575685,37.60886461],[127.05725788,37.60899613],[127.05698563,37.60917313],[127.05676219,37.60938881],[127.05659617,37.60963488],[127.05649393,37.60990187],[127.05645941,37.61017954],[127.05649393,37.6104572],[127.05659617,37.61072419],[127.05676219,37.61097025],[127.05698563,37.61118592],[127.05725788,37.61136292],[127.0575685,37.61149444],[127.05790553,37.61157543],[127.05825604,37.61160278],[127.05860654,37.61157543],[127.05894358,37.61149444],[127.05925419,37.61136292],[127.05952645,37.61118592],[127.05974988,37.61097025],[127.05991591,37.61072419],[127.06001814,37.6104572],[127.06005267,37.61017954]]]}"
130,1129012000,11290002,2019,성북구,서울특별시 성북구 동선동5가(정덕초교 부근),3,3,0,0,3,0,37.59752099,127.0143972,"{""type"":""Polygon"",""coordinates"":[[[127.0161938,37.59752099],[127.01615928,37.59724328],[127.01605704,37.59697624],[127.01589101,37.59673013],[127.01566758,37.59651442],[127.01539532,37.59633738],[127.01508471,37.59620584],[127.01474767,37.59612483],[127.01439717,37.59609748],[127.01404666,37.59612483],[127.01370963,37.59620584],[127.01339901,37.59633738],[127.01312676,37.59651442],[127.01290332,37.59673013],[127.0127373,37.59697624],[127.01263506,37.59724328],[127.01260054,37.59752099],[127.01263506,37.5977987],[127.0127373,37.59806574],[127.01290332,37.59831184],[127.01312676,37.59852755],[127.01339901,37.59870458],[127.01370963,37.59883612],[127.01404666,37.59891712],[127.01439717,37.59894447],[127.01474767,37.59891712],[127.01508471,37.59883612],[127.01539532,37.59870458],[127.01566758,37.59852755],[127.01589101,37.59831184],[127.01605704,37.59806574],[127.01615928,37.5977987],[127.0161938,37.59752099]]]}"
131,1150010300,11500001,2019,강서구,서울특별시 강서구 화곡동(우일유치원 부근),4,5,0,3,2,0,37.53545902,126.8551314,"{""type"":""Polygon"",""coordinates"":[[[126.85692801,37.53545902],[126.85689349,37.53518107],[126.85679125,37.53491381],[126.85662522,37.5346675],[126.85640179,37.5344516],[126.85612953,37.53427442],[126.85581892,37.53414277],[126.85548189,37.53406169],[126.85513138,37.53403432],[126.85478087,37.53406169],[126.85444384,37.53414277],[126.85413323,37.53427442],[126.85386097,37.5344516],[126.85363754,37.5346675],[126.85347151,37.53491381],[126.85336927,37.53518107],[126.85333475,37.53545902],[126.85336927,37.53573696],[126.85347151,37.53600422],[126.85363754,37.53625052],[126.85386097,37.53646641],[126.85413323,37.53664359],[126.85444384,37.53677524],[126.85478087,37.53685631],[126.85513138,37.53688369],[126.85548189,37.53685631],[126.85581892,37.53677524],[126.85612953,37.53664359],[126.85640179,37.53646641],[126.85662522,37.53625052],[126.85679125,37.53600422],[126.85689349,37.53573696],[126.85692801,37.53545902]]]}"
132,1156010900,11560001,2019,영등포구,서울특별시 영등포구 영등포동8가(마리아성모병원 부근),3,3,0,1,2,0,37.52725756,126.90614550000001,"{""type"":""Polygon"",""coordinates"":[[[126.90794215,37.52725756],[126.90790763,37.52697958],[126.90780539,37.52671229],[126.90763936,37.52646595],[126.90741593,37.52625004],[126.90714367,37.52607284],[126.90683306,37.52594116],[126.90649602,37.52586008],[126.90614552,37.5258327],[126.90579501,37.52586008],[126.90545798,37.52594116],[126.90514736,37.52607284],[126.90487511,37.52625004],[126.90465167,37.52646595],[126.90448565,37.52671229],[126.90438341,37.52697958],[126.90434889,37.52725756],[126.90438341,37.52753553],[126.90448565,37.52780282],[126.90465167,37.52804915],[126.90487511,37.52826507],[126.90514736,37.52844226],[126.90545798,37.52857393],[126.90579501,37.52865501],[126.90614552,37.52868239],[126.90649602,37.52865501],[126.90683306,37.52857393],[126.90714367,37.52844226],[126.90741593,37.52826507],[126.90763936,37.52804915],[126.90780539,37.52780282],[126.90790763,37.52753553],[126.90794215,37.52725756]]]}"
133,1159010800,11590001,2019,동작구,서울특별시 동작구 대방동(참새어린이공원 부근),3,3,0,2,0,1,37.4984346,126.9212853,"{""type"":""Polygon"",""coordinates"":[[[126.92308197,37.4984346],[126.92304745,37.49815652],[126.92294521,37.49788912],[126.92277918,37.49764269],[126.92255575,37.49742669],[126.92228349,37.49724942],[126.92197288,37.4971177],[126.92163584,37.49703658],[126.92128534,37.49700919],[126.92093483,37.49703658],[126.9205978,37.4971177],[126.92028718,37.49724942],[126.92001493,37.49742669],[126.91979149,37.49764269],[126.91962547,37.49788912],[126.91952323,37.49815652],[126.91948871,37.4984346],[126.91952323,37.49871268],[126.91962547,37.49898007],[126.91979149,37.4992265],[126.92001493,37.4994425],[126.92028718,37.49961976],[126.9205978,37.49975148],[126.92093483,37.49983259],[126.92128534,37.49985998],[126.92163584,37.49983259],[126.92197288,37.49975148],[126.92228349,37.49961976],[126.92255575,37.4994425],[126.92277918,37.4992265],[126.92294521,37.49898007],[126.92304745,37.49871268],[126.92308197,37.4984346]]]}"
134,1162010100,11620001,2019,관악구,서울특별시 관악구 봉천동(영빌딩 부근),3,3,0,0,3,0,37.47393111,126.9661543,"{""type"":""Polygon"",""coordinates"":[[[126.96795093,37.47393111],[126.96791641,37.47365293],[126.96781417,37.47338545],[126.96764814,37.47313894],[126.96742471,37.47292286],[126.96715245,37.47274554],[126.96684184,37.47261377],[126.96650481,37.47253263],[126.9661543,37.47250523],[126.96580379,37.47253263],[126.96546676,37.47261377],[126.96515615,37.47274554],[126.96488389,37.47292286],[126.96466046,37.47313894],[126.96449443,37.47338545],[126.96439219,37.47365293],[126.96435767,37.47393111],[126.96439219,37.47420928],[126.96449443,37.47447676],[126.96466046,37.47472327],[126.96488389,37.47493934],[126.96515615,37.47511666],[126.96546676,37.47524842],[126.96580379,37.47532956],[126.9661543,37.47535695],[126.96650481,37.47532956],[126.96684184,37.47524842],[126.96715245,37.47511666],[126.96742471,37.47493934],[126.96764814,37.47472327],[126.96781417,37.47447676],[126.96791641,37.47420928],[126.96795093,37.47393111]]]}"
135,1168010400,11680001,2019,강남구,서울특별시 강남구 청담동(청담e편한세상3차아파트 부근),3,4,0,0,4,0,37.51863558,127.04508600000001,"{""type"":""Polygon"",""coordinates"":[[[127.0468826,37.51863558],[127.04684808,37.51835758],[127.04674584,37.51809026],[127.04657981,37.51784389],[127.04635638,37.51762795],[127.04608412,37.51745073],[127.04577351,37.51731904],[127.04543647,37.51723795],[127.04508597,37.51721056],[127.04473546,37.51723795],[127.04439843,37.51731904],[127.04408781,37.51745073],[127.04381556,37.51762795],[127.04359212,37.51784389],[127.0434261,37.51809026],[127.04332386,37.51835758],[127.04328934,37.51863558],[127.04332386,37.51891359],[127.0434261,37.51918091],[127.04359212,37.51942727],[127.04381556,37.51964321],[127.04408781,37.51982043],[127.04439843,37.51995211],[127.04473546,37.5200332],[127.04508597,37.52006058],[127.04543647,37.5200332],[127.04577351,37.51995211],[127.04608412,37.51982043],[127.04635638,37.51964321],[127.04657981,37.51942727],[127.04674584,37.51918091],[127.04684808,37.51891359],[127.0468826,37.51863558]]]}"
136,1174010500,11740001,2019,강동구,서울특별시 강동구 길동(나래하우스빌라 부근),3,3,0,0,1,2,37.54276778,127.14593529999999,"{""type"":""Polygon"",""coordinates"":[[[127.14773192,37.54276778],[127.14769739,37.54248987],[127.14759516,37.54222263],[127.14742913,37.54197634],[127.14720569,37.54176047],[127.14693344,37.54158331],[127.14662283,37.54145166],[127.14628579,37.5413706],[127.14593529,37.54134322],[127.14558478,37.5413706],[127.14524774,37.54145166],[127.14493713,37.54158331],[127.14466488,37.54176047],[127.14444144,37.54197634],[127.14427541,37.54222263],[127.14417318,37.54248987],[127.14413865,37.54276778],[127.14417318,37.5430457],[127.14427541,37.54331293],[127.14444144,37.54355922],[127.14466488,37.54377508],[127.14493713,37.54395224],[127.14524774,37.54408388],[127.14558478,37.54416494],[127.14593529,37.54419232],[127.14628579,37.54416494],[127.14662283,37.54408388],[127.14693344,37.54395224],[127.14720569,37.54377508],[127.14742913,37.54355922],[127.14759516,37.54331293],[127.14769739,37.5430457],[127.14773192,37.54276778]]]}"
137,1130510200,11305001,2020,강북구,서울특별시 강북구 번동(삼덕상운 부근),4,4,0,0,4,0,37.62801501,127.0415179,"{""type"":""Polygon"",""coordinates"":[[[127.04331451,37.62801501],[127.04327999,37.62773742],[127.04317775,37.62747048],[127.04301173,37.62722448],[127.04278829,37.62700885],[127.04251604,37.62683189],[127.04220542,37.6267004],[127.04186839,37.62661942],[127.04151788,37.62659208],[127.04116738,37.62661942],[127.04083034,37.6267004],[127.04051973,37.62683189],[127.04024747,37.62700885],[127.04002404,37.62722448],[127.03985801,37.62747048],[127.03975578,37.62773742],[127.03972125,37.62801501],[127.03975578,37.62829261],[127.03985801,37.62855954],[127.04002404,37.62880554],[127.04024747,37.62902116],[127.04051973,37.62919811],[127.04083034,37.6293296],[127.04116738,37.62941057],[127.04151788,37.62943791],[127.04186839,37.62941057],[127.04220542,37.6293296],[127.04251604,37.62919811],[127.04278829,37.62902116],[127.04301173,37.62880554],[127.04317775,37.62855954],[127.04327999,37.62829261],[127.04331451,37.62801501]]]}"
138,1138010300,11380001,2020,은평구,서울특별시 은평구 불광동(연신초교삼거리 부근),4,4,0,2,1,1,37.62459676,126.9281236,"{""type"":""Polygon"",""coordinates"":[[[126.92992023,37.62459676],[126.92988571,37.62431915],[126.92978347,37.62405221],[126.92961744,37.62380619],[126.92939401,37.62359055],[126.92912176,37.62341358],[126.92881114,37.62328208],[126.92847411,37.62320111],[126.9281236,37.62317376],[126.9277731,37.62320111],[126.92743606,37.62328208],[126.92712545,37.62341358],[126.92685319,37.62359055],[126.92662976,37.62380619],[126.92646373,37.62405221],[126.92636149,37.62431915],[126.92632697,37.62459676],[126.92636149,37.62487437],[126.92646373,37.62514131],[126.92662976,37.62538732],[126.92685319,37.62560295],[126.92712545,37.62577991],[126.92743606,37.62591141],[126.9277731,37.62599238],[126.9281236,37.62601973],[126.92847411,37.62599238],[126.92881114,37.62591141],[126.92912176,37.62577991],[126.92939401,37.62560295],[126.92961744,37.62538732],[126.92978347,37.62514131],[126.92988571,37.62487437],[126.92992023,37.62459676]]]}"
139,1138010800,11380002,2020,은평구,서울특별시 은평구 역촌동(역촌초교앞사거리 부근),3,3,0,1,1,1,37.60215205,126.9133949,"{""type"":""Polygon"",""coordinates"":[[[126.91519149,37.60215205],[126.91515697,37.60187435],[126.91505473,37.60160733],[126.9148887,37.60136124],[126.91466527,37.60114554],[126.91439301,37.60096851],[126.9140824,37.60083697],[126.91374536,37.60075597],[126.91339486,37.60072862],[126.91304435,37.60075597],[126.91270732,37.60083697],[126.9123967,37.60096851],[126.91212445,37.60114554],[126.91190102,37.60136124],[126.91173499,37.60160733],[126.91163275,37.60187435],[126.91159823,37.60215205],[126.91163275,37.60242974],[126.91173499,37.60269676],[126.91190102,37.60294285],[126.91212445,37.60315854],[126.9123967,37.60333556],[126.91270732,37.60346709],[126.91304435,37.60354809],[126.91339486,37.60357544],[126.91374536,37.60354809],[126.9140824,37.60346709],[126.91439301,37.60333556],[126.91466527,37.60315854],[126.9148887,37.60294285],[126.91505473,37.60269676],[126.91515697,37.60242974],[126.91519149,37.60215205]]]}"
140,1147010300,11470001,2020,양천구,서울특별시 양천구 신월동(금실어린이공원 부근),3,3,0,1,2,0,37.51892864,126.8366284,"{""type"":""Polygon"",""coordinates"":[[[126.83842505,37.51892864],[126.83839053,37.51865063],[126.83828829,37.51838331],[126.83812227,37.51813694],[126.83789883,37.517921],[126.83762658,37.51774378],[126.83731596,37.51761209],[126.83697893,37.517531],[126.83662842,37.51750362],[126.83627792,37.517531],[126.83594088,37.51761209],[126.83563027,37.51774378],[126.83535801,37.517921],[126.83513458,37.51813694],[126.83496855,37.51838331],[126.83486631,37.51865063],[126.83483179,37.51892864],[126.83486631,37.51920664],[126.83496855,37.51947396],[126.83513458,37.51972032],[126.83535801,37.51993626],[126.83563027,37.52011347],[126.83594088,37.52024515],[126.83627792,37.52032624],[126.83662842,37.52035362],[126.83697893,37.52032624],[126.83731596,37.52024515],[126.83762658,37.52011347],[126.83789883,37.51993626],[126.83812227,37.51972032],[126.83828829,37.51947396],[126.83839053,37.51920664],[126.83842505,37.51892864]]]}"
141,1150010300,11500001,2020,강서구,서울특별시 강서구 화곡동(서울강서대학입구교차로 부근),4,4,0,1,2,1,37.54689872,126.84539550000001,"{""type"":""Polygon"",""coordinates"":[[[126.84719217,37.54689872],[126.84715765,37.54662082],[126.84705541,37.5463536],[126.84688938,37.54610733],[126.84666595,37.54589147],[126.8463937,37.54571431],[126.84608308,37.54558268],[126.84574605,37.54550162],[126.84539554,37.54547424],[126.84504504,37.54550162],[126.844708,37.54558268],[126.84439739,37.54571431],[126.84412513,37.54589147],[126.8439017,37.54610733],[126.84373567,37.5463536],[126.84363343,37.54662082],[126.84359891,37.54689872],[126.84363343,37.54717662],[126.84373567,37.54744384],[126.8439017,37.54769011],[126.84412513,37.54790597],[126.84439739,37.54808312],[126.844708,37.54821475],[126.84504504,37.54829581],[126.84539554,37.54832318],[126.84574605,37.54829581],[126.84608308,37.54821475],[126.8463937,37.54808312],[126.84666595,37.54790597],[126.84688938,37.54769011],[126.84705541,37.54744384],[126.84715765,37.54717662],[126.84719217,37.54689872]]]}"
142,1150010300,11500002,2020,강서구,서울특별시 강서구 화곡동(한라한의원 부근),3,3,0,2,1,0,37.53335967,126.84814490000001,"{""type"":""Polygon"",""coordinates"":[[[126.84994157,37.53335967],[126.84990705,37.53308172],[126.84980481,37.53281445],[126.84963878,37.53256813],[126.84941535,37.53235223],[126.84914309,37.53217505],[126.84883248,37.53204339],[126.84849544,37.53196231],[126.84814494,37.53193493],[126.84779443,37.53196231],[126.8474574,37.53204339],[126.84714678,37.53217505],[126.84687453,37.53235223],[126.8466511,37.53256813],[126.84648507,37.53281445],[126.84638283,37.53308172],[126.84634831,37.53335967],[126.84638283,37.53363762],[126.84648507,37.53390489],[126.8466511,37.5341512],[126.84687453,37.5343671],[126.84714678,37.53454428],[126.8474574,37.53467594],[126.84779443,37.53475701],[126.84814494,37.53478439],[126.84849544,37.53475701],[126.84883248,37.53467594],[126.84914309,37.53454428],[126.84941535,37.5343671],[126.84963878,37.5341512],[126.84980481,37.53390489],[126.84990705,37.53363762],[126.84994157,37.53335967]]]}"
143,1150010300,11500003,2020,강서구,서울특별시 강서구 화곡동(이수약국 부근),3,3,0,0,2,1,37.53447188,126.8550678,"{""type"":""Polygon"",""coordinates"":[[[126.85686447,37.53447188],[126.85682995,37.53419394],[126.85672771,37.53392667],[126.85656168,37.53368035],[126.85633825,37.53346446],[126.856066,37.53328727],[126.85575538,37.53315562],[126.85541835,37.53307454],[126.85506784,37.53304716],[126.85471734,37.53307454],[126.8543803,37.53315562],[126.85406969,37.53328727],[126.85379743,37.53346446],[126.853574,37.53368035],[126.85340797,37.53392667],[126.85330573,37.53419394],[126.85327121,37.53447188],[126.85330573,37.53474983],[126.85340797,37.53501709],[126.853574,37.5352634],[126.85379743,37.53547929],[126.85406969,37.53565647],[126.8543803,37.53578813],[126.85471734,37.5358692],[126.85506784,37.53589657],[126.85541835,37.5358692],[126.85575538,37.53578813],[126.856066,37.53565647],[126.85633825,37.53547929],[126.85656168,37.5352634],[126.85672771,37.53501709],[126.85682995,37.53474983],[126.85686447,37.53447188]]]}"
144,1153010200,11530001,2020,구로구,서울특별시 구로구 구로동(성은어린이집 부근),5,5,0,2,3,0,37.49060829,126.8832238,"{""type"":""Polygon"",""coordinates"":[[[126.8850204,37.49060829],[126.88498587,37.49033018],[126.88488364,37.49006276],[126.88471761,37.4898163],[126.88449418,37.48960027],[126.88422192,37.48942298],[126.88391131,37.48929125],[126.88357427,37.48921013],[126.88322377,37.48918273],[126.88287326,37.48921013],[126.88253623,37.48929125],[126.88222561,37.48942298],[126.88195336,37.48960027],[126.88172992,37.4898163],[126.8815639,37.49006276],[126.88146166,37.49033018],[126.88142714,37.49060829],[126.88146166,37.4908864],[126.8815639,37.49115382],[126.88172992,37.49140027],[126.88195336,37.49161629],[126.88222561,37.49179357],[126.88253623,37.49192531],[126.88287326,37.49200643],[126.88322377,37.49203382],[126.88357427,37.49200643],[126.88391131,37.49192531],[126.88422192,37.49179357],[126.88449418,37.49161629],[126.88471761,37.49140027],[126.88488364,37.49115382],[126.88498587,37.4908864],[126.8850204,37.49060829]]]}"
145,1153010700,11530002,2020,구로구,서울특별시 구로구 개봉동(개봉중앙시장 부근),4,5,0,1,3,1,37.49159655,126.8538998,"{""type"":""Polygon"",""coordinates"":[[[126.85569641,37.49159655],[126.85566189,37.49131845],[126.85555965,37.49105103],[126.85539362,37.49080457],[126.85517019,37.49058855],[126.85489793,37.49041127],[126.85458732,37.49027953],[126.85425029,37.49019841],[126.85389978,37.49017102],[126.85354927,37.49019841],[126.85321224,37.49027953],[126.85290163,37.49041127],[126.85262937,37.49058855],[126.85240594,37.49080457],[126.85223991,37.49105103],[126.85213767,37.49131845],[126.85210315,37.49159655],[126.85213767,37.49187466],[126.85223991,37.49214208],[126.85240594,37.49238853],[126.85262937,37.49260455],[126.85290163,37.49278182],[126.85321224,37.49291355],[126.85354927,37.49299467],[126.85389978,37.49302206],[126.85425029,37.49299467],[126.85458732,37.49291355],[126.85489793,37.49278182],[126.85517019,37.49260455],[126.85539362,37.49238853],[126.85555965,37.49214208],[126.85566189,37.49187466],[126.85569641,37.49159655]]]}"
146,1162010200,11620001,2020,관악구,서울특별시 관악구 신림동(뿌리약국 부근),3,4,0,2,2,0,37.47468035,126.9185838,"{""type"":""Polygon"",""coordinates"":[[[126.92038043,37.47468035],[126.92034591,37.47440218],[126.92024367,37.4741347],[126.92007765,37.47388819],[126.91985421,37.47367212],[126.91958196,37.47349479],[126.91927134,37.47336303],[126.91893431,37.47328189],[126.9185838,37.47325449],[126.9182333,37.47328189],[126.91789626,37.47336303],[126.91758565,37.47349479],[126.91731339,37.47367212],[126.91708996,37.47388819],[126.91692393,37.4741347],[126.91682169,37.47440218],[126.91678717,37.47468035],[126.91682169,37.47495852],[126.91692393,37.475226],[126.91708996,37.4754725],[126.91731339,37.47568857],[126.91758565,37.47586589],[126.91789626,37.47599765],[126.9182333,37.47607879],[126.9185838,37.47610618],[126.91893431,37.47607879],[126.91927134,37.47599765],[126.91958196,37.47586589],[126.91985421,37.47568857],[126.92007765,37.4754725],[126.92024367,37.475226],[126.92034591,37.47495852],[126.92038043,37.47468035]]]}"
147,1168010600,11680001,2020,강남구,서울특별시 강남구 대치동(대치사거리 부근),3,4,0,0,4,0,37.50288454,127.05848529999999,"{""type"":""Polygon"",""coordinates"":[[[127.06028188,37.50288454],[127.06024736,37.50260648],[127.06014512,37.5023391],[127.0599791,37.50209268],[127.05975566,37.50187669],[127.05948341,37.50169943],[127.05917279,37.50156771],[127.05883576,37.50148661],[127.05848525,37.50145922],[127.05813475,37.50148661],[127.05779771,37.50156771],[127.0574871,37.50169943],[127.05721484,37.50187669],[127.05699141,37.50209268],[127.05682538,37.5023391],[127.05672314,37.50260648],[127.05668862,37.50288454],[127.05672314,37.5031626],[127.05682538,37.50342998],[127.05699141,37.50367639],[127.05721484,37.50389238],[127.0574871,37.50406963],[127.05779771,37.50420134],[127.05813475,37.50428245],[127.05848525,37.50430983],[127.05883576,37.50428245],[127.05917279,37.50420134],[127.05948341,37.50406963],[127.05975566,37.50389238],[127.0599791,37.50367639],[127.06014512,37.50342998],[127.06024736,37.5031626],[127.06028188,37.50288454]]]}"
148,1171011300,11710001,2020,송파구,서울특별시 송파구 거여동(거마로11 부근),3,5,0,1,2,2,37.49441619,127.1447617,"{""type"":""Polygon"",""coordinates"":[[[127.14655837,37.49441619],[127.14652385,37.4941381],[127.14642161,37.49387069],[127.14625558,37.49362424],[127.14603215,37.49340823],[127.14575989,37.49323095],[127.14544928,37.49309922],[127.14511224,37.4930181],[127.14476174,37.49299071],[127.14441123,37.4930181],[127.1440742,37.49309922],[127.14376358,37.49323095],[127.14349133,37.49340823],[127.14326789,37.49362424],[127.14310187,37.49387069],[127.14299963,37.4941381],[127.14296511,37.49441619],[127.14299963,37.49469429],[127.14310187,37.49496169],[127.14326789,37.49520814],[127.14349133,37.49542414],[127.14376358,37.49560142],[127.1440742,37.49573314],[127.14441123,37.49581426],[127.14476174,37.49584165],[127.14511224,37.49581426],[127.14544928,37.49573314],[127.14575989,37.49560142],[127.14603215,37.49542414],[127.14625558,37.49520814],[127.14642161,37.49496169],[127.14652385,37.49469429],[127.14655837,37.49441619]]]}"
149,1171010100,11710002,2020,송파구,서울특별시 송파구 잠실동(신천역 부근),3,3,0,0,2,1,37.51149797,127.08544380000001,"{""type"":""Polygon"",""coordinates"":[[[127.08724046,37.51149797],[127.08720594,37.51121993],[127.0871037,37.51095258],[127.08693768,37.51070619],[127.08671424,37.51049023],[127.08644199,37.51031299],[127.08613137,37.51018129],[127.08579434,37.51010019],[127.08544383,37.51007281],[127.08509333,37.51010019],[127.08475629,37.51018129],[127.08444568,37.51031299],[127.08417342,37.51049023],[127.08394999,37.51070619],[127.08378396,37.51095258],[127.08368172,37.51121993],[127.0836472,37.51149797],[127.08368172,37.511776],[127.08378396,37.51204334],[127.08394999,37.51228973],[127.08417342,37.51250569],[127.08444568,37.51268292],[127.08475629,37.51281461],[127.08509333,37.51289571],[127.08544383,37.5129231],[127.08579434,37.51289571],[127.08613137,37.51281461],[127.08644199,37.51268292],[127.08671424,37.51250569],[127.08693768,37.51228973],[127.0871037,37.51204334],[127.08720594,37.511776],[127.08724046,37.51149797]]]}"
150,1174010700,11740001,2020,강동구,서울특별시 강동구 암사동(암사2동주민센터 부근),4,5,0,0,5,0,37.5519059,127.12689979999999,"{""type"":""Polygon"",""coordinates"":[[[127.12869644,37.5519059],[127.12866191,37.55162802],[127.12855968,37.55136081],[127.12839365,37.55111456],[127.12817022,37.55089871],[127.12789796,37.55072157],[127.12758735,37.55058994],[127.12725031,37.55050888],[127.12689981,37.55048151],[127.1265493,37.55050888],[127.12621227,37.55058994],[127.12590165,37.55072157],[127.1256294,37.55089871],[127.12540596,37.55111456],[127.12523994,37.55136081],[127.1251377,37.55162802],[127.12510318,37.5519059],[127.1251377,37.55218378],[127.12523994,37.55245098],[127.12540596,37.55269723],[127.1256294,37.55291307],[127.12590165,37.55309021],[127.12621227,37.55322183],[127.1265493,37.55330289],[127.12689981,37.55333026],[127.12725031,37.55330289],[127.12758735,37.55322183],[127.12789796,37.55309021],[127.12817022,37.55291307],[127.12839365,37.55269723],[127.12855968,37.55245098],[127.12866191,37.55218378],[127.12869644,37.5519059]]]}"
151,1174010900,11740002,2020,강동구,서울특별시 강동구 천호동(천일초교 부근),3,3,0,0,2,1,37.54320534,127.13163970000001,"{""type"":""Polygon"",""coordinates"":[[[127.13343628,37.54320534],[127.13340176,37.54292743],[127.13329952,37.54266019],[127.13313349,37.54241391],[127.13291006,37.54219803],[127.1326378,37.54202087],[127.13232719,37.54188923],[127.13199016,37.54180816],[127.13163965,37.54178079],[127.13128915,37.54180816],[127.13095211,37.54188923],[127.1306415,37.54202087],[127.13036924,37.54219803],[127.13014581,37.54241391],[127.12997978,37.54266019],[127.12987754,37.54292743],[127.12984302,37.54320534],[127.12987754,37.54348325],[127.12997978,37.54375049],[127.13014581,37.54399677],[127.13036924,37.54421263],[127.1306415,37.54438979],[127.13095211,37.54452143],[127.13128915,37.54460249],[127.13163965,37.54462987],[127.13199016,37.54460249],[127.13232719,37.54452143],[127.1326378,37.54438979],[127.13291006,37.54421263],[127.13313349,37.54399677],[127.13329952,37.54375049],[127.13340176,37.54348325],[127.13343628,37.54320534]]]}"
