,시설종류,대상시설명,행정구역,경도,위도,다발지역사고건수,다발지역KSI,스쿨존사고건수,스쿨존KSI,ARI
1109,유치원,화일초등학교병설유치원,강서구,126.847465,37.54071221,14,6,5,1,4.05
1108,초등학교,화일초등학교,강서구,126.847465,37.54071221,14,6,5,1,4.05
306,어린이집,강동무지개어린이집,강동구,127.14066409999998,37.54460484,13,4,3,2,3.42
1130,유치원,예은유치원,강서구,126.847243,37.538834,14,6,2,0,3.42
300,어린이집,라온어린이집,강동구,127.1393804,37.5431379,13,4,2,1,3.16
340,어린이집,한양어린이집,강동구,127.14281470000002,37.5435458,13,4,2,1,3.16
555,초등학교,천호초등학교,강동구,127.1365923,37.54771897,13,2,1,1,2.86
1099,어린이집,텀블랜드,서초구,127.039679,37.479239586999995,10,6,2,1,2.78
441,어린이집,선우어린이집,강남구,127.0385091,37.490733,10,5,2,1,2.68
651,어린이집,꿈나무어린이집,동작구,126.9229536,37.50461575,12,5,0,0,2.6
299,어린이집,반석어린이집,강동구,127.1473249,37.54281137,10,4,2,1,2.6
1075,초등학교,신곡초등학교,강서구,126.8560116,37.5390734,10,5,2,0,2.6
1123,유치원,우일유치원,강서구,126.855313,37.5351277,10,5,2,0,2.6
719,유치원,성모유치원,영등포구,126.9215852,37.50555535,12,5,0,0,2.6
1119,유치원,새싹유치원,강서구,126.8580387,37.53221274,10,5,2,0,2.6
1115,유치원,신영유치원,강서구,126.849217,37.530958,10,5,2,0,2.6
491,유치원,사랑유치원,동작구,126.9211621,37.49840123,12,5,0,0,2.6
426,학원,대방유투엠학원,동작구,126.924346,37.505128000000006,12,5,0,0,2.6
729,초등학교,대방초등학교,영등포구,126.9190202,37.50290012,12,5,0,0,2.6
86,학원,스터디플랜독서실,강서구,126.856235,37.53493717,10,5,2,0,2.6
76,어린이집,에반어린이집,강서구,126.84795859999998,37.53211181,10,5,2,0,2.6
77,어린이집,구립까치산어린이집,강서구,126.8485149,37.53238327,10,5,2,0,2.6
1140,어린이집,하늘어린이집,강서구,126.8514134,37.53900534,10,5,2,0,2.6
1081,초등학교,신정초등학교,강서구,126.8523594,37.53207243,10,5,2,0,2.6
81,어린이집,꿈을여는어린이집,강서구,126.8592773,37.53353374,10,5,2,0,2.6
914,어린이집,하정어린이집,영등포구,126.922179,37.505832,12,5,0,0,2.6
1146,어린이집,어린왕자어린이집,강서구,126.846277,37.53506239,10,5,2,0,2.6
916,어린이집,은석어린이집,영등포구,126.9187041,37.498165,12,5,0,0,2.6
562,초등학교,대림초등학교,동작구,126.9248853,37.50061292,12,5,0,0,2.6
582,유치원,반석유치원,강동구,127.1473249,37.54281137,10,4,2,1,2.6
581,유치원,한성유치원,강동구,127.1468757,37.54122987,10,4,2,1,2.6
264,유치원,삼성유치원,서대문구,126.9194105,37.58158755,9,5,2,1,2.51
1600,초등학교,연가초등학교,서대문구,126.9173296,37.57956428,9,5,2,1,2.51
553,초등학교,천동초등학교,강동구,127.1378287,37.5410159,10,2,2,1,2.47
557,유치원,화랑유치원,강동구,127.1378446,37.5428867,10,2,2,1,2.47
358,초등학교,역삼초등학교,강남구,127.032603,37.49316115,7,5,2,1,2.16
489,유치원,명수유치원,동작구,126.96045259999998,37.50872103,5,3,4,3,2.16
357,초등학교,언주초등학교,강남구,127.036781,37.48632308,7,5,2,1,2.16
1205,초등학교,강남초등학교,동작구,126.953358,37.50615977,5,3,4,3,2.16
434,어린이집,흑석어린이집,동작구,126.9601642,37.49960807,5,3,4,3,2.16
433,어린이집,도레미어린이집,동작구,126.9591494,37.50992802,5,3,4,3,2.16
566,초등학교,본동초등학교,동작구,126.9538533,37.50992616,5,3,4,3,2.16
378,어린이집,성아어린이집,강남구,127.043583,37.484042,7,5,2,1,2.16
202,어린이집,서초구청직장,서초구,127.03141965530001,37.486422,7,5,2,1,2.16
391,유치원,역삼초등학교병설유치원,강남구,127.032603,37.49316115,7,5,2,1,2.16
655,어린이집,예담어린이집,동작구,126.9512421,37.5069456,5,3,4,3,2.16
1332,어린이집,양재복지관,서초구,127.0361644799,37.4845270215,7,5,2,1,2.16
483,초등학교,중대부속초등학교,동작구,126.9596784,37.5054521,5,3,4,3,2.16
482,초등학교,은로초등학교,동작구,126.9599999,37.5031946,5,3,4,3,2.16
498,유치원,중대부속유치원,동작구,126.9555972,37.50649050000001,5,3,4,3,2.16
503,유치원,은로초등학교 병설유치원,동작구,126.9599999,37.5031946,5,3,4,3,2.16
519,유치원,신도유치원,구로구,126.8776413,37.4890874,5,2,5,2,2.15
517,유치원,서울남유치원,구로구,126.881845,37.488008,5,2,5,2,2.15
639,어린이집,구일어린이집,구로구,126.874349,37.491746,5,2,5,2,2.15
701,초등학교,동구로초등학교,구로구,126.8927814,37.49407207,5,2,5,2,2.15
531,초등학교,구일초등학교,구로구,126.8734733,37.4931916,5,2,5,2,2.15
638,어린이집,구로삼성어린이집,구로구,126.882454,37.491254,5,2,5,2,2.15
530,초등학교,구로초등학교,구로구,126.8865524,37.49746124,5,2,5,2,2.15
738,어린이집,LG전자구로어린이집,구로구,126.8769045,37.486014,5,2,5,2,2.15
1129,유치원,윤희유치원,강서구,126.837554,37.54573377,7,2,3,1,2.09
1131,어린이집,발산어린이집,강서구,126.8422023,37.554404,7,2,3,1,2.09
1082,초등학교,우장초등학교,강서구,126.8459831,37.54963737,7,2,3,1,2.09
1090,초등학교,내발산초등학교,강서구,126.838163,37.5508811,7,2,3,1,2.09
1091,유치원,내발산병설유치원,강서구,126.838163,37.5508811,7,2,3,1,2.09
1474,특수학교,동천학교,노원구,127.0729253,37.64451398,10,3,0,0,2.09
79,어린이집,버클리어린이집,강서구,126.8301226,37.55247286,9,5,0,0,2.06
1124,유치원,윤서유치원,강서구,126.8322457,37.54724363,9,5,0,0,2.06
1087,유치원,공진초등학교병설유치원,강서구,126.822611,37.557822,6,4,3,1,2.06
1086,초등학교,공진초등학교,강서구,126.822611,37.557822,6,4,3,1,2.06
1071,초등학교,발산초등학교,강서구,126.8309942,37.55026198,9,5,0,0,2.06
1127,유치원,예일유치원,강서구,126.82918290000002,37.55370121,9,5,0,0,2.06
112,초등학교,장위초등학교,성북구,127.0500057,37.6114417,3,1,7,1,2.04
109,초등학교,숭곡초등학교,성북구,127.03281640000002,37.6084672,6,1,4,1,2.04
1052,유치원,등대유치원,양천구,126.877791,37.522133,8,1,2,1,2.04
135,유치원,석관병설유치원,성북구,127.0583548,37.61102341,3,1,7,1,2.04
164,유치원,숭곡병설유치원,성북구,127.03281640000002,37.6084672,6,1,4,1,2.04
193,어린이집,장위어린이집,성북구,127.0489291,37.609245,3,1,7,1,2.04
169,유치원,은하유치원,성북구,127.05865690000002,37.6094377,3,1,7,1,2.04
96,초등학교,석관초등학교,성북구,127.0583548,37.61102341,3,1,7,1,2.04
163,어린이집,장위3동어린이집,성북구,127.0534217,37.61675603,3,1,7,1,2.04
675,초등학교,서울삼양초등학교,강북구,127.0161486,37.62329377,7,2,3,0,2.04
677,초등학교,서울수유초등학교(수유병설유치원 중복),강북구,127.0202922,37.63125065,7,2,3,0,2.04
664,어린이집,삼양어린이집,강북구,127.0199106,37.62782336,7,2,3,0,2.04
658,특수학교,애화학교,강북구,127.0288726,37.62519423,7,2,3,0,2.04
665,어린이집,신기어린이집,강북구,127.0170158,37.63099889,7,2,3,0,2.04
659,특수학교,한빛맹학교,강북구,127.0157138,37.62789211,7,2,3,0,2.04
660,특수학교,서울정인학교,강북구,127.01192240000002,37.63095627,7,2,3,0,2.04
682,초등학교,서울유현초등학교,강북구,127.0114196,37.63234744,7,2,3,0,2.04
688,유치원,운산유치원,강북구,127.0217108,37.6320721,7,2,3,0,2.04
838,초등학교,서울망우초등학교,중랑구,127.1038401,37.59873869,6,0,4,1,2.01
120,유치원,동덕유치원,성북구,127.0440045,37.6062049,3,0,7,0,2.0
94,초등학교,월곡초등학교,성북구,127.0460816,37.61002333,3,0,7,0,2.0
941,특수학교,새롬학교,관악구,126.927367,37.493126,9,4,0,0,1.97
305,어린이집,자이젠킨더어린이집,강동구,127.1478568,37.5377155,7,2,2,1,1.9
310,어린이집,구립은강어린이집,강동구,127.1363923,37.5333784,7,2,2,1,1.9
1133,어린이집,으뜸어린이집,강서구,126.860201,37.53365332,7,3,2,0,1.9
296,어린이집,예은어린이집,강동구,127.1336179,37.5408215,7,2,2,1,1.9
550,초등학교,신명초등학교,강동구,127.149989,37.54095770000001,7,2,2,1,1.9
537,유치원,예크유치원,강동구,127.1427154,37.53781160000001,7,2,2,1,1.9
1116,유치원,대유유치원,강서구,126.86158799999998,37.53400816,7,3,2,0,1.9
570,초등학교,길동초등학교,강동구,127.1435022,37.5380968,7,2,2,1,1.9
346,어린이집,성심어린이집,강동구,127.1445702,37.53621522,7,2,2,1,1.9
543,유치원,길동초병설유치원,강동구,127.1435022,37.5380968,7,2,2,1,1.9
1020,어린이집,으뜸어린이집,양천구,126.858316,37.526814,7,3,2,0,1.9
1023,어린이집,어깨동무어린이집,양천구,126.859116,37.527432,7,3,2,0,1.9
778,초등학교,충암초등,은평구,126.9217386,37.5850457,6,4,2,1,1.89
800,유치원,무지개나라유치원,은평구,126.9180933,37.584587,6,4,2,1,1.89
593,유치원,충암유치원,서대문구,126.922319,37.584535,6,4,2,1,1.89
606,유치원,연유치원,서대문구,126.9240746,37.58187896,6,4,2,1,1.89
485,초등학교,흑석초등학교,동작구,126.9651329,37.5082938,5,3,3,2,1.89
774,초등학교,응암초등,은평구,126.9217624,37.588281,6,4,2,1,1.89
817,어린이집,구립응암어린이집,은평구,126.922725,37.588838,6,4,2,1,1.89
465,어린이집,큰별어린이집,동작구,126.965112,37.50463572,5,3,3,2,1.89
679,초등학교,서울번동초등학교,강북구,127.0400394,37.62902557,7,1,2,1,1.84
993,초등학교,신화,도봉구,127.0408596,37.6326698,7,1,2,1,1.84
991,초등학교,신창초교,도봉구,127.0421969,37.6361731,7,1,2,1,1.84
669,어린이집,자연어린이집,강북구,127.03921409999998,37.62786177,7,1,2,1,1.84
47,유치원,초안유치원,노원구,127.0434525,37.63067857,7,1,2,1,1.84
668,어린이집,예닮어린이집,강북구,127.0356875,37.63491581,7,1,2,1,1.84
970,유치원,신창초병설,도봉구,127.0421969,37.6361731,7,1,2,1,1.84
657,유치원,꿈동산유치원,강북구,127.0383543,37.63215859,7,1,2,1,1.84
645,어린이집,예뜰어린이집,구로구,126.884695,37.48599142,5,2,3,2,1.79
529,초등학교,구로남초등학교,구로구,126.8902176,37.48420548,5,2,3,2,1.79
709,초등학교,영일초등학교,구로구,126.8838114,37.48564457,5,2,3,2,1.79
1335,어린이집,가산 어린이집,금천구,126.8842639,37.48275774,5,2,3,2,1.79
756,어린이집,아이젤어린이집,은평구,126.91928870000001,37.594193100000005,3,1,5,2,1.71
343,어린이집,개나리어린이집,강동구,127.1357082,37.5521359,7,2,1,1,1.71
342,어린이집,강동아이슐레어린이집,강동구,127.137505,37.55322569,7,2,1,1,1.71
136,유치원,선한유치원,성북구,127.0205883,37.60398309,6,1,2,1,1.65
615,초등학교,서울동원초등학교,중랑구,127.1044914,37.60457653,6,1,2,1,1.65
833,초등학교,서울신내초등학교,중랑구,127.100154,37.6049335,6,1,2,1,1.65
148,유치원,해뜨는유치원,성북구,127.0157068,37.60483170000001,6,1,2,1,1.65
611,초등학교,서울신현초등학교,중랑구,127.0935215,37.60581469,6,1,2,1,1.65
176,어린이집,길음성가어린이집,성북구,127.0209503,37.60269641,6,1,2,1,1.65
830,초등학교,서울중화초등학교,중랑구,127.094066,37.60292027,6,1,2,1,1.65
98,어린이집,상봉어린이집,중랑구,127.0901512,37.60202594,6,1,2,1,1.65
821,유치원,이루니유치원,중랑구,127.0917588,37.60162827,6,1,2,1,1.65
622,유치원,예원유치원,중랑구,127.0947267,37.6059759,6,1,2,1,1.65
156,어린이집,웅지어린이집,성북구,127.0212171,37.6022014,6,1,2,1,1.65
623,유치원,정암유치원,중랑구,127.1037709,37.601161,6,1,2,1,1.65
157,어린이집,짐랜드어린이집,성북구,127.0158033,37.60390815,6,1,2,1,1.65
551,초등학교,신암초등학교,강동구,127.1244044,37.55002367,7,0,1,1,1.61
538,유치원,구강사유치원,강동구,127.1288199,37.5448184,7,0,1,1,1.61
944,어린이집,구립다원어린이집,관악구,126.91218899999998,37.471967,6,3,1,1,1.61
1013,유치원,한별유치원,관악구,126.913466,37.478419,6,3,1,1,1.61
934,유치원,난곡병설유치원,관악구,126.916344,37.46913,6,3,1,1,1.61
718,유치원,청은유치원,영등포구,126.885695,37.522523,8,1,0,0,1.61
924,유치원,영은유치원,영등포구,126.89001100000002,37.52530199,8,1,0,0,1.61
452,어린이집,역삼가애어린이집,강남구,127.044725,37.494809,7,4,0,0,1.61
696,초등학교,당중초등학교,영등포구,126.8894139,37.52628887,8,1,0,0,1.61
695,초등학교,문래초등학교,영등포구,126.8936053,37.51913876,8,1,0,0,1.61
419,초등학교,난곡초등학교,관악구,126.916342,37.46912800000001,6,3,1,1,1.61
726,초등학교,영문초등학교,영등포구,126.8875909,37.51980714,8,1,0,0,1.61
420,초등학교,난우초등학교,관악구,126.917652,37.477118,6,3,1,1,1.61
1376,어린이집,양평3가어린이집,영등포구,126.8874355,37.526829,8,1,0,0,1.61
338,유치원,애동유치원,관악구,126.920254,37.473814,6,3,1,1,1.61
917,어린이집,양평1동어린이집,영등포구,126.888358,37.523625,8,1,0,0,1.61
337,유치원,신림유치원,관악구,126.92023799999998,37.472093,6,3,1,1,1.61
331,유치원,예닮유치원,관악구,126.922468,37.482238,6,3,1,1,1.61
319,초등학교,신림초등학교,관악구,126.926876,37.47715,6,3,1,1,1.61
308,어린이집,예꿈어린이집,강동구,127.1329509,37.54793943,7,0,1,1,1.61
608,초등학교,강동초등학교,강동구,127.1301872,37.5463638,7,0,1,1,1.61
908,유치원,당중초등학교병설유치원,영등포구,126.8894139,37.52628887,8,1,0,0,1.61
312,초등학교,미성초등학교,관악구,126.912394,37.478339,6,3,1,1,1.61
583,유치원,오송유치원,강동구,127.131908,37.5458079,7,0,1,1,1.61
1065,어린이집,미라클어린이집,관악구,126.919802,37.473654,6,3,1,1,1.61
1069,어린이집,초롱별어린이집,관악구,126.915318,37.47621,6,3,1,1,1.61
1185,어린이집,중앙삐아제어린이집,동대문구,127.0667747,37.60403447,3,0,5,1,1.61
115,초등학교,석계초등학교,성북구,127.0697429,37.60881522,3,0,5,1,1.61
429,어린이집,대치동학원가,강남구,127.05489579999998,37.49708841,6,0,2,0,1.6
189,어린이집,도담어린이집,성북구,127.0435012,37.6131154,3,0,5,0,1.6
125,유치원,탑주유치원,성북구,127.041073,37.60477971,3,0,5,0,1.6
118,초등학교,숭인초등학교,성북구,127.0382348,37.60916119,3,0,5,0,1.6
147,유치원,영천유치원,성북구,127.0404596,37.61412669,3,0,5,0,1.6
792,유치원,은혜유치원,은평구,126.92754740000002,37.617749100000005,4,2,3,1,1.52
772,초등학교,연신초등,은평구,126.92827369999999,37.6262605,4,2,3,1,1.52
812,초등학교,신도초등(병설포함),은평구,126.929152,37.6327684,4,2,3,1,1.52
1121,유치원,선미유치원,강서구,126.843663,37.53933048,7,3,0,0,1.52
752,초등학교,연광초등,은평구,126.9240662,37.623843,4,2,3,1,1.52
781,초등학교,수리초등,은평구,126.93424399999999,37.620489,4,2,3,1,1.52
963,유치원,천사,도봉구,127.0330968573,37.6586809094,4,1,3,2,1.52
742,어린이집,진관어린이집,은평구,126.9236287,37.6304386,4,2,3,1,1.52
965,유치원,정의,도봉구,127.0318063,37.6529105,4,1,3,2,1.52
751,초등학교,신도초등,은평구,126.9291409,37.632785,4,2,3,1,1.52
998,초등학교,창경,도봉구,127.0347544,37.6561144,4,1,3,2,1.52
773,초등학교,연천초등,은평구,126.92948740000001,37.620805,4,2,3,1,1.52
1006,초등학교,한신,도봉구,127.0318063,37.6529105,4,1,3,2,1.52
813,초등학교,연광초등(병설포함),은평구,126.924019,37.6238264,4,2,3,1,1.52
1008,유치원,솔샘,도봉구,127.0377335198,37.6571082049,4,1,3,2,1.52
1007,유치원,다솜,도봉구,127.0377335198,37.6571082049,4,1,3,2,1.52
1138,특수학교,교남학교,강서구,126.8523507,37.54796965,4,1,3,1,1.46
1537,유치원,예은유치원,송파구,127.120402,37.504712,7,2,0,0,1.46
1533,유치원,시연유치원,송파구,127.1173577,37.504849238,7,2,0,0,1.46
82,학원,눈높이러닝센터,강서구,126.84714270000002,37.54262055,4,1,3,1,1.46
1083,초등학교,화곡초등학교,강서구,126.8464706,37.5436698,4,1,3,1,1.46
1481,어린이집,성서대부설어린이집,노원구,127.06516200000002,37.650156,7,2,0,0,1.46
194,어린이집,하은어린이집,성북구,127.0598976,37.60889216,3,1,4,1,1.46
22,초등학교,상명초교,노원구,127.066969,37.64872329999999,7,2,0,0,1.46
1126,유치원,동그라미유치원,강서구,126.8491643,37.5501136,4,1,3,1,1.46
1128,유치원,강서유치원,강서구,126.8500391,37.54821183,4,1,3,1,1.46
1580,초등학교,상수초교,노원구,127.064735,37.65110673,7,2,0,0,1.46
1470,초등학교,선곡초교,노원구,127.0578035,37.61869289,3,1,4,1,1.46
604,초등학교,가재울초등학교,서대문구,126.918151,37.574695,6,4,0,0,1.44
1110,초등학교,수명초등학교,강서구,126.823844,37.55277438,6,4,0,0,1.44
344,어린이집,곡교어린이집,강동구,127.1278081,37.543502200000006,7,0,0,0,1.4
311,학원,근경보습학원,강동구,127.1273666,37.5432359,7,0,0,0,1.4
298,어린이집,자연어린이집,강동구,127.124518,37.5465048,7,0,0,0,1.4
1070,초등학교,가곡초등학교,강서구,126.8361018,37.5557076,6,3,0,0,1.34
345,어린이집,둔촌어린이집,강동구,127.14300559999998,37.5305225,4,2,2,1,1.34
302,어린이집,애지어린이집,강동구,127.1415805,37.531761,4,2,2,1,1.34
1324,어린이집,애경어린이집,금천구,126.9092077,37.47712526,6,3,0,0,1.34
1330,초등학교,정심초등학교,금천구,126.9082146,37.47199234,6,3,0,0,1.34
539,유치원,둔촌유치원,강동구,127.1397064,37.531341,4,2,2,1,1.34
546,초등학교,선린초등학교,강동구,127.145594,37.52976012,4,2,2,1,1.34
1326,초등학교,영남초등학교,금천구,126.907946,37.47612758,6,3,0,0,1.34
560,유치원,선린초병설유치원,강동구,127.145594,37.52976012,4,2,2,1,1.34
1132,어린이집,프란체스코어린이집,강서구,126.8146107,37.5555119,3,2,3,1,1.34
1598,초등학교,명지초등학교,서대문구,126.9282301,37.58362949,3,3,2,1,1.28
1047,초등학교,장수초교,양천구,126.845158,37.512998,6,2,0,0,1.26
1046,초등학교,지향초교,양천구,126.837024,37.512839,6,2,0,0,1.26
532,초등학교,상도초등학교,동작구,126.9372712,37.50034624,6,2,0,0,1.26
559,유치원,가람유치원,강동구,127.1535579,37.54851639,6,2,0,0,1.26
466,어린이집,성대어린이집,동작구,126.935311,37.49682045,6,2,0,0,1.26
304,어린이집,올리브나무어린이집,강동구,127.1459154,37.5478059,6,2,0,0,1.26
1049,초등학교,신은초교,양천구,126.832171,37.513992,6,2,0,0,1.26
307,어린이집,푸른숲어린이집,강동구,127.1535042,37.5488256,6,2,0,0,1.26
515,유치원,버들유치원,구로구,126.842809,37.49168436,4,1,2,1,1.26
571,초등학교,대명초등학교,강동구,127.1532701,37.5476037,6,2,0,0,1.26
578,유치원,녹원유치원,강동구,127.1535579,37.54851639,6,2,0,0,1.26
494,유치원,은혜유치원,동작구,126.9332022,37.4977312,6,2,0,0,1.26
815,어린이집,은평감리교회 어린이집,은평구,126.92320670000001,37.6044835,3,1,3,1,1.26
493,유치원,승혜유치원,동작구,126.9370792,37.4986394,6,2,0,0,1.26
1176,초등학교,신남초교,양천구,126.844798,37.516529,6,2,0,0,1.26
757,어린이집,하늘어린이집,은평구,126.904802,37.6006912,3,1,3,1,1.26
463,어린이집,무지개어린이집,동작구,126.9332022,37.4977312,6,2,0,0,1.26
758,유치원,은평국제유치원,은평구,126.91146850000001,37.599004,3,1,3,1,1.26
759,초등학교,은명초등(병설포함),은평구,126.91883329999999,37.5979615,3,1,3,1,1.26
762,초등학교,예일초등,은평구,126.91516229999999,37.6101791,3,1,3,1,1.26
771,초등학교,역촌초등,은평구,126.91426570000002,37.6017363,3,1,3,1,1.26
753,초등학교,은명초등,은평구,126.91883329999999,37.597978000000005,3,1,3,1,1.26
1377,어린이집,꿈나무어린이집,영등포구,126.913041,37.49902264,6,2,0,0,1.26
741,어린이집,홍익어린이집,은평구,126.9076396,37.59629761,3,1,3,1,1.26
691,초등학교,대길초등학교,영등포구,126.9131719,37.49817578,6,2,0,0,1.26
427,어린이집,윤슬어린이집,동작구,126.937375,37.497516,6,2,0,0,1.26
435,학원,참음악학원,동작구,126.934673,37.49800113,6,2,0,0,1.26
654,어린이집,연꽃어린이집,동작구,126.9360196,37.49326005,6,2,0,0,1.26
648,어린이집,코레일오류동어린이집,구로구,126.8453299,37.49548271,4,1,2,1,1.26
783,특수학교,은평대영학교,은평구,126.907072,37.6056209,3,1,3,1,1.26
791,유치원,예일(예일초교 중복),은평구,126.91516229999999,37.6101791,3,1,3,1,1.26
646,어린이집,예쁜별어린이집,구로구,126.84306200000002,37.4924091,4,1,2,1,1.26
793,유치원,백합유치원,은평구,126.917391,37.608195,3,1,3,1,1.26
794,유치원,서울역촌유치원,은평구,126.9188633,37.604196,3,1,3,1,1.26
796,유치원,보람유치원,은평구,126.914225,37.6000472,3,1,3,1,1.26
805,유치원,다우림유치원,은평구,126.91230800000001,37.596197,3,1,3,1,1.26
776,초등학교,상신초등,은평구,126.9048,37.5976771,3,1,3,1,1.26
1280,초등학교,강월초교,양천구,126.833433,37.516341,6,2,0,0,1.26
1027,어린이집,청운어린이집,양천구,126.842403,37.513863,6,2,0,0,1.26
26,초등학교,중평초교,노원구,127.0639634,37.63753475,6,1,0,0,1.22
20,초등학교,상천초교,노원구,127.0578068,37.646282,6,1,0,0,1.22
764,초등학교,증산초등,은평구,126.9043095,37.5821614,6,1,0,0,1.22
1599,초등학교,북가좌초등학교,서대문구,126.9077776,37.57722183,6,1,0,0,1.22
59,유치원,연세유치원,노원구,127.0627132,37.63828504,6,1,0,0,1.22
60,유치원,상원유치원,노원구,127.0687546,37.64348576,6,1,0,0,1.22
48,유치원,고운유치원,노원구,127.0669285,37.64403460000001,6,1,0,0,1.22
45,유치원,염광유치원,노원구,127.0492435,37.63025824,4,0,2,1,1.22
23,초등학교,청계초교,노원구,127.0661408,37.64503334,6,1,0,0,1.22
55,유치원,성실유치원,노원구,127.0707082,37.63894724,6,1,0,0,1.22
710,유치원,은하유치원,영등포구,126.89803159999998,37.5249271,6,1,0,0,1.22
1584,초등학교,월계초교,노원구,127.0501888,37.627663,4,0,2,1,1.22
265,유치원,세종유치원,서대문구,126.9131028,37.57727993,6,1,0,0,1.22
2,초등학교,중원초교,노원구,127.0627678,37.64398283,6,1,0,0,1.22
672,어린이집,꼬꼬마어린이집,강북구,127.042037,37.62764456,4,0,2,1,1.22
687,유치원,화계유치원,강북구,127.0188565,37.6346458,3,1,3,0,1.22
803,유치원,동산유치원,은평구,126.907226,37.5839762,6,1,0,0,1.22
1581,초등학교,용동초교,노원구,127.0690832,37.64108534,6,1,0,0,1.22
52,유치원,학여울유치원,노원구,127.0608678,37.63724446,6,1,0,0,1.22
303,어린이집,강동복지관어린이집,강동구,127.1297892,37.54004284,6,0,0,0,1.2
170,유치원,장월병설유치원,성북구,127.0471649,37.62194118,4,0,2,0,1.2
117,초등학교,장월초등학교,성북구,127.0471649,37.62194118,4,0,2,0,1.2
823,유치원,서안유치원,중랑구,127.079934,37.604325,3,0,3,0,1.2
820,어린이집,한내들어린이집,중랑구,127.0749772,37.604148,3,0,3,0,1.2
827,유치원,미림유치원,중랑구,127.0793223,37.61646036,3,0,3,0,1.2
828,초등학교,서울묵동초등학교,중랑구,127.0808259,37.60335895,3,0,3,0,1.2
613,유치원,묵현초등학교병설유치원,중랑구,127.073615,37.6090795,3,0,3,0,1.2
625,초등학교,서울묵현초등학교,중랑구,127.073615,37.6090795,3,0,3,0,1.2
376,어린이집,킹스키즈어린이집,강남구,127.056227,37.49983413,6,0,0,0,1.2
403,초등학교,도성초등학교,강남구,127.0488738,37.50146282,6,0,0,0,1.2
402,초등학교,도곡초등학교,강남구,127.0544636,37.4995106,6,0,0,0,1.2
617,초등학교,서울신묵초등학교,중랑구,127.0758372,37.60652294,3,0,3,0,1.2
95,초등학교,길음초등학교,성북구,127.0166585,37.61363151,3,1,2,1,1.08
702,초등학교,매봉초등학교,구로구,126.844375,37.50491677,3,1,2,1,1.08
681,초등학교,서울영훈초등학교,강북구,127.0280938,37.61468169,3,1,2,1,1.08
683,초등학교,서울송천초등학교,강북구,127.0237355,37.6149061,3,1,2,1,1.08
684,초등학교,서울삼각산초등학교,강북구,127.01456840000002,37.61614897,3,1,2,1,1.08
980,어린이집,창3동,도봉구,127.0428491,37.6396519,3,1,2,1,1.08
178,어린이집,연꽃어린이집,성북구,127.0134264,37.6124264,3,1,2,1,1.08
797,유치원,와우랩유치원,은평구,126.921523,37.593914,3,1,2,1,1.08
956,유치원,신창,도봉구,127.0409612,37.6413368,3,1,2,1,1.08
1079,초등학교,송정초등학교,강서구,126.8102817,37.56223179,0,0,5,2,1.08
788,어린이집,내일어린이집,은평구,126.919501,37.590942,3,1,2,1,1.08
106,초등학교,미아초등학교,성북구,127.0216457,37.6105142,3,1,2,1,1.08
80,어린이집,구립새하늘어린이집,강서구,126.8414155,37.53330739,3,2,2,0,1.08
83,어린이집,성산어린이집,강서구,126.8114272,37.56529764,0,0,5,2,1.08
158,어린이집,다솔어린이집,성북구,127.02474850000002,37.6088152,3,1,2,1,1.08
512,유치원,매봉초병설유치원,구로구,126.844375,37.50491677,3,1,2,1,1.08
348,어린이집,행복둥지,도봉구,127.0418041,37.63975870000001,3,1,2,1,1.08
103,초등학교,길원초등학교,성북구,127.0167359,37.60906528,3,1,2,1,1.08
743,유치원,서문유치원,은평구,126.91665,37.592259999999996,3,1,2,1,1.08
777,초등학교,연은초등,은평구,126.92511200000001,37.59051113,3,1,2,1,1.08
746,초등학교,서울수송초등학교,강북구,127.0332052,37.63732397,3,1,2,1,1.08
770,초등학교,신사초등,은평구,126.91212150000001,37.592614000000005,3,1,2,1,1.08
1375,어린이집,장미,서초구,127.028411,37.484157,3,1,2,1,1.08
662,어린이집,번2동어린이집,강북구,127.0320344,37.63374918,3,1,2,1,1.08
210,어린이집,신창,도봉구,127.0413047,37.6400934,3,1,2,1,1.08
192,어린이집,길음빛어린이집,성북구,127.01947659999998,37.6104727,3,1,2,1,1.08
183,어린이집,은행나무어린이집,성북구,127.0218298,37.6091192,3,1,2,1,1.08
141,유치원,좋은소리유치원,성북구,127.0188388,37.6083303,3,1,2,1,1.08
847,어린이집,푸른신창,도봉구,127.04152179999998,37.6399528,3,1,2,1,1.08
128,유치원,나래유치원,성북구,127.0226511,37.60954002,3,1,2,1,1.08
1294,초등학교,양동초교,양천구,126.8512401949,37.525847,3,2,2,0,1.08
149,유치원,루이유치원,성북구,127.0163762,37.60713001,3,1,2,1,1.08
145,유치원,길음단설유치원,성북구,127.0166585,37.61363151,3,1,2,1,1.08
144,유치원,길원병설유치원,성북구,127.0167359,37.60906528,3,1,2,1,1.08
294,어린이집,구립해나어린이집,강동구,127.1347874,37.55586966,4,0,1,1,1.02
918,어린이집,신이화어린이집,영등포구,126.885316,37.516057,5,1,0,0,1.02
479,어린이집,암사무지개어린이집,강동구,127.1305028,37.55371233,4,0,1,1,1.02
478,어린이집,암사어린이집,강동구,127.1249616,37.55061052,4,0,1,1,1.02
609,초등학교,서울중흥초등학교,중랑구,127.0841443,37.601635,3,0,2,1,1.02
588,유치원,예슬유치원,강동구,127.12568290000002,37.55344749,4,0,1,1,1.02
585,유치원,서울유치원,강동구,127.1279082,37.55220582,4,0,1,1,1.02
547,초등학교,선사초등학교,강동구,127.128196,37.5558399,4,0,1,1,1.02
471,유치원,한울유치원,강동구,127.1316795,37.55547042,4,0,1,1,1.02
706,초등학교,신도림초등학교,구로구,126.8832548,37.51198583,5,1,0,0,1.02
99,초등학교,장곡초등학교,성북구,127.0481563,37.61683038,0,0,5,0,1.0
172,어린이집,종암어린이집,성북구,127.0333264,37.5997311,3,0,2,0,1.0
1036,어린이집,청솔어린이집,양천구,126.864345,37.540751,4,3,0,0,1.0
352,초등학교,대도초등학교,강남구,127.0533776,37.49264543,3,0,2,0,1.0
711,유치원,파란나라유치원,영등포구,126.8972605,37.50321946,3,0,2,0,1.0
575,초등학교,명일초등학교,강동구,127.1425695,37.55454236,3,2,1,1,1.0
915,어린이집,해태어린이집,영등포구,126.894845,37.49804915,3,0,2,0,1.0
734,초등학교,신영초등학교,영등포구,126.89609640000002,37.50100557,3,0,2,0,1.0
712,유치원,큰나무유치원,영등포구,126.895153,37.506234,3,0,2,0,1.0
1111,초등학교,등마초등학교,강서구,126.8616338,37.5420258,4,3,0,0,1.0
371,어린이집,삼성어린이집,강남구,127.058851,37.49663609,3,0,2,0,1.0
835,초등학교,서울면북초등학교,중랑구,127.1035487,37.594475,3,0,2,0,1.0
161,어린이집,목화어린이집,성북구,127.0400044,37.60440698,3,0,2,0,1.0
390,유치원,도곡렉슬유치원,강남구,127.0535103,37.49432124,3,0,2,0,1.0
383,유치원,묘동유치원,강남구,127.058723,37.49740739,3,0,2,0,1.0
829,초등학교,서울면일초등학교,중랑구,127.0997953,37.59204241,3,0,2,0,1.0
179,어린이집,영광어린이집,성북구,127.0383055,37.6056621,3,0,2,0,1.0
735,초등학교,도신초등학교,영등포구,126.9007128,37.49926879,3,0,2,0,1.0
190,어린이집,소리어린이집,성북구,127.0358485,37.61121979,3,0,2,0,1.0
162,어린이집,새싹어린이집,성북구,127.0370454,37.60412684,3,0,2,0,1.0
825,유치원,동원초등학교병설유치원,중랑구,127.104928,37.59497800000001,3,0,2,0,1.0
461,어린이집,보람어린이집,강남구,127.0613399644,37.49438501,3,0,2,0,1.0
1024,어린이집,예뜰어린이집,양천구,126.857032,37.526346,3,0,2,0,1.0
929,유치원,도신초등학교병설유치원,영등포구,126.9007128,37.49926879,3,0,2,0,1.0
146,유치원,예린유치원,성북구,127.0323416,37.60000168,3,0,2,0,1.0
544,유치원,명일초병설유치원,강동구,127.1425695,37.55454236,3,2,1,1,1.0
126,유치원,한마음유치원,성북구,127.0411878,37.6161682,0,0,5,0,1.0
458,어린이집,한울어린이집,강남구,127.0609998,37.49590698,3,0,2,0,1.0
122,유치원,사랑유치원,성북구,127.0363501,37.59989962,3,0,2,0,1.0
819,유치원,파랑새유치원,영등포구,126.900249,37.502352,3,0,2,0,1.0
1059,유치원,튼튼유치원,양천구,126.857291,37.525867,3,0,2,0,1.0
1325,어린이집,양문 어린이집,금천구,126.9007985,37.44909769,3,1,1,1,0.89
64,학원,중계미래탐구초등연재센터학원,노원구,127.0767028,37.65063148,4,2,0,0,0.89
1328,어린이집,자연유아 어린이집,금천구,126.908245,37.446718,3,1,1,1,0.89
1331,유치원,조형유치원,금천구,126.9036608,37.44904641,3,1,1,1,0.89
69,학원,하이레벨수학전문학원,노원구,127.0767028,37.65063148,4,2,0,0,0.89
70,학원,CMS중계중등영재2관학원,노원구,127.0767028,37.65063148,4,2,0,0,0.89
73,학원,페디아플러스 중계학원,노원구,127.0723141,37.65219729,4,2,0,0,0.89
71,학원,TOPIAenglishzone어학학원,노원구,127.0767028,37.65063148,4,2,0,0,0.89
1310,초등학교,문백초등학교,금천구,126.8986979,37.447009,3,1,1,1,0.89
1312,초등학교,백산초등학교,금천구,126.9051444,37.44678681,3,1,1,1,0.89
1320,어린이집,시흥5동 어린이집,금천구,126.907253,37.449855,3,1,1,1,0.89
72,학원,크레용미술학원,노원구,127.0723141,37.65219729,4,2,0,0,0.89
75,학원,씨앤에이논술보습학원,노원구,127.0723141,37.65219729,4,2,0,0,0.89
1491,유치원,우리유치원,노원구,127.0777004,37.652811,4,2,0,0,0.89
3,초등학교,원광초교,노원구,127.0749157,37.65431182,4,2,0,0,0.89
66,학원,청담어학원,노원구,127.0767028,37.65063148,4,2,0,0,0.89
1313,어린이집,본동 어린이집,금천구,126.9052384,37.44928529,3,1,1,1,0.89
65,학원,중계세일입시학원,노원구,127.0767028,37.65063148,4,2,0,0,0.89
74,학원,웅진북클럽 학습센터 중계학원,노원구,127.0723141,37.65219729,4,2,0,0,0.89
1493,유치원,원암유치원,노원구,127.085113,37.64981435,4,2,0,0,0.89
1321,초등학교,시흥초등학교,금천구,126.9046408,37.45533882,3,1,1,1,0.89
32,유치원,수암병설유치원,노원구,127.0814631,37.64769427,4,2,0,0,0.89
63,학원,중계덕스어학원,노원구,127.0767028,37.65063148,4,2,0,0,0.89
1485,어린이집,중계어린이집,노원구,127.08071499999998,37.650017,4,2,0,0,0.89
814,어린이집,성모자애어린이집,은평구,126.92377900000001,37.617722,4,2,0,0,0.89
1471,초등학교,중계초교,노원구,127.07331170239999,37.65784108,4,2,0,0,0.89
1588,초등학교,을지초교,노원구,127.0730898,37.65059011,4,2,0,0,0.89
1589,초등학교,불암초교,노원구,127.080671,37.65078343,4,2,0,0,0.89
68,학원,토피아,노원구,127.0767028,37.65063148,4,2,0,0,0.89
50,유치원,까치유치원,노원구,127.07278259999998,37.65624847,4,2,0,0,0.89
14,초등학교,수암초교,노원구,127.0814631,37.64769427,4,2,0,0,0.89
9,학원,올림피아드영재센터학원,노원구,127.0767028,37.65063148,4,2,0,0,0.89
8,학원,알로곤영재센터학원,노원구,127.0767028,37.65063148,4,2,0,0,0.89
7,학원,아발론랭콘중계어학원,노원구,127.0767028,37.65063148,4,2,0,0,0.89
67,학원,최선어학원,노원구,127.0767028,37.65063148,4,2,0,0,0.89
1341,어린이집,금주어린이집,금천구,126.9016607,37.45647886,3,1,1,1,0.89
62,학원,조재필 수학학원,노원구,127.0767028,37.65063148,4,2,0,0,0.89
6,학원,소마사고력수학학원,노원구,127.0767028,37.65063148,4,2,0,0,0.89
1486,어린이집,중계행복어린이집,노원구,127.0829414,37.646026,4,2,0,0,0.89
4,학원,국풍2000학원,노원구,127.0767028,37.65063148,4,2,0,0,0.89
5,학원,모멘텀아스트라학원,노원구,127.0767028,37.65063148,4,2,0,0,0.89
208,어린이집,환희어린이집,서대문구,126.9238474,37.57822438,3,3,0,0,0.85
603,초등학교,홍연초등학교,서대문구,126.9306604,37.58211871,3,3,0,0,0.85
670,어린이집,별밭어린이집,강북구,127.02448909999998,37.61968118,4,1,0,0,0.82
981,어린이집,방학3동,도봉구,127.0324535,37.6612213,4,1,0,0,0.82
1005,초등학교,동북,도봉구,127.0268289,37.655351,4,1,0,0,0.82
992,초등학교,신학초교,도봉구,127.0255131,37.6609904,4,1,0,0,0.82
637,어린이집,광진선교어린이집,구로구,126.85097140000002,37.48589964,4,1,0,0,0.82
647,어린이집,지암어린이집,구로구,126.852844,37.48722468,4,1,0,0,0.82
480,초등학교,개웅초등학교,구로구,126.8499801,37.488569,4,1,0,0,0.82
1004,초등학교,초당,도봉구,127.0221014,37.6584988,4,1,0,0,0.82
990,초등학교,신방학초교,도봉구,127.0292294,37.6659578,4,1,0,0,0.82
1141,유치원,서울마곡유치원,강서구,126.8180306,37.56927039999999,0,0,4,1,0.82
1120,유치원,국제유치원,강서구,126.82293500000002,37.57051178,0,0,4,1,0.82
987,초등학교,방학초교,도봉구,127.0321675,37.6640285,4,1,0,0,0.82
666,어린이집,아람어린이집,강북구,127.0168642,37.62170433,4,1,0,0,0.82
484,초등학교,행림초등학교,동작구,126.96603229999998,37.48221173,3,0,1,1,0.82
656,유치원,솔샘유치원,강북구,127.0124058,37.62182382,4,1,0,0,0.82
748,초등학교,서울화계초등학교,강북구,127.0297148,37.62388579,4,1,0,0,0.82
1088,초등학교,공항초등학교,강서구,126.8216478,37.56308924,0,0,4,1,0.82
1098,초등학교,송화초등학교,강서구,126.8180317,37.56815091,0,0,4,1,0.82
1010,유치원,행복한,도봉구,127.0312223,37.65857310000001,4,1,0,0,0.82
959,유치원,선희,도봉구,127.029886915,37.6575825684,4,1,0,0,0.82
339,유치원,종인유치원,관악구,126.963441,37.479052,3,0,1,1,0.82
1080,초등학교,신월초등학교,강서구,126.8394575,37.54036642,4,1,0,0,0.82
332,유치원,은아유치원,관악구,126.964435,37.47545,3,0,1,1,0.82
953,유치원,유화,도봉구,127.02745799200001,37.6598464251,4,1,0,0,0.82
749,초등학교,서울미양초등학교(미양병설유치원 중복),강북구,127.014132,37.62153170000001,4,1,0,0,0.82
525,초등학교,개명초등학교,구로구,126.85098159999998,37.48303805,4,1,0,0,0.82
514,유치원,미림유치원,구로구,126.857951,37.490828,4,1,0,0,0.82
949,어린이집,경일,도봉구,127.03490320000002,37.6664179,4,1,0,0,0.82
316,초등학교,인헌초등학교,관악구,126.959866,37.476753,3,0,1,1,0.82
1089,유치원,공항초등학교병설유치원,강서구,126.8216478,37.56308924,0,0,4,1,0.82
948,어린이집,방아골,도봉구,127.032581,37.6692804,4,1,0,0,0.82
977,어린이집,예원키즈,도봉구,127.0373617,37.6652429,4,1,0,0,0.82
978,어린이집,리라,도봉구,127.0337501,37.663909,4,1,0,0,0.82
526,초등학교,개봉초등학교,구로구,126.8579748,37.48952311,4,1,0,0,0.82
554,초등학교,천일초등학교,강동구,127.1334367,37.54436122,3,0,1,1,0.82
1066,유치원,예일유치원,관악구,126.964244,37.473911,3,0,1,1,0.82
508,유치원,개봉초병설유치원,구로구,126.8579748,37.48952311,4,1,0,0,0.82
1532,유치원,수정유치원,송파구,127.11531263129999,37.5159732783,4,1,0,0,0.82
1552,초등학교,방산초등학교,송파구,127.12187606139999,37.5093713415,4,1,0,0,0.82
1553,초등학교,방이초등학교,송파구,127.1204981982,37.5134308765,4,1,0,0,0.82
961,유치원,꿈밭,도봉구,127.02760701860001,37.6583039096,4,1,0,0,0.82
680,초등학교,서울오현초등학교,강북구,127.0465747,37.62341903,4,0,0,0,0.8
565,초등학교,보라매초등학교,동작구,126.91614640000002,37.49585333,3,2,0,0,0.72
947,어린이집,한내,도봉구,127.04508432899999,37.6614988112,0,0,3,2,0.72
975,어린이집,예그린,도봉구,127.0305925,37.6510868,0,0,3,2,0.72
1000,초등학교,창동,도봉구,127.0446861,37.6551924,0,0,3,2,0.72
984,초등학교,가인초등학교,도봉구,127.0431592,37.6599068,0,0,3,2,0.72
983,어린이집,창2동,도봉구,127.0404264,37.6573644,0,0,3,2,0.72
1210,어린이집,노아어린이집,관악구,126.912372,37.481854,3,2,0,0,0.72
476,어린이집,고일어린이집,강동구,127.1513067,37.55696418,3,2,0,0,0.72
573,초등학교,명덕초등학교,강동구,127.1450815,37.55676233,3,2,0,0,0.72
951,어린이집,신세인,도봉구,127.0405866,37.6575153,0,0,3,2,0.72
574,초등학교,명원초등학교,강동구,127.1505002,37.551224100000006,3,2,0,0,0.72
1003,초등학교,창일,도봉구,127.0476797,37.6471695,0,0,3,2,0.72
979,어린이집,세인,도봉구,127.0389515,37.6588094,0,0,3,2,0.72
542,유치원,고명초병설유치원,강동구,127.1474362,37.55297253,3,2,0,0,0.72
1002,초등학교,창원,도봉구,127.040553,37.6525531,0,0,3,2,0.72
580,유치원,은새유치원,강동구,127.1526193,37.55236741,3,2,0,0,0.72
950,어린이집,햇살마루,도봉구,127.04081229999998,37.65750170000001,0,0,3,2,0.72
997,초등학교,자운,도봉구,127.0463946,37.6577174,0,0,3,2,0.72
952,어린이집,이화,도봉구,127.0404858,37.65738270000001,0,0,3,2,0.72
1114,유치원,수미유치원,강서구,126.838533,37.532117,3,2,0,0,0.72
962,유치원,삼풍,도봉구,127.0456386,37.656749,0,0,3,2,0.72
966,유치원,청아,도봉구,127.0493335342,37.6568264215,0,0,3,2,0.72
968,유치원,한사랑,도봉구,127.04733036,37.650390623,0,0,3,2,0.72
591,초등학교,고명초등학교,강동구,127.1474362,37.55297253,3,2,0,0,0.72
1009,유치원,윤정,도봉구,127.0509338,37.649242,0,0,3,2,0.72
971,유치원,창동초병설,도봉구,127.0446861,37.6551924,0,0,3,2,0.72
78,어린이집,배다리어린이집,강서구,126.8395428,37.53127824,3,2,0,0,0.72
497,유치원,요요유치원,동작구,126.9116916,37.49527344,3,2,0,0,0.72
973,어린이집,쌍문2동,도봉구,127.0430751,37.6528547,0,0,3,2,0.72
955,유치원,선아,도봉구,127.0440451,37.6485286,0,0,3,2,0.72
974,어린이집,쌍문삼성,도봉구,127.0344914,37.6509601,0,0,3,2,0.72
1171,어린이집,푸른하늘어린이집,동대문구,127.0669403,37.56894421,3,1,0,0,0.63
1170,어린이집,장안어린이집,동대문구,127.069485,37.56411170000001,3,1,0,0,0.63
1189,어린이집,사군자어린이집,동대문구,127.0638865,37.56510957,3,1,0,0,0.63
1184,어린이집,이화어린이집,동대문구,127.0727032,37.57007078,3,1,0,0,0.63
1177,초등학교,신강초교,양천구,126.841556,37.525717,3,1,0,0,0.63
1011,초등학교,매헌,서초구,127.042077,37.471264,3,1,0,0,0.63
1159,유치원,세하유치원,동대문구,127.0729635,37.56773522,3,1,0,0,0.63
1183,어린이집,별밭어린이집,동대문구,127.0685733,37.57234503,3,1,0,0,0.63
1179,어린이집,조은어린이집,동대문구,127.0598623,37.57007076,3,1,0,0,0.63
1295,초등학교,강서초교,양천구,126.840913,37.522413,3,1,0,0,0.63
1142,유치원,우현유치원,강서구,126.83810700000001,37.557521,3,1,0,0,0.63
1137,유치원,밤비니유치원,강서구,126.8095884,37.558943,0,0,3,1,0.63
1092,초등학교,등명초등학교,강서구,126.8423834,37.56089508,3,1,0,0,0.63
1018,어린이집,이화어린이집,양천구,126.846909,37.521823,3,1,0,0,0.63
780,초등학교,은진초등,은평구,126.9209282,37.632607,0,0,3,1,0.63
960,유치원,한볕,도봉구,127.0387778224,37.642922788,3,1,0,0,0.63
1362,유치원,구룡,서초구,127.049171,37.471103,3,1,0,0,0.63
1358,유치원,우면초교병설,서초구,127.023746,37.464709,3,1,0,0,0.63
1357,초등학교,우면,서초구,127.023746,37.464709,3,1,0,0,0.63
806,유치원,진관유치원,은평구,126.930959,37.6347136,0,0,3,1,0.63
926,유치원,영중초등학교병설유치원,영등포구,126.9036935,37.52414258,3,1,0,0,0.63
920,어린이집,남서울어린이집,영등포구,126.908385,37.52867655,3,1,0,0,0.63
1055,유치원,샘터유치원,양천구,126.832489,37.518051,3,1,0,0,0.63
1342,초등학교,금천초등학교,금천구,126.9128749,37.45481034,3,1,0,0,0.63
1054,유치원,상아유치원,양천구,126.833907,37.520928593200004,3,1,0,0,0.63
1339,초등학교,금동초등학교,금천구,126.9163991,37.44773957,3,1,0,0,0.63
1040,어린이집,곰달래어린이집,양천구,126.834015,37.527705,3,1,0,0,0.63
843,유치원,티움유치원,송파구,127.115237,37.501103146999995,3,1,0,0,0.63
911,유치원,평화유치원,영등포구,126.8968009,37.532337,3,1,0,0,0.63
1322,초등학교,신흥초등학교,금천구,126.9080883,37.4593748,3,1,0,0,0.63
1319,어린이집,시흥4동어린이집,금천구,126.906171,37.45898015,3,1,0,0,0.63
865,어린이집,예아랑어린이집,광진구,127.078049,37.570679,3,1,0,0,0.63
1045,어린이집,우리또래어린이집,양천구,126.832355,37.521907,3,1,0,0,0.63
877,초등학교,중마초등학교,광진구,127.07902391629999,37.565790840300004,3,1,0,0,0.63
1305,초등학교,동광초등학교,금천구,126.9158199,37.45193626,3,1,0,0,0.63
1093,초등학교,등서초등학교,강서구,126.8550364,37.551822,0,0,3,1,0.63
1030,학원,잉글리쉬러닝베이(신월),양천구,126.835471,37.520019,3,1,0,0,0.63
1029,어린이집,신월이화어린이집,양천구,126.830175,37.522439221999996,3,1,0,0,0.63
1196,어린이집,세서울어린이집,동대문구,127.067234,37.57172101,3,1,0,0,0.63
1191,어린이집,산내들어린이집,동대문구,127.0660298,37.57387476,3,1,0,0,0.63
612,초등학교,서울봉화초등학교,중랑구,127.0924077,37.61357488,3,1,0,0,0.63
1134,어린이집,상아어린이집,강서구,126.840249,37.562025,3,1,0,0,0.63
1413,어린이집,양재목련,서초구,127.046495,37.473446,3,1,0,0,0.63
1412,어린이집,니꼴라오,서초구,127.048168,37.472065,3,1,0,0,0.63
1411,어린이집,양재별하,서초구,127.049397,37.471941,3,1,0,0,0.63
1192,어린이집,삼성어린이집,동대문구,127.0682469,37.57128823,3,1,0,0,0.63
1025,어린이집,넓은들어린이집,양천구,126.829358,37.5133510578,3,1,0,0,0.63
1026,어린이집,푸르미어린이집,양천구,126.83746200000002,37.523505,3,1,0,0,0.63
985,초등학교,누원초등학교,도봉구,127.0490694,37.6869304,3,1,0,0,0.63
692,초등학교,영중초등학교,영등포구,126.9036935,37.52414258,3,1,0,0,0.63
1096,초등학교,등촌초등학교,강서구,126.8579416,37.54761251,0,0,3,1,0.63
693,초등학교,영동초등학교,영등포구,126.907704,37.527007,3,1,0,0,0.63
697,초등학교,당서초등학교,영등포구,126.8998141,37.53202852,3,1,0,0,0.63
699,초등학교,영신초등학교,영등포구,126.9181211,37.51017349,3,1,0,0,0.63
1299,초등학교,탑동초등학교,금천구,126.9153675,37.45251781,3,1,0,0,0.63
721,유치원,영중유치원,영등포구,126.90523229999998,37.53107433,3,1,0,0,0.63
723,유치원,한영교회유치원,영등포구,126.904777,37.528458,3,1,0,0,0.63
1199,어린이집,솔향기어린이집,동대문구,127.071985,37.568331,3,1,0,0,0.63
1385,어린이집,삼성알앤디캠퍼스어린이집(진행중),서초구,127.0231267969,37.466520547600005,3,1,0,0,0.63
1203,어린이집,대림늘푸른어린이집,동대문구,127.0644009968,37.571142,3,1,0,0,0.63
1204,어린이집,장안현대어린이집,동대문구,127.074611,37.569744,3,1,0,0,0.63
1019,어린이집,신정3어린이집,양천구,126.850144,37.518814,3,1,0,0,0.63
1169,어린이집,메꽃어린이집,동대문구,127.0760464,37.57171567,3,1,0,0,0.63
273,초등학교,안평초교,동대문구,127.0720337,37.56596984,3,1,0,0,0.63
1520,유치원,가락병설유치원,송파구,127.10761399999998,37.5000219623,3,1,0,0,0.63
1556,초등학교,석촌초등학교,송파구,127.10521321110001,37.5026298225,3,1,0,0,0.63
1495,유치원,우솔초교병설,서초구,127.0192756194,37.4570942208,3,1,0,0,0.63
1494,초등학교,우솔,서초구,127.0192756194,37.4570942208,3,1,0,0,0.63
407,초등학교,포이초등학교,강남구,127.0525106,37.47591562,3,1,0,0,0.63
1561,초등학교,신가초등학교,송파구,127.1198579,37.5003769,3,1,0,0,0.63
1564,초등학교,영풍초등학교,송파구,127.14301493110001,37.4962643,3,1,0,0,0.63
1487,어린이집,청솔창의어린이집,노원구,127.0709619,37.634028,3,1,0,0,0.63
1572,초등학교,중대초등학교,송파구,127.1136050041,37.4998109131,3,1,0,0,0.63
1484,어린이집,노원어린이집,노원구,127.051145,37.67622100000001,3,1,0,0,0.63
496,유치원,열림유치원,동작구,126.929207,37.5089258,3,1,0,0,0.63
1483,어린이집,북부어린이집,노원구,127.052415,37.67970639,3,1,0,0,0.63
447,어린이집,예지어린이집,강남구,127.0535087,37.47352236,3,1,0,0,0.63
1585,초등학교,중현초교,노원구,127.065953,37.63251336,3,1,0,0,0.63
1586,초등학교,연촌초교,노원구,127.0725121,37.634416,3,1,0,0,0.63
453,어린이집,아이뜰어린이집,강남구,127.050117,37.477164,3,1,0,0,0.63
1475,어린이집,품속어린이집,노원구,127.05706399999998,37.673154,3,1,0,0,0.63
1473,특수학교,정민학교,노원구,127.0731686,37.633839,3,1,0,0,0.63
1468,초등학교,노일초교,노원구,127.0535507725,37.6726010269,3,1,0,0,0.63
1498,어린이집,금륜어린이집,송파구,127.148035,37.4994528,3,1,0,0,0.63
267,초등학교,군자초교,동대문구,127.0605231,37.56412385,3,1,0,0,0.63
1499,어린이집,뉴한가람어린이집,송파구,127.1463491,37.4996279,3,1,0,0,0.63
268,유치원,군자초교병설유치원,동대문구,127.0605231,37.56412385,3,1,0,0,0.63
1524,유치원,동삼유치원,송파구,127.14906770000002,37.4969515,3,1,0,0,0.63
1516,어린이집,행복한어린이집,송파구,127.109705,37.5059305972,3,1,0,0,0.63
1513,어린이집,천사어린이집,송파구,127.1490959483,37.4993137404,3,1,0,0,0.63
1509,어린이집,오금어린이집,송파구,127.140539,37.502546,3,1,0,0,0.63
1529,유치원,석촌유치원,송파구,127.106653,37.502878,3,1,0,0,0.63
1544,유치원,혜림유치원,송파구,127.135206,37.4943352586,3,1,0,0,0.63
1545,어린이집,가락본동어린이집,송파구,127.1246281,37.5010035386,3,1,0,0,0.63
1505,어린이집,송파제일어린이집,송파구,127.1122247,37.503654117800004,3,1,0,0,0.63
1546,어린이집,가원어린이집,송파구,127.1436758,37.4955385,3,1,0,0,0.63
275,유치원,장평초교병설유치원,동대문구,127.07389340000002,37.57399475,3,1,0,0,0.63
1503,어린이집,산성어린이집,송파구,127.148677,37.49700767,3,1,0,0,0.63
274,초등학교,장평초교,동대문구,127.07389340000002,37.57399475,3,1,0,0,0.63
1547,어린이집,거여어린이집,송파구,127.142155,37.49453270000001,3,1,0,0,0.63
388,유치원,초원유치원,강남구,127.048578,37.475915,3,1,0,0,0.63
1500,어린이집,마천어린이집,송파구,127.1516672742,37.4958073571,3,1,0,0,0.63
271,초등학교,동답초교,동대문구,127.0640336,37.57150295,3,1,0,0,0.63
1548,초등학교,마천초등학교,송파구,127.15263013170001,37.4955069831,3,1,0,0,0.63
1466,초등학교,노원초교,노원구,127.05845359999998,37.67359491,3,1,0,0,0.63
1522,유치원,기린유치원,송파구,127.107597,37.507711,3,1,0,0,0.63
30,유치원,연촌병설유치원,노원구,127.0725121,37.634416,3,1,0,0,0.63
1637,초등학교,가락초등학교,송파구,127.1076957,37.5000219623,3,1,0,0,0.63
1642,초등학교,거원초등학교,송파구,127.14493431870001,37.4876238568,3,1,0,0,0.63
1643,초등학교,남천초등학교,송파구,127.1501433,37.500535600000006,3,1,0,0,0.63
61,유치원,연지유치원,노원구,127.0604882,37.63295597,3,1,0,0,0.63
12,유치원,노일유치원,노원구,127.0535507725,37.6726010269,3,1,0,0,0.63
51,유치원,선덕유치원,노원구,127.0671226,37.6330641,3,1,0,0,0.63
43,유치원,꿈터유치원,노원구,127.06006200000002,37.672736,3,1,0,0,0.63
33,유치원,수락병설유치원,노원구,127.0551836,37.68450193,3,1,0,0,0.63
536,초등학교,영화초등학교,동작구,126.9329751,37.50890703,3,1,0,0,0.63
24,초등학교,연지초교,노원구,127.0595368,37.63319071,3,1,0,0,0.63
1640,초등학교,개롱초등학교,송파구,127.1398426,37.497352,3,1,0,0,0.63
533,초등학교,신길초등학교,동작구,126.9267292,37.51087166,3,1,0,0,0.63
1666,초등학교,신북초교,마포구,126.9053627531,37.5711039693,3,1,0,0,0.63
19,초등학교,수락초교,노원구,127.0551836,37.68450193,3,1,0,0,0.63
84,어린이집,구립엠밸리큰나무어린이집,강서구,126.8360761,37.56186182,3,1,0,0,0.63
713,유치원,우성유치원,영등포구,126.900623,37.505742,3,0,0,0,0.6
1554,초등학교,버들초등학교,송파구,127.0890283,37.5102332151,3,0,0,0,0.6
393,유치원,대현초등학교병설유치원,강남구,127.063564,37.50372276,3,0,0,0,0.6
715,어린이집,선재어린이집,영등포구,126.894421,37.5286217,3,0,0,0,0.6
716,유치원,명신유치원,영등포구,126.907811,37.507661,3,0,0,0,0.6
724,유치원,성락유치원,영등포구,126.902462,37.503707,3,0,0,0,0.6
725,초등학교,선유초등학교,영등포구,126.892794,37.532816,3,0,0,0,0.6
558,유치원,천호유치원,강동구,127.1308643,37.5416383,3,0,0,0,0.6
386,유치원,강남유치원,강남구,127.039009,37.515448,3,0,0,0,0.6
398,유치원,청담몬테소리유치원,강남구,127.046511,37.519322,3,0,0,0,0.6
413,초등학교,학동초등학교,강남구,127.0395969,37.51226034,3,0,0,0,0.6
1559,초등학교,송전초등학교,송파구,127.09512861040001,37.5088300798,3,0,0,0,0.6
1560,초등학교,송파초등학교,송파구,127.1156312815,37.5318846619,3,0,0,0,0.6
1272,유치원,강변유치원,용산구,126.9774173,37.51833758,3,0,0,0,0.6
922,어린이집,구립신길5동어린이집,영등포구,126.906102,37.497564,3,0,0,0,0.6
418,유치원,영동제일유치원,강남구,127.05343700000002,37.517579,3,0,0,0,0.6
1273,유치원,한가람유치원,용산구,126.98126299999998,37.51952037,3,0,0,0,0.6
1569,초등학교,잠일초등학교,송파구,127.0816351,37.51473995,3,0,0,0,0.6
919,어린이집,무지개영재어린이집,영등포구,126.8936102,37.525209,3,0,0,0,0.6
89,초등학교,돈암초등학교,성북구,127.0131031,37.5937453,3,0,0,0,0.6
912,어린이집,영신어린이집,영등포구,126.9106409,37.503962,3,0,0,0,0.6
909,유치원,성미유치원,영등포구,126.909256,37.50168998,3,0,0,0,0.6
587,유치원,송원유치원,강동구,127.1315545,37.5292241,3,0,0,0,0.6
1562,초등학교,신천초등학교,송파구,127.095049224,37.514012719,3,0,0,0,0.6
690,초등학교,대동초등학교,영등포구,126.9001186,37.49370368,3,0,0,0,0.6
410,초등학교,언북초등학교,강남구,127.04471409999998,37.52012607,3,0,0,0,0.6
405,초등학교,삼릉초등학교,강남구,127.046914,37.51325956,3,0,0,0,0.6
1281,초등학교,경인초교,양천구,126.885698,37.532893,3,0,0,0,0.6
567,초등학교,삼일초등학교,동작구,126.975172,37.4882193,3,0,0,0,0.6
1380,어린이집,서초구립방배열린,서초구,126.992243,37.489006,3,0,0,0,0.6
401,초등학교,대현초등학교,강남구,127.063564,37.50372276,3,0,0,0,0.6
737,초등학교,대영초등학교,영등포구,126.9063358,37.50267919,3,0,0,0,0.6
385,유치원,성요셉유치원,강남구,127.0482112,37.52627314,3,0,0,0,0.6
1534,유치원,신천병설유치원,송파구,127.095049224,37.514012719,3,0,0,0,0.6
293,어린이집,대치어린이집,강남구,127.065542,37.50185478,3,0,0,0,0.6
295,어린이집,성내참사랑어린이집,강동구,127.1291451,37.52601922,3,0,0,0,0.6
549,초등학교,성일초등학교,강동구,127.1284083,37.52970924,3,0,0,0,0.6
1507,어린이집,열매어린이집,송파구,127.1180408616,37.5274169166,3,0,0,0,0.6
301,어린이집,그린어린이집,강동구,127.1268502,37.5304122,3,0,0,0,0.6
548,초등학교,성내초등학교,강동구,127.1225001,37.53135786,3,0,0,0,0.6
313,초등학교,사당초등학교,관악구,126.973352,37.473838,3,0,0,0,0.6
1511,어린이집,주주어린이집,송파구,127.0864116891,37.5058262,3,0,0,0,0.6
818,유치원,평강유치원,영등포구,126.908145,37.49493197,3,0,0,0,0.6
1514,어린이집,풍납어린이집,송파구,127.116554,37.5288075,3,0,0,0,0.6
811,초등학교,수색초등(병설포함),은평구,126.895422,37.5850571,3,0,0,0,0.6
1515,어린이집,풍성어린이집,송파구,127.12042350000002,37.535373,3,0,0,0,0.6
1525,유치원,동화나라유치원,송파구,127.115429,37.5288178583,3,0,0,0,0.6
336,유치원,새싹유치원,관악구,126.972834,37.47456500000001,3,0,0,0,0.6
1361,초등학교,이수,서초구,126.984416,37.4783713305,3,0,0,0,0.6
786,어린이집,창4동,도봉구,127.0532892,37.6421639,3,0,0,0,0.6
798,유치원,효림유치원,은평구,126.8994297,37.5855516,3,0,0,0,0.6
1531,유치원,송전병설유치원,송파구,127.09512861040001,37.5088300798,3,0,0,0,0.6
1540,유치원,잠신병설유치원,송파구,127.0879195,37.5141325,3,0,0,0,0.6
1502,어린이집,사랑어린이집,송파구,127.1193467,37.5315061362,3,0,0,0,0.6
1541,유치원,잠일병설유치원,송파구,127.0816351,37.51473995,3,0,0,0,0.6
736,초등학교,도림초등학교,영등포구,126.90729070000002,37.50750302,3,0,0,0,0.6
424,학원,동작시사어학원,동작구,126.9778247,37.488664,3,0,0,0,0.6
1379,어린이집,서초구립예아,서초구,126.984571,37.482379,3,0,0,0,0.6
1378,어린이집,방배,서초구,126.993052,37.485092,3,0,0,0,0.6
380,어린이집,강남구청어린이집,강남구,127.0470611,37.51796636,3,0,0,0,0.6
379,어린이집,청수어린이집,강남구,127.049284,37.525052,3,0,0,0,0.6
377,어린이집,선재어린이집,강남구,127.0563559,37.50147751,3,0,0,0,0.6
375,어린이집,한티어린이집,강남구,127.066938,37.49995467,3,0,0,0,0.6
373,어린이집,선릉삼성어린이집,강남구,127.051164,37.50663400000001,3,0,0,0,0.6
372,어린이집,오르다어린이집,강남구,127.0505144,37.51279678,3,0,0,0,0.6
21,초등학교,당현초교,노원구,127.05821170000002,37.64825944,3,0,0,0,0.6
750,초등학교,수색초등,은평구,126.8954934,37.585073,3,0,0,0,0.6
369,어린이집,연화어린이집,강남구,127.03720420000002,37.517216,3,0,0,0,0.6
368,특수학교,서울아카데미(외국인),강남구,127.061603,37.49996119,3,0,0,0,0.6
367,특수학교,정애학교,강남구,127.054425,37.514363,3,0,0,0,0.6
846,초등학교,잠신초등학교,송파구,127.0879195,37.5141325,3,0,0,0,0.6
840,어린이집,세화어린이집,중랑구,127.073783,37.59993259,0,0,3,0,0.6
1570,초등학교,잠전초등학교,송파구,127.0838483213,37.5073393539,3,0,0,0,0.6
432,어린이집,사당4동어린이집,동작구,126.973077,37.480666,3,0,0,0,0.6
108,초등학교,성신초등학교,성북구,127.0231285,37.59462313,3,0,0,0,0.6
1414,어린이집,방배4동,서초구,126.991262,37.487828,3,0,0,0,0.6
1406,어린이집,아가야,서초구,126.98707353559999,37.4880817314,3,0,0,0,0.6
1255,초등학교,신용산초교,용산구,126.9753668,37.52062932,3,0,0,0,0.6
201,어린이집,서정,서초구,126.9827868583,37.4807674284,3,0,0,0,0.6
460,어린이집,아이앤어린이집,강남구,127.0518427,37.51002831,3,0,0,0,0.6
188,어린이집,느티나무어린이집,성북구,127.0081186,37.59796095,3,0,0,0,0.6
1246,어린이집,충신교회어린이집,용산구,126.9677697,37.52052298,3,0,0,0,0.6
1243,유치원,원유치원,용산구,126.9768167716,37.5196486041,3,0,0,0,0.6
462,어린이집,다문화어린이집,동작구,126.9787548,37.4830324,3,0,0,0,0.6
1242,유치원,대건유치원,용산구,126.9778555,37.52071271,3,0,0,0,0.6
121,유치원,반디유치원,성북구,127.012706,37.59447253,3,0,0,0,0.6
110,초등학교,숭덕초등학교,성북구,127.0132906,37.60381836,3,0,0,0,0.6
182,어린이집,가람어린이집,성북구,127.0074133,37.59834960000001,3,0,0,0,0.6
181,어린이집,돈암감리교회어린이집,성북구,127.017875,37.59572686,3,0,0,0,0.6
111,초등학교,정덕초등학교,성북구,127.013421,37.59823941,3,0,0,0,0.6
579,유치원,유정유치원,강동구,127.1337598,37.525911,3,0,0,0,0.6
175,유치원,성신유치원,성북구,127.02214740000002,37.59165365,3,0,0,0,0.6
1416,어린이집,도구머리,서초구,126.987193,37.478623,3,0,0,0,0.6
173,유치원,천사유치원,성북구,127.012706,37.59447253,3,0,0,0,0.6
171,유치원,정덕병설유치원,성북구,127.013421,37.59823941,3,0,0,0,0.6
584,유치원,준현유치원,강동구,127.1266259,37.53049305,3,0,0,0,0.6
1419,어린이집,방배본동 행복한,서초구,126.985489,37.495021,3,0,0,0,0.6
168,유치원,우촌유치원,성북구,127.0114006,37.59564089,3,0,0,0,0.6
123,유치원,세아유치원,성북구,127.012706,37.59447253,3,0,0,0,0.6
487,유치원,동그라미유치원,동작구,126.9793688,37.4816149,3,0,0,0,0.6
127,유치원,희망찬유치원,성북구,127.0231416,37.59899113,3,0,0,0,0.6
139,유치원,새싹유치원,성북구,127.0142327,37.60298573,3,0,0,0,0.6
138,유치원,베네딕도유치원,성북구,127.0158038,37.59965547,3,0,0,0,0.6
129,유치원,돈암병설유치원,성북구,127.0131031,37.5937453,3,0,0,0,0.6
650,어린이집,예일어린이집,송파구,127.0857213,37.50342765,3,0,0,0,0.6
132,초등학교,우촌초등학교,성북구,127.0114006,37.59564089,3,0,0,0,0.6
653,어린이집,참사랑어린이집,동작구,126.9775139,37.48280553,3,0,0,0,0.6
428,어린이집,이수어린이집,동작구,126.980752,37.491522812199996,3,0,0,0,0.6
439,어린이집,청담어린이집,강남구,127.0401134,37.52212074,3,0,0,0,0.6
436,학원,튼튼영어마스터 학원,동작구,126.971286,37.479934,3,0,0,0,0.6
1206,초등학교,남사초등학교,동작구,126.9782332,37.4819443,3,0,0,0,0.6
1405,어린이집,아람마주이야기,서초구,126.98651922229999,37.490799108800005,3,0,0,0,0.6
1403,유치원,방배초교병설,서초구,126.987137,37.486764,3,0,0,0,0.6
1573,초등학교,토성초등학교,송파구,127.1156312815,37.5318846619,3,0,0,0,0.6
440,어린이집,역삼어린이집,강남구,127.035679,37.497106,3,0,0,0,0.6
1267,초등학교,한강초교,용산구,126.9650994294,37.525226173,3,0,0,0,0.6
1207,초등학교,남성초등학교,동작구,126.9754872,37.48459633,3,0,0,0,0.6
101,초등학교,정수초등학교,성북구,127.0077189,37.60377561,3,0,0,0,0.6
1575,초등학교,풍납초등학교,송파구,127.117205578,37.5344059116,3,0,0,0,0.6
437,어린이집,신사어린이집,강남구,127.0401134,37.52212074,3,0,0,0,0.6
105,초등학교,매원초등학교,성북구,127.0191869,37.59767468,3,0,0,0,0.6
1404,유치원,새순,서초구,126.98857848280001,37.489064,3,0,0,0,0.6
930,유치원,대동초등학교병설유치원,영등포구,126.9001186,37.49370368,3,0,0,0,0.6
1268,유치원,충신유치원,용산구,126.97298059379999,37.5204903168,3,0,0,0,0.6
425,학원,미래연미술학원,동작구,126.97148500000002,37.480221,3,0,0,0,0.6
1402,초등학교,방배,서초구,126.987137,37.486764,3,0,0,0,0.6
199,초등학교,서초,서초구,127.024893,37.499048,0,0,2,2,0.57
1415,어린이집,서초1동하은,서초구,127.018267,37.493179,0,0,2,2,0.57
1347,어린이집,서초구립 서울교육대학교사향어린이집,서초구,127.018079,37.491767,0,0,2,2,0.57
1497,초등학교,서원,서초구,127.014621,37.502438,0,0,2,2,0.57
1346,어린이집,서초연꽃,서초구,127.018079,37.491767,0,0,2,2,0.57
408,초등학교,논현초등학교,강남구,127.0262217,37.50849066,0,0,2,2,0.57
1601,어린이집,서초1삼성,서초구,127.0269144605,37.4966333557,0,0,2,2,0.57
1602,어린이집,서초2삼성,서초구,127.0257035891,37.4967437284,0,0,2,2,0.57
200,유치원,예원,서초구,127.015475,37.500427,0,0,2,2,0.57
1421,유치원,원명초교병설,서초구,127.016706,37.500776,0,0,2,2,0.57
1382,어린이집,반포복지관,서초구,127.021231,37.507877,0,0,2,2,0.57
1383,어린이집,누리아미,서초구,127.022212,37.50271400000001,0,0,2,2,0.57
1354,초등학교,서이,서초구,127.025619,37.491566,0,0,2,2,0.57
1371,유치원,석문,서초구,127.0217400956,37.4928856919,0,0,2,2,0.57
1420,초등학교,원명,서초구,127.016706,37.500776,0,0,2,2,0.57
205,어린이집,샤이닝키즈,서초구,127.026805,37.495091,0,0,2,2,0.57
365,초등학교,자곡초등학교,강남구,127.0996009,37.472191,0,0,2,1,0.45
1072,초등학교,방화초등학교,강서구,126.8074988,37.56870364,0,0,2,1,0.45
364,초등학교,율현초등학교,강남구,127.108267,37.474559,0,0,2,1,0.45
363,초등학교,세명초등학교,강남구,127.0910762,37.468857,0,0,2,1,0.45
1033,유치원,세화유치원,양천구,126.871238,37.514999,0,0,2,1,0.45
1031,학원,잉글리쉬러닝베이(목동),양천구,126.8727818699,37.519742,0,0,2,1,0.45
627,초등학교,오류초등학교,구로구,126.8420281,37.49752903,0,0,2,1,0.45
1145,어린이집,구립아이솔어린이집,강서구,126.8073379,37.56443212,0,0,2,1,0.45
1279,초등학교,갈산초교,양천구,126.870229,37.512372,0,0,2,1,0.45
397,유치원,은곡유치원,강남구,127.096934,37.46682003,0,0,2,1,0.45
449,어린이집,방죽어린이집,강남구,127.104503,37.4699202,0,0,2,1,0.45
1286,초등학교,신서초교,양천구,126.862332,37.52059600000001,0,0,2,1,0.45
704,초등학교,세곡초등학교,구로구,126.8491193,37.50505628,0,0,2,1,0.45
1076,초등학교,정곡초등학교,강서구,126.818936,37.5769308,0,0,2,1,0.45
644,어린이집,세라핌어린이집,구로구,126.8450222,37.497724,0,0,2,1,0.45
1118,유치원,방화이화유치원,강서구,126.8135129,37.57409045,0,0,2,1,0.45
642,어린이집,샘소슬어린이집,구로구,126.834631,37.49359778,0,0,2,1,0.45
1285,초등학교,신목초교,양천구,126.872685,37.516610977,0,0,2,1,0.45
1284,초등학교,서정초교,양천구,126.86723700000002,37.523451,0,0,2,1,0.45
1136,어린이집,이레어린이집,강서구,126.810033,37.56950782,0,0,2,1,0.45
1283,초등학교,목동초교,양천구,126.8721195225,37.52280800000001,0,0,2,1,0.45
1077,유치원,정곡초등학교(병설유치원),강서구,126.818936,37.5769308,0,0,2,1,0.45
524,유치원,혜원유치원,구로구,126.842282,37.49940021,0,0,2,1,0.45
1078,초등학교,치현초등학교,강서구,126.814673,37.57591942,0,0,2,1,0.45
450,어린이집,푸른어린이집,강남구,127.0998275,37.47356078,0,0,2,1,0.45
510,유치원,나비유치원,구로구,126.839734,37.497362,0,0,2,1,0.45
130,유치원,동선유치원,성북구,127.02036409999998,37.58403157,0,0,2,0,0.4
124,유치원,은영유치원,성북구,127.0166844,37.5846232,0,0,2,0,0.4
119,유치원,덕수유치원,성북구,126.9952986,37.5940033,0,0,2,0,0.4
113,초등학교,광운초등학교,성북구,127.0550899,37.61905819,0,0,2,0,0.4
187,어린이집,초원어린이집,성북구,127.0371676,37.59817287,0,0,2,0,0.4
131,유치원,동신병설유치원,성북구,127.0170593,37.58328607,0,0,2,0,0.4
134,유치원,새삼선유치원,성북구,127.0059939,37.58998063,0,0,2,0,0.4
137,유치원,성북병설유치원,성북구,126.9987771,37.59405236,0,0,2,0,0.4
140,유치원,영암유치원,성북구,127.0234341,37.58236597,0,0,2,0,0.4
150,특수학교,서울다원학교,성북구,126.9913627,37.59394033,0,0,2,0,0.4
155,어린이집,성북어린이집,성북구,127.0059087,37.5896356,0,0,2,0,0.4
167,유치원,영재유치원,성북구,127.0347683,37.59743497,0,0,2,0,0.4
180,어린이집,한빛어린이집,성북구,127.0032284,37.5910096,0,0,2,0,0.4
184,어린이집,종암중앙어린이집,성북구,127.033713,37.5987021,0,0,2,0,0.4
92,초등학교,동신초등학교,성북구,127.0170593,37.58328607,0,0,2,0,0.4
1448,어린이집,창신제일어린이집,종로구,127.0085733,37.5785149,0,0,2,0,0.4
107,초등학교,성북초등학교,성북구,126.9987771,37.59405236,0,0,2,0,0.4
104,초등학교,대광초등학교,성북구,127.0234479,37.57915122,0,0,2,0,0.4
1198,어린이집,청정원어린이집,동대문구,127.025153,37.574139,0,0,2,0,0.4
116,초등학교,일신초등학교,성북구,127.04017720000002,37.59881357,0,0,2,0,0.4
1447,초등학교,창신초등학교,종로구,127.0142954992,37.576211835,0,0,2,0,0.4
635,특수학교,지구촌학교,구로구,126.8351761,37.48885919,0,0,2,0,0.4
1449,유치원,청룡유치원,종로구,127.016652,37.579411857,0,0,2,0,0.4
1445,어린이집,은행나무어린이집,종로구,127.010937,37.5787566005,0,0,2,0,0.4
415,초등학교,개일초등학교,강남구,127.057776,37.48621378,0,0,2,0,0.4
527,초등학교,고원초등학교,구로구,126.8657986,37.49761248,0,0,2,0,0.4
614,초등학교,서울면목초등학교,중랑구,127.08728870000002,37.59069723,0,0,2,0,0.4
416,유치원,돌샘유치원,강남구,127.07086979999998,37.48914032,0,0,2,0,0.4
361,초등학교,대치초등학교,강남구,127.0621966,37.49127879,0,0,2,0,0.4
1459,어린이집,동숭어린이집,종로구,127.0070179,37.579194,0,0,2,0,0.4
523,유치원,푸른동산유치원,구로구,126.831364,37.48673104,0,0,2,0,0.4
399,초등학교,대곡초등학교,강남구,127.0650265,37.49471191,0,0,2,0,0.4
362,초등학교,양전초등학교,강남구,127.069478,37.49028366,0,0,2,0,0.4
1424,유치원,한아름유치원,종로구,127.0011512,37.590282,0,0,2,0,0.4
481,초등학교,고산초등학교,구로구,126.8647738,37.49897363,0,0,2,0,0.4
1457,어린이집,도담도담어린이집,종로구,127.0218623558,37.577024,0,0,2,0,0.4
414,초등학교,개원초등학교,강남구,127.0587379,37.48161815,0,0,2,0,0.4
381,어린이집,구민회관어린이집,강남구,127.0642704,37.493887,0,0,2,0,0.4
1461,어린이집,명륜어린이집,종로구,126.994933,37.5913091,0,0,2,0,0.4
1462,초등학교,명신초등학교,종로구,127.01462255370001,37.5814519764,0,0,2,0,0.4
1441,어린이집,아동회관어린이집,종로구,127.0144680997,37.5789472325,0,0,2,0,0.4
518,유치원,서울하늘숲유치원,구로구,126.8430176,37.48509285,0,0,2,0,0.4
392,유치원,개포초등학교유치원,강남구,127.0699766,37.48680544,0,0,2,0,0.4
1454,어린이집,한빛어린이집,종로구,127.019976,37.574807,0,0,2,0,0.4
1434,초등학교,서울사대부설초등학교,종로구,127.0042973331,37.5776001536,0,0,2,0,0.4
513,유치원,미래초병설유치원,구로구,126.8880789,37.50510683,0,0,2,0,0.4
1426,초등학교,혜화초등학교,종로구,127.0002536208,37.5886355989,0,0,2,0,0.4
703,초등학교,미래초등학교,구로구,126.8880789,37.50510683,0,0,2,0,0.4
626,초등학교,오류남초등학교,구로구,126.8391137,37.489606,0,0,2,0,0.4
1428,유치원,봄샘유치원,종로구,127.00655657899999,37.5734554747,0,0,2,0,0.4
1425,유치원,혜화유치원,종로구,127.003115,37.586802,0,0,2,0,0.4
631,초등학교,하늘숲초등학교,구로구,126.84148190000002,37.48416096,0,0,2,0,0.4
643,어린이집,샛별어린이집,구로구,126.8850875,37.4999466,0,0,2,0,0.4
630,초등학교,천왕초등학교,구로구,126.8370629,37.48145598,0,0,2,0,0.4
705,초등학교,신구로초등학교,구로구,126.8897653,37.49965913,0,0,2,0,0.4
328,유치원,동원유치원,관악구,126.956671,37.482829,0,0,1,1,0.28
431,유치원,행복한숲유치원,동작구,126.9495433,37.50763224,0,0,1,1,0.28
334,유치원,명성유치원,관악구,126.929357,37.478799,0,0,1,1,0.28
935,유치원,봉천병설유치원,관악구,126.958188,37.48327000000001,0,0,1,1,0.28
490,유치원,벧엘유치원,동작구,126.9422402,37.50934081,0,0,1,1,0.28
430,특수학교,삼성특수학교,동작구,126.9466724,37.49919802,0,0,1,1,0.28
940,유치원,청룡병설유치원,관악구,126.951218,37.476725,0,0,1,1,0.28
325,초등학교,원신초등학교,관악구,126.927241,37.467198,0,0,1,1,0.28
488,유치원,동아유치원,동작구,126.9433211,37.50824932,0,0,1,1,0.28
535,초등학교,영본초등학교,동작구,126.9486722,37.51129715,0,0,1,1,0.28
652,어린이집,우리어린이집,동작구,126.9672688,37.48301937,0,0,1,1,0.28
317,초등학교,청룡초등학교,관악구,126.951218,37.476725,0,0,1,1,0.28
506,유치원,시현유치원,동작구,126.9468677,37.51030525,0,0,1,1,0.28
315,초등학교,원당초등학교,관악구,126.956249,37.481214,0,0,1,1,0.28
636,어린이집,상도어린이집,동작구,126.9464077,37.5024623,0,0,1,1,0.28
504,유치원,샛별유치원,동작구,126.9502826,37.49804586,0,0,1,1,0.28
499,유치원,강남유치원,동작구,126.94967859999998,37.50349488,0,0,1,1,0.28
500,유치원,상도유치원,동작구,126.9516555,37.50144862,0,0,1,1,0.28
1296,초등학교,신상도초등학교,동작구,126.9446175,37.50034631,0,0,1,1,0.28
309,어린이집,동심어린이집,강동구,127.1373773,37.5561083,0,0,1,1,0.28
320,초등학교,신봉초등학교,관악구,126.949391,37.485576,0,0,1,1,0.28
1014,유치원,큰솔유치원,관악구,126.960684,37.484098,0,0,1,1,0.28
322,초등학교,봉천초등학교,관악구,126.958188,37.48327000000001,0,0,1,1,0.28
1344,어린이집,꿈나래 어린이집,금천구,126.8971618,37.45454162,0,0,1,1,0.28
1015,유치원,은비유치원,관악구,126.960112,37.489072,0,0,1,1,0.28
938,유치원,원당병설유치원,관악구,126.956249,37.48128,0,0,1,1,0.28
1226,어린이집,청구어린이집,중구,127.0166957,37.55721132,0,0,0,0,0.0
1219,초등학교,흥인초등학교,중구,127.0145555,37.56087001,0,0,0,0,0.0
1422,초등학교,서래,서초구,126.990157,37.496405,0,0,0,0,0.0
1225,어린이집,성심어린이집,중구,127.0082945,37.55431549,0,0,0,0,0.0
1218,초등학교,남산초등학교,중구,126.986781,37.55978501,0,0,0,0,0.0
1221,초등학교,한성화교소학교,중구,126.983765,37.56222092,0,0,0,0,0.0
1214,초등학교,광희초등학교,중구,127.0156883,37.56729901,0,0,0,0,0.0
1215,초등학교,충무초등학교,중구,127.0012351,37.56194835,0,0,0,0,0.0
1216,초등학교,봉래초등학교,중구,126.9652506,37.55641234,0,0,0,0,0.0
1217,초등학교,장충초등학교,중구,127.0117048,37.55997122,0,0,0,0,0.0
1224,어린이집,신당어린이집,중구,127.014143,37.562236,0,0,0,0,0.0
1220,초등학교,신당초등학교,중구,127.0236739,37.56362522,0,0,0,0,0.0
1223,유치원,일신유치원,중구,126.9789005,37.55670605,0,0,0,0,0.0
1423,유치원,서래초교병설,서초구,126.990157,37.496405,0,0,0,0,0.0
1222,어린이집,회현어린이집,중구,126.98087209999998,37.55586783,0,0,0,0,0.0
1628,유치원,정님유치원,마포구,126.947796,37.550162,0,0,0,0,0.0
1234,어린이집,남산숲어린이집,중구,127.008951,37.546567,0,0,0,0,0.0
1227,어린이집,신당5동어린이집,중구,127.020756,37.563011,0,0,0,0,0.0
1619,어린이집,창전어린이집,마포구,126.932464,37.5485756,0,0,0,0,0.0
1239,유치원,약수유치원,중구,127.0163105,37.55530847,0,0,0,0,0.0
1240,유치원,한일유치원,중구,127.020337,37.56280774,0,0,0,0,0.0
1241,어린이집,단우물어린이집,중구,127.0182193,37.567262,0,0,0,0,0.0
1465,초등학교,상계초교,노원구,127.0664937,37.65962546,0,0,0,0,0.0
1418,어린이집,잠원꿈밭,서초구,127.016578,37.513722,0,0,0,0,0.0
1417,어린이집,내곡연두,서초구,127.064924,37.454949,0,0,0,0,0.0
1617,어린이집,성산어린이집,마포구,126.90866409999998,37.5685261285,0,0,0,0,0.0
1467,초등학교,상월초교,노원구,127.056986,37.65865377,0,0,0,0,0.0
1616,어린이집,샘물어린이집,마포구,126.898307914,37.5580769107,0,0,0,0,0.0
1469,초등학교,태릉초교,노원구,127.0850611,37.62310204,0,0,0,0,0.0
1472,초등학교,신계초교,노원구,127.0527686,37.62979181,0,0,0,0,0.0
1615,유치원,성결유치원,마포구,126.93733221020001,37.5463550588,0,0,0,0,0.0
1410,어린이집,서초구립 반포1동주민센터,서초구,127.0133786194,37.505094038,0,0,0,0,0.0
1614,유치원,월드유치원,마포구,126.8811065,37.5804055547,0,0,0,0,0.0
1409,초등학교,원촌,서초구,127.0146997242,37.5063251046,0,0,0,0,0.0
1244,어린이집,이촌어린이집,용산구,126.9545216,37.52695898,0,0,0,0,0.0
1245,어린이집,보광어린이집,용산구,127.0009367,37.52880939,0,0,0,0,0.0
1618,어린이집,진선미어린이집,마포구,126.9454857864,37.537997828499996,0,0,0,0,0.0
1620,어린이집,연화어린이집,마포구,126.9505002656,37.538243,0,0,0,0,0.0
1228,어린이집,동화나라어린이집,중구,127.01929540000002,37.56154292,0,0,0,0,0.0
1238,유치원,신일유치원,중구,127.011863,37.55539072,0,0,0,0,0.0
1229,어린이집,서울직장어린이집,중구,126.9731115,37.56393448,0,0,0,0,0.0
1627,유치원,홍대병설유치원,마포구,126.9191674115,37.5635098256,0,0,0,0,0.0
1230,어린이집,황학어린이집,중구,127.022328,37.56877864,0,0,0,0,0.0
1231,어린이집,약수어린이집,중구,127.0092394,37.55232648,0,0,0,0,0.0
1232,어린이집,약수교회어린이집,중구,127.0109232,37.55256170000001,0,0,0,0,0.0
1626,유치원,새현대유치원,마포구,126.9535992065,37.540387143400004,0,0,0,0,0.0
1233,어린이집,한솔어린이집,중구,127.0056761,37.54716803,0,0,0,0,0.0
1235,유치원,가명유치원,중구,126.9671388,37.55879188,0,0,0,0,0.0
1463,어린이집,무궁화어린이집,종로구,126.97110229479999,37.5847697,0,0,0,0,0.0
1625,유치원,꿈터유치원,마포구,126.909024,37.565336,0,0,0,0,0.0
1236,유치원,근화유치원,중구,127.0089631,37.55901191,0,0,0,0,0.0
1624,유치원,서일유치원,마포구,126.9080453,37.567456,0,0,0,0,0.0
1623,초등학교,일본인학교,마포구,126.8844155644,37.583609133,0,0,0,0,0.0
1622,초등학교,하늘초교,마포구,126.88086160959999,37.5858076256,0,0,0,0,0.0
1464,초등학교,동자초등학교,광진구,127.07217916530001,37.5350582094,0,0,0,0,0.0
1621,유치원,상지초교병설유치원,마포구,126.8820758168,37.579750568200005,0,0,0,0,0.0
1237,유치원,수암유치원,중구,127.0056761,37.54716803,0,0,0,0,0.0
1427,초등학교,효제초등학교,종로구,127.0034910708,37.5726879575,0,0,0,0,0.0
1519,초등학교,해누리초등학교,송파구,127.1021222752,37.4984122244,0,0,0,0,0.0
1213,초등학교,덕수초등학교,중구,126.9746581,37.56908852,0,0,0,0,0.0
1660,초등학교,염리초교,마포구,126.9459983393,37.542708491300004,0,0,0,0,0.0
1658,초등학교,성원초교,마포구,126.90508726120001,37.5669771899,0,0,0,0,0.0
1190,어린이집,예나어린이집,동대문구,127.0394775,37.58574501,0,0,0,0,0.0
1657,초등학교,성서초교,마포구,126.91092644780001,37.5605954796,0,0,0,0,0.0
1444,유치원,옥인유치원,종로구,126.970311,37.582220407,0,0,0,0,0.0
1656,초등학교,망원초교,마포구,126.9007623937,37.5608234,0,0,0,0,0.0
1451,초등학교,청운초등학교,종로구,126.9692360034,37.5859741,0,0,0,0,0.0
1655,초등학교,동교초교,마포구,126.90235039999999,37.5586245661,0,0,0,0,0.0
1654,초등학교,홍대부속초교,마포구,126.9132092807,37.5596457273,0,0,0,0,0.0
1653,초등학교,서강초교,마포구,126.9268966105,37.5486952599,0,0,0,0,0.0
1652,유치원,용강초교병설유치원,마포구,126.94401670000002,37.5491010696,0,0,0,0,0.0
1651,초등학교,용강초교,마포구,126.94401670000002,37.5491010696,0,0,0,0,0.0
1650,유치원,삼성그린유치원,마포구,126.95159022360001,37.5395033569,0,0,0,0,0.0
1649,유치원,마포초교병설유치원,마포구,126.9498166477,37.5386016165,0,0,0,0,0.0
1648,초등학교,마포초교,마포구,126.9498166477,37.5386016165,0,0,0,0,0.0
1647,유치원,공덕초교병설유치원,마포구,126.95482249,37.5458044265,0,0,0,0,0.0
1452,유치원,하나유치원,종로구,126.9775015168,37.61430900000001,0,0,0,0,0.0
1646,초등학교,공덕초교,마포구,126.95482249,37.5458044265,0,0,0,0,0.0
1659,초등학교,중동초교,마포구,126.9117752412,37.566409344,0,0,0,0,0.0
1188,어린이집,예다미어린이집,동대문구,127.0577394,37.59934457,0,0,0,0,0.0
1212,초등학교,리라초등학교,중구,126.9879807,37.5578197,0,0,0,0,0.0
1450,어린이집,청운어린이집,종로구,126.9660043,37.588398100000006,0,0,0,0,0.0
1667,초등학교,한서초교,마포구,126.9497793991,37.5536482837,0,0,0,0,0.0
1446,초등학교,재동초등학교,종로구,126.9851784741,37.5800283814,0,0,0,0,0.0
1172,어린이집,해오름어린이집,동대문구,127.0341959,37.58402117,0,0,0,0,0.0
1173,어린이집,휘경어린이집,동대문구,127.05771570000002,37.58711503,0,0,0,0,0.0
1174,어린이집,성은어린이집,동대문구,127.0679845,37.59917356,0,0,0,0,0.0
1175,어린이집,한일어린이집,동대문구,127.0656487,37.59806481,0,0,0,0,0.0
1665,초등학교,성산초교,마포구,126.91094856049999,37.5534098,0,0,0,0,0.0
1664,초등학교,서교초교,마포구,126.92437813149999,37.5548889361,0,0,0,0,0.0
1178,초등학교,목원초교,양천구,126.882479,37.542936,0,0,0,0,0.0
1663,유치원,창천초교병설유치원,마포구,126.9392942416,37.5549191712,0,0,0,0,0.0
1180,어린이집,꿈마루어린이집,동대문구,127.05404140000002,37.58550219,0,0,0,0,0.0
1181,어린이집,배봉어린이집,동대문구,127.0706374,37.5811645,0,0,0,0,0.0
1182,어린이집,햇살어린이집,동대문구,127.0369829,37.57281917,0,0,0,0,0.0
1662,초등학교,창천초교,마포구,126.9392942416,37.5549191712,0,0,0,0,0.0
1661,초등학교,신석초교,마포구,126.93778183459999,37.5445352786,0,0,0,0,0.0
1186,어린이집,영유아프라자어린이집,동대문구,127.0346575,37.58372345,0,0,0,0,0.0
1187,어린이집,회기어린이집,동대문구,127.05455259999998,37.59067813,0,0,0,0,0.0
1193,어린이집,더불어숲어린이집,동대문구,127.0669941,37.57567472,0,0,0,0,0.0
1645,초등학교,소의초교,마포구,126.96065781629999,37.5527802434,0,0,0,0,0.0
1644,초등학교,아현초교,마포구,126.9562424291,37.5558312701,0,0,0,0,0.0
1443,유치원,연동유치원,종로구,127.0013212,37.573985434099995,0,0,0,0,0.0
1632,초등학교,구의초등학교,광진구,127.0803117758,37.5430074366,0,0,0,0,0.0
1631,초등학교,광장초등학교,광진구,127.10179988559999,37.5485492186,0,0,0,0,0.0
1437,유치원,세검정유치원,종로구,126.9596544175,37.6002731197,0,0,0,0,0.0
1630,유치원,서울유치원,마포구,126.90141629370001,37.5696987915,0,0,0,0,0.0
1436,어린이집,선재어린이집,종로구,126.982239,37.573435,0,0,0,0,0.0
1458,초등학교,독립문초등학교,종로구,126.95997185959999,37.574216518200004,0,0,0,0,0.0
1208,어린이집,필동어린이집,중구,126.995473,37.557611,0,0,0,0,0.0
1209,어린이집,중림어린이집,중구,126.9677364,37.55565837,0,0,0,0,0.0
1460,초등학교,매동초등학교,종로구,126.9669436368,37.5774982962,0,0,0,0,0.0
1629,유치원,배영유치원,마포구,126.9195956066,37.552647698,0,0,0,0,0.0
1435,어린이집,서울청사한빛어린이집,종로구,126.97311027389999,37.5799037141,0,0,0,0,0.0
1433,특수학교,"서울맹,농학교",종로구,126.9677601174,37.584771343,0,0,0,0,0.0
1432,어린이집,생명숲어린이집,종로구,126.968167,37.606437,0,0,0,0,0.0
1211,초등학교,청구초등학교,중구,127.0137244,37.55911668,0,0,0,0,0.0
1431,초등학교,상명대부속초등학교,종로구,126.956708,37.6004414644,0,0,0,0,0.0
1430,어린이집,상록수 어린이집,종로구,126.96460476370001,37.5727172,0,0,0,0,0.0
1429,어린이집,부암어린이집,종로구,126.96310990000002,37.6015004,0,0,0,0,0.0
1456,어린이집,누상어린이집,종로구,126.967169,37.580716,0,0,0,0,0.0
1633,초등학교,동의초등학교,광진구,127.09904731,37.5534224448,0,0,0,0,0.0
1438,초등학교,세검정초등학교,종로구,126.9609708751,37.6034702766,0,0,0,0,0.0
1638,초등학교,가원초등학교,송파구,127.1110221,37.4894409751,0,0,0,0,0.0
1453,특수학교,하비에르국제학교,종로구,126.9562416352,37.6113468712,0,0,0,0,0.0
1194,어린이집,오르다어린이집,동대문구,127.0577463,37.57180533,0,0,0,0,0.0
1442,어린이집,엔젤키즈어린이집,종로구,126.960504,37.5985179,0,0,0,0,0.0
1641,초등학교,거여초등학교,송파구,127.1409872048,37.505169417,0,0,0,0,0.0
1195,어린이집,우아세어린이집,동대문구,127.0577034,37.57114155,0,0,0,0,0.0
1639,초등학교,가주초등학교,송파구,127.1292781057,37.4965216,0,0,0,0,0.0
1440,특수학교,수도사랑의학교,종로구,126.965217,37.574721,0,0,0,0,0.0
1197,어린이집,구청(직장)어린이집,동대문구,127.0391472,37.57530824,0,0,0,0,0.0
1634,유치원,상암초교병설유치원,마포구,126.89234209370001,37.5763366011,0,0,0,0,0.0
1439,유치원,세종유치원,종로구,126.9700191676,37.575477,0,0,0,0,0.0
1200,어린이집,연세어린이집,동대문구,127.0704404,37.57607996,0,0,0,0,0.0
1201,어린이집,새하늘어린이집,동대문구,127.053698,37.587691,0,0,0,0,0.0
1202,어린이집,언덕위하얀어린이집,동대문구,127.032297,37.584058,0,0,0,0,0.0
1636,초등학교,가동초등학교,송파구,127.1300168827,37.4974117311,0,0,0,0,0.0
1455,초등학교,"교동, 운현초등학교",종로구,126.9874208785,37.5750623613,0,0,0,0,0.0
1635,초등학교,상지초교,마포구,126.8820758168,37.579750568200005,0,0,0,0,0.0
1168,어린이집,동대문어린이집,동대문구,127.0512824,37.57180206,0,0,0,0,0.0
1607,어린이집,신석어린이집,마포구,126.9365298233,37.542451501799995,0,0,0,0,0.0
1613,유치원,마포대진유치원,마포구,126.9193140923,37.561824,0,0,0,0,0.0
1323,초등학교,안천초등학교,금천구,126.888356,37.45874483,0,0,0,0,0.0
1315,어린이집,새라 어린이집,금천구,126.9030156,37.46010481,0,0,0,0,0.0
1316,어린이집,새롬어린이집,금천구,126.906212,37.46492837,0,0,0,0,0.0
1550,초등학교,문정초등학교,송파구,127.12901190870001,37.4890731161,0,0,0,0,0.0
1317,어린이집,샛별 어린이집,금천구,126.8926703,37.47257779,0,0,0,0,0.0
1318,유치원,시내유치원,금천구,126.8912876,37.47615506,0,0,0,0,0.0
1388,초등학교,신자초등학교,광진구,127.073328,37.530315,0,0,0,0,0.0
1387,유치원,한신,서초구,127.004773,37.509045,0,0,0,0,0.0
1549,초등학교,문덕초등학교,송파구,127.1277298134,37.4851785527,0,0,0,0,0.0
1386,어린이집,반포종합사회복지관 사랑의,서초구,127.01099365729999,37.5099520523,0,0,0,0,0.0
1551,초등학교,문현초등학교,송파구,127.130244,37.482753,0,0,0,0,0.0
1501,어린이집,버들어린이집,송파구,127.131429,37.4813000826,0,0,0,0,0.0
1384,특수학교,나래학교,서초구,127.05149848069999,37.464024978000005,0,0,0,0,0.0
1327,어린이집,옥계어린이집,금천구,126.9003034,37.460122,0,0,0,0,0.0
1381,어린이집,현대양재,서초구,127.052131,37.462332,0,0,0,0,0.0
1329,어린이집,정심 어린이집,금천구,126.90726200000002,37.467721,0,0,0,0,0.0
1504,어린이집,석촌호수어린이집,송파구,127.1014705,37.506100147199994,0,0,0,0,0.0
1374,어린이집,반포1동,서초구,127.018467,37.5100004933,0,0,0,0,0.0
1333,어린이집,양지2어린이집(진행중),서초구,127.0704274311,37.463467938499996,0,0,0,0,0.0
1314,어린이집,새길어린이집,금천구,126.907423,37.440234,0,0,0,0,0.0
1389,초등학교,자양초등학교,광진구,127.07973959290001,37.536965,0,0,0,0,0.0
1506,어린이집,아산병원어린이집,송파구,127.11068152700001,37.529600861999995,0,0,0,0,0.0
1302,어린이집,독산본동어린이집,금천구,126.9025099,37.47741906,0,0,0,0,0.0
1292,초등학교,정목초교,양천구,126.870051,37.536528845700005,0,0,0,0,0.0
1293,초등학교,남명초교,양천구,126.854084,37.515684,0,0,0,0,0.0
1391,초등학교,양남초등학교,광진구,127.089234331,37.531123236,0,0,0,0,0.0
1297,초등학교,신동,서초구,127.011389,37.517128,0,0,0,0,0.0
1298,어린이집,산성몬테소리,서초구,127.0110376411,37.505248531999996,0,0,0,0,0.0
1558,초등학교,송례초등학교,송파구,127.1384396584,37.4778899463,0,0,0,0,0.0
1300,어린이집,한울 아트스쿨,금천구,126.9045858,37.47459671,0,0,0,0,0.0
1301,어린이집,해솔예술어린이집,금천구,126.9007427,37.46300863,0,0,0,0,0.0
1303,유치원,독산유치원,금천구,126.900288,37.46434175,0,0,0,0,0.0
1311,초등학교,문성초등학교,금천구,126.899464,37.47491168,0,0,0,0,0.0
1304,초등학교,독산초등학교,금천구,126.8997128,37.46565673,0,0,0,0,0.0
1557,초등학교,세륜초등학교,송파구,127.1341356,37.518559072399995,0,0,0,0,0.0
1390,초등학교,장안초등학교,광진구,127.0724024679,37.5498764502,0,0,0,0,0.0
1306,유치원,동산 유치원,금천구,126.8995644,37.47631586,0,0,0,0,0.0
1307,초등학교,두산초등학교,금천구,126.8911418,37.46651028,0,0,0,0,0.0
1308,어린이집,모아래 어린이집,금천구,126.891023,37.47700276,0,0,0,0,0.0
1309,초등학교,문교초등학교,금천구,126.9088159,37.46672027,0,0,0,0,0.0
1555,초등학교,삼전초등학교,송파구,127.09326937530001,37.5016992068,0,0,0,0,0.0
1373,어린이집,서초,서초구,127.000248,37.4746784883,0,0,0,0,0.0
1334,어린이집,sot어학원(진행중),서초구,127.0109381306,37.4999272015,0,0,0,0,0.0
1612,유치원,대진유치원,마포구,126.9164207346,37.5621879,0,0,0,0,0.0
1526,유치원,별나라유치원,송파구,127.1257877,37.481381,0,0,0,0,0.0
1528,유치원,생명나무유치원,송파구,127.1291601962,37.4780013673,0,0,0,0,0.0
1512,어린이집,천마어린이집,송파구,127.156427,37.492714,0,0,0,0,0.0
1527,유치원,불광유치원,송파구,127.10210890000002,37.5069141126,0,0,0,0,0.0
1363,초등학교,방현,서초구,126.990074,37.476504,0,0,0,0,0.0
1348,어린이집,서초남서울어린이집,서초구,127.000883,37.506831,0,0,0,0,0.0
1349,어린이집,남태령어린이집,서초구,126.98878536389999,37.465897,0,0,0,0,0.0
1350,특수학교,다니엘학교,서초구,127.092318,37.460163,0,0,0,0,0.0
1351,유치원,서울청계숲,서초구,127.057744,37.447737,0,0,0,0,0.0
1352,어린이집,청계산반디빅스맘,서초구,127.0571636741,37.4475049171,0,0,0,0,0.0
1510,어린이집,잠실어린이집,송파구,127.1048011,37.52171705,0,0,0,0,0.0
1517,특수학교,한국육영학교,송파구,127.1325048307,37.4820482,0,0,0,0,0.0
1353,특수학교,서울프랑스학교,서초구,126.9978407868,37.4958298207,0,0,0,0,0.0
1360,유치원,우암초교병설,서초구,127.023722,37.472296,0,0,0,0,0.0
1359,초등학교,우암,서초구,127.023722,37.472296,0,0,0,0,0.0
1355,초등학교,언남,서초구,127.0614365825,37.4541133292,0,0,0,0,0.0
1518,초등학교,위례별초등학교,송파구,127.1450399,37.47908578,0,0,0,0,0.0
1523,유치원,꿈밭유치원,송파구,127.07421200000002,37.507822,0,0,0,0,0.0
1356,유치원,언남초교병설,서초구,127.0614365825,37.4541133292,0,0,0,0,0.0
1364,어린이집,서초중앙,서초구,126.989054,37.476768,0,0,0,0,0.0
1508,어린이집,예랑어린이집,송파구,127.102431,37.5044991364,0,0,0,0,0.0
1543,유치원,햇빛유치원,송파구,127.114124,37.520487,0,0,0,0,0.0
1538,유치원,위례 솔가람유치원,송파구,127.1409678,37.47801670000001,0,0,0,0,0.0
1542,유치원,제일무궁화유치원,송파구,127.1309801,37.4947364657,0,0,0,0,0.0
1336,초등학교,가산초등학교,금천구,126.8963297,37.47816515,0,0,0,0,0.0
1337,어린이집,개미 어린이집,금천구,126.905858,37.47304288,0,0,0,0,0.0
1372,유치원,새성민,서초구,126.996119,37.480657,0,0,0,0,0.0
1338,초등학교,금나래초등학교,금천구,126.896205,37.458229,0,0,0,0,0.0
1370,초등학교,잠원,서초구,126.998053,37.501859,0,0,0,0,0.0
1340,초등학교,금산초등학교,금천구,126.9080871,37.44144269,0,0,0,0,0.0
1539,유치원,은선유치원,송파구,127.126346,37.4921682746,0,0,0,0,0.0
1536,유치원,아주유치원,송파구,127.0757669,37.50582752,0,0,0,0,0.0
1365,초등학교,서일,서초구,127.022161,37.48529600000001,0,0,0,0,0.0
1535,유치원,아이코리아새세대유치원,송파구,127.13404368200001,37.482756856900004,0,0,0,0,0.0
1343,어린이집,기쁨 어린이집,금천구,126.8934789,37.46413648,0,0,0,0,0.0
1369,초등학교,방일,서초구,126.998851,37.485204,0,0,0,0,0.0
1530,유치원,세륜병설유치원,송파구,127.1341356,37.518559072399995,0,0,0,0,0.0
1368,유치원,천사,서초구,127.03179904059999,37.4750404702,0,0,0,0,0.0
1367,초등학교,양재,서초구,127.031894,37.474164,0,0,0,0,0.0
1345,초등학교,서울교대부설,서초구,127.0154245376,37.4907404857,0,0,0,0,0.0
1366,초등학교,신중,서초구,127.00934325450001,37.4801578791,0,0,0,0,0.0
1291,초등학교,월촌초교,양천구,126.876258,37.540695,0,0,0,0,0.0
1290,초등학교,영도초교,양천구,126.871944,37.535952,0,0,0,0,0.0
1289,초등학교,양화초교,양천구,126.87398600000002,37.5436692981,0,0,0,0,0.0
1590,초등학교,공연초교,노원구,127.0745082,37.62754924,0,0,0,0,0.0
1254,초등학교,원효초교,용산구,126.95154709999998,37.53616243,0,0,0,0,0.0
1596,어린이집,KDB어린이집,영등포구,126.920824,37.52712141,0,0,0,0,0.0
1595,초등학교,창서초등학교,서대문구,126.9334788,37.55814161,0,0,0,0,0.0
1479,어린이집,월계1동어린이집,노원구,127.062417,37.62090696,0,0,0,0,0.0
1594,초등학교,금화초등학교,서대문구,126.9629404,37.568806,0,0,0,0,0.0
1593,초등학교,홍제초등학교,서대문구,126.9454227,37.59350636,0,0,0,0,0.0
1592,초등학교,인왕초등학교,서대문구,126.94480459999998,37.59021925,0,0,0,0,0.0
1591,초등학교,이대부속초등학교,서대문구,126.9427752,37.5611486,0,0,0,0,0.0
1256,초등학교,서빙고초교(병설유치원),용산구,126.99230040129999,37.52206964,0,0,0,0,0.0
1253,초등학교,용암초교,용산구,126.9894356,37.54530443,0,0,0,0,0.0
1257,초등학교,보광초교,용산구,126.9963931,37.53253948,0,0,0,0,0.0
1587,초등학교,신상계초교,노원구,127.0758263316,37.6675178246,0,0,0,0,0.0
1258,초등학교,한남초교(병설유치원),용산구,127.0055986,37.5392032,0,0,0,0,0.0
1480,어린이집,하계어린이집,노원구,127.076531,37.636955,0,0,0,0,0.0
1583,초등학교,한천초교,노원구,127.0692456,37.62070855,0,0,0,0,0.0
1582,초등학교,녹천초교,노원구,127.063113,37.62850733,0,0,0,0,0.0
1579,초등학교,동일초교,노원구,127.0541716,37.6648142,0,0,0,0,0.0
1578,초등학교,상경초교,노원구,127.0516731,37.67055277,0,0,0,0,0.0
1597,초등학교,고은초등학교,서대문구,126.9439752,37.585093,0,0,0,0,0.0
1478,어린이집,예뜨랑어린이집,노원구,127.073031,37.62203611,0,0,0,0,0.0
1288,초등학교,양목초교,양천구,126.861471,37.523917,0,0,0,0,0.0
1250,어린이집,구립맑은숲 어린이집,용산구,127.0032951,37.54503816,0,0,0,0,0.0
1611,유치원,나사렛유치원,마포구,126.89038219999999,37.574335999999995,0,0,0,0,0.0
1247,어린이집,동빙고어린이집,용산구,126.9940089,37.52360144,0,0,0,0,0.0
1248,어린이집,이태원삼성어린이집,용산구,126.9953973,37.53534696,0,0,0,0,0.0
1610,어린이집,노고산어린이집,마포구,126.93843580000001,37.5546015961,0,0,0,0,0.0
1249,어린이집,한남어린이집,용산구,127.0004933,37.53456498,0,0,0,0,0.0
1609,어린이집,동교어린이집,마포구,126.9301259952,37.5562356,0,0,0,0,0.0
1476,어린이집,상계4동어린이집,노원구,127.083211,37.671925,0,0,0,0,0.0
1408,유치원,반포초교병설,서초구,126.99097900000001,37.503333000000005,0,0,0,0,0.0
1407,초등학교,반포,서초구,126.99103600000001,37.502987,0,0,0,0,0.0
1477,어린이집,공릉2동어린이집,노원구,127.082366,37.624563,0,0,0,0,0.0
1608,어린이집,아이빛어린이집,마포구,126.9294899956,37.5490284045,0,0,0,0,0.0
1521,유치원,거여병설유치원,송파구,127.1409872048,37.505169417,0,0,0,0,0.0
1606,어린이집,서강어린이집,마포구,126.92820400000001,37.552022559899996,0,0,0,0,0.0
1251,특수학교,용산국제학교,용산구,127.00113600000002,37.54102695,0,0,0,0,0.0
1605,유치원,영생,서초구,126.995664,37.505005,0,0,0,0,0.0
1604,특수학교,덜위치칼리지서울영국학교,서초구,126.99534078020001,37.5042903762,0,0,0,0,0.0
1603,초등학교,계성,서초구,126.996824,37.504915,0,0,0,0,0.0
1252,특수학교,독일인학교,용산구,127.012161,37.53781156,0,0,0,0,0.0
1577,초등학교,상원초교,노원구,127.0597184,37.66767304,0,0,0,0,0.0
1576,초등학교,풍성초등학교,송파구,127.11441935040001,37.5265519152,0,0,0,0,0.0
1259,초등학교,남정초교(병설유치원),용산구,126.9648033,37.53567338,0,0,0,0,0.0
1276,초등학교,신원초교,양천구,126.829864,37.529559000000006,0,0,0,0,0.0
1566,초등학교,오륜초등학교,송파구,127.1345084357,37.5124246492,0,0,0,0,0.0
1565,초등학교,오금초등학교,송파구,127.1323304746,37.508866342,0,0,0,0,0.0
1397,초등학교,성자초등학교,광진구,127.08340832350001,37.5314935711,0,0,0,0,0.0
1274,유치원,계성유치원,용산구,126.95278149299999,37.5358604644,0,0,0,0,0.0
1396,초등학교,구남초등학교,광진구,127.090076,37.537156,0,0,0,0,0.0
1563,초등학교,아주초등학교,송파구,127.0757669,37.50582752,0,0,0,0,0.0
1275,초등학교,강신초교,양천구,126.82958700000002,37.542099708,0,0,0,0,0.0
1395,초등학교,광남초등학교,광진구,127.1006652891,37.540788085500004,0,0,0,0,0.0
1277,초등학교,양강초교,양천구,126.847852,37.524234,0,0,0,0,0.0
1260,초등학교,이태원초교,용산구,126.9876718,37.53647807,0,0,0,0,0.0
1278,초등학교,양원초교,양천구,126.823106,37.538217,0,0,0,0,0.0
1492,유치원,무지개유치원,노원구,127.07871609999998,37.664554,0,0,0,0,0.0
1394,초등학교,경복초등학교,광진구,127.08679335020001,37.5498138606,0,0,0,0,0.0
1393,초등학교,성동초등학교,광진구,127.08928102670001,37.5332813682,0,0,0,0,0.0
1282,초등학교,계남초교,양천구,126.860017,37.510169,0,0,0,0,0.0
1392,초등학교,용마초등학교,광진구,127.08352741700001,37.5578273465,0,0,0,0,0.0
1496,유치원,서초,서초구,127.016217,37.456085,0,0,0,0,0.0
1287,초등학교,양명초교,양천구,126.856634,37.516375,0,0,0,0,0.0
1567,초등학교,잠동초등학교,송파구,127.0999323245,37.5183371085,0,0,0,0,0.0
1568,초등학교,잠실초등학교,송파구,127.1113101,37.5201866,0,0,0,0,0.0
1490,유치원,키즈위즈유치원,노원구,127.0785356,37.661059,0,0,0,0,0.0
1489,유치원,풍천유치원,노원구,127.060982,37.661121,0,0,0,0,0.0
1482,어린이집,상계삼성어린이집,노원구,127.06590590000002,37.661259,0,0,0,0,0.0
1261,초등학교,청파초교(병설유치원),용산구,126.963544,37.5473031,0,0,0,0,0.0
1262,초등학교,후암초교,용산구,126.9817258,37.55136541,0,0,0,0,0.0
1574,초등학교,평화초등학교,송파구,127.1228091,37.4915664906,0,0,0,0,0.0
1263,초등학교,금양초교,용산구,126.9618318,37.5409415,0,0,0,0,0.0
1264,초등학교,삼광초교,용산구,126.9765936,37.5477533,0,0,0,0,0.0
1265,초등학교,신광초교,용산구,126.9703507,37.53859775,0,0,0,0,0.0
1266,초등학교,용산초교,용산구,126.9725506245,37.5356134429,0,0,0,0,0.0
1401,초등학교,중광초등학교,광진구,127.0826930095,37.5652421437,0,0,0,0,0.0
1400,초등학교,용곡초등학교,광진구,127.0884529841,37.5671086161,0,0,0,0,0.0
1399,초등학교,신양초등학교,광진구,127.0699952764,37.5346820949,0,0,0,0,0.0
1269,유치원,일민유치원,용산구,126.9501826258,37.5344326622,0,0,0,0,0.0
1270,유치원,도원유치원,용산구,126.95786332670001,37.53877767,0,0,0,0,0.0
1571,초등학교,잠현초등학교,송파구,127.104713,37.52258569,0,0,0,0,0.0
1271,유치원,복자유치원,용산구,126.9781812,37.55200632,0,0,0,0,0.0
1398,초등학교,세종초등학교,광진구,127.0728646295,37.5530110986,0,0,0,0,0.0
1488,유치원,온누리유치원,노원구,127.0543182,37.66691522,0,0,0,0,0.0
0,초등학교,화랑초교,노원구,127.093803,37.626918,0,0,0,0,0.0
834,초등학교,서울면중초등학교,중랑구,127.0965491,37.582402,0,0,0,0,0.0
1167,어린이집,태양어린이집,동대문구,127.0453445,37.57405193,0,0,0,0,0.0
395,유치원,유정유치원,강남구,127.09494209999998,37.48300739,0,0,0,0,0.0
354,초등학교,대진초등학교,강남구,127.0780785,37.497027,0,0,0,0,0.0
355,초등학교,수서초등학교,강남구,127.101549,37.49115058,0,0,0,0,0.0
356,초등학교,압구정초등학교,강남구,127.0308413,37.53173902,0,0,0,0,0.0
359,초등학교,왕북초등학교,강남구,127.086039,37.4863299,0,0,0,0,0.0
360,초등학교,대청초등학교,강남구,127.0877676,37.493117,0,0,0,0,0.0
366,특수학교,밀알학교,강남구,127.0820739,37.48578132,0,0,0,0,0.0
370,어린이집,한별어린이집,강남구,127.0555131,37.51175900000001,0,0,0,0,0.0
374,어린이집,논현어린이집,강남구,127.026898,37.51102773,0,0,0,0,0.0
382,유치원,소망유치원,강남구,127.1056314,37.48797908,0,0,0,0,0.0
384,유치원,푸른유치원,강남구,127.0811005,37.48479809,0,0,0,0,0.0
387,유치원,반디유치원,강남구,127.0981867,37.48790982,0,0,0,0,0.0
389,유치원,성결유치원,강남구,127.035354,37.511421,0,0,0,0,0.0
394,유치원,수서초등학교병설유치원,강남구,127.101549,37.49115058,0,0,0,0,0.0
396,유치원,아란유치원,강남구,127.0292754,37.53153399,0,0,0,0,0.0
445,어린이집,GKL행복어린이집,강남구,127.051243,37.51043221,0,0,0,0,0.0
400,초등학교,대왕초등학교,강남구,127.1055895,37.46462136,0,0,0,0,0.0
404,초등학교,봉은초등학교,강남구,127.060981,37.52008278,0,0,0,0,0.0
406,초등학교,청담초등학교,강남구,127.0451534,37.52828178,0,0,0,0,0.0
409,초등학교,신구초등학교,강남구,127.0239915,37.5233613,0,0,0,0,0.0
411,초등학교,영희초등학교,강남구,127.0811312,37.49230166,0,0,0,0,0.0
412,초등학교,일원초등학교,강남구,127.0763251,37.48978925,0,0,0,0,0.0
417,유치원,이화유치원,강남구,127.075096,37.495751,0,0,0,0,0.0
421,초등학교,난향초등학교,관악구,126.918336,37.46282,0,0,0,0,0.0
422,초등학교,남부초등학교,관악구,126.922117,37.485121,0,0,0,0,0.0
423,초등학교,당곡초등학교,관악구,126.930369,37.490168,0,0,0,0,0.0
438,어린이집,보미나어린이집,강남구,127.0285346,37.51150308,0,0,0,0,0.0
442,어린이집,수서어린이집,강남구,127.099054,37.486135,0,0,0,0,0.0
443,어린이집,일원어린이집,강남구,127.078254,37.483221,0,0,0,0,0.0
353,초등학교,대모초등학교,강남구,127.0859937,37.48059953,0,0,0,0,0.0
351,초등학교,구룡초등학교,강남구,127.051773,37.48119613,0,0,0,0,0.0
350,어린이집,자람어린이집,강남구,127.082926,37.491666,0,0,0,0,0.0
349,어린이집,목련어린이집,강남구,127.077734,37.494007,0,0,0,0,0.0
280,초등학교,전곡초교,동대문구,127.0560126,37.58070438,0,0,0,0,0.0
281,초등학교,전농초교,동대문구,127.0543327,37.57472977,0,0,0,0,0.0
282,초등학교,전동초교,동대문구,127.06080690000002,37.57908644,0,0,0,0,0.0
283,유치원,전동초교병설유치원,동대문구,127.06080690000002,37.57908644,0,0,0,0,0.0
284,초등학교,이문초교,동대문구,127.0648841,37.60189478,0,0,0,0,0.0
285,유치원,이문초교병설유치원,동대문구,127.0648841,37.60189478,0,0,0,0,0.0
286,초등학교,휘경초교,동대문구,127.0582128,37.58576220000001,0,0,0,0,0.0
287,유치원,현대경복유치원,서대문구,126.951501,37.58631551,0,0,0,0,0.0
288,유치원,홍제성당유치원,서대문구,126.9436543,37.590144,0,0,0,0,0.0
289,유치원,금화초교(병설)유치원,서대문구,126.9629404,37.568806,0,0,0,0,0.0
290,유치원,북성초교(단설)유치원,서대문구,126.951959,37.559433,0,0,0,0,0.0
291,유치원,인왕초교(병설)유치원,서대문구,126.94480459999998,37.59021925,0,0,0,0,0.0
292,유치원,홍제초교(병설)유치원,서대문구,126.9454227,37.59350636,0,0,0,0,0.0
297,어린이집,예일어린이집,강동구,127.1339492,37.5229326,0,0,0,0,0.0
314,초등학교,신우초등학교,관악구,126.932537,37.463265,0,0,0,0,0.0
318,초등학교,삼성초등학교,관악구,126.940495,37.468521,0,0,0,0,0.0
321,초등학교,은천초등학교,관악구,126.942678,37.486585,0,0,0,0,0.0
323,초등학교,신성초등학교,관악구,126.936752,37.472004,0,0,0,0,0.0
324,초등학교,봉현초등학교,관악구,126.955588,37.49124000000001,0,0,0,0,0.0
326,초등학교,조원초등학교,관악구,126.909514,37.48412800000001,0,0,0,0,0.0
327,유치원,건영유치원,관악구,126.914908,37.484844,0,0,0,0,0.0
329,유치원,배꽃유치원,관악구,126.941936,37.485608,0,0,0,0,0.0
330,유치원,소슬유치원,관악구,126.948407,37.489766,0,0,0,0,0.0
333,유치원,현대유치원,관악구,126.958219,37.492717,0,0,0,0,0.0
335,유치원,새소슬유치원,관악구,126.948407,37.489742,0,0,0,0,0.0
341,어린이집,강일어린이집,강동구,127.17857990000002,37.56911869,0,0,0,0,0.0
347,어린이집,세정어린이집,강동구,127.1557401,37.56063437,0,0,0,0,0.0
444,어린이집,압구정어린이집,강남구,127.0322635,37.523923,0,0,0,0,0.0
446,어린이집,압구정아람어린이집,강남구,127.0356146,37.52934822,0,0,0,0,0.0
616,초등학교,서울금성초등학교,중랑구,127.0898591,37.61531395,0,0,0,0,0.0
586,유치원,성보나유치원,강동구,127.1694389,37.5603217,0,0,0,0,0.0
540,유치원,명덕유치원,강동구,127.1531555,37.5598384,0,0,0,0,0.0
541,유치원,강덕초병설유치원,강동구,127.1604836,37.55954748,0,0,0,0,0.0
545,초등학교,상일초등학교,강동구,127.1726635,37.54757217,0,0,0,0,0.0
552,초등학교,위례초등학교,강동구,127.1394366,37.5223146,0,0,0,0,0.0
556,초등학교,한산초등학교,강동구,127.14107690000002,37.52869458,0,0,0,0,0.0
561,초등학교,노량진초등학교,동작구,126.9408222,37.51175119,0,0,0,0,0.0
563,초등학교,동작초등학교,동작구,126.97651090000002,37.49411478,0,0,0,0,0.0
564,초등학교,문창초등학교,동작구,126.9148425,37.48898312,0,0,0,0,0.0
568,어린이집,하늘빛,도봉구,127.0440422,37.677656,0,0,0,0,0.0
569,초등학교,고일초등학교,강동구,127.1694101,37.55154262,0,0,0,0,0.0
572,초등학교,둔촌초등학교,강동구,127.1374348,37.52624852,0,0,0,0,0.0
576,초등학교,묘곡초등학교,강동구,127.15309340000002,37.55871279,0,0,0,0,0.0
577,초등학교,고현초등학교,강동구,127.1660305,37.55380091,0,0,0,0,0.0
589,초등학교,강일초등학교,강동구,127.1772125,37.56525568,0,0,0,0,0.0
448,어린이집,강남어린이집,강남구,127.075096,37.495751,0,0,0,0,0.0
590,초등학교,고덕초등학교,강동구,127.1660799,37.56129361,0,0,0,0,0.0
592,유치원,인왕유치원,서대문구,126.949475,37.58547131,0,0,0,0,0.0
594,초등학교,강명초등학교,강동구,127.1733219,37.55470604,0,0,0,0,0.0
595,초등학교,강솔초등학교,강동구,127.1802689,37.56186818,0,0,0,0,0.0
596,초등학교,경기초등학교,서대문구,126.9628608,37.5651102,0,0,0,0,0.0
597,초등학교,대신초등학교,서대문구,126.9480383,37.55794755,0,0,0,0,0.0
598,초등학교,미동초등학교,서대문구,126.96588590000002,37.56334876,0,0,0,0,0.0
599,초등학교,북성초등학교,서대문구,126.951959,37.559433,0,0,0,0,0.0
600,초등학교,안산초등학교,서대문구,126.9522121,37.5791691,0,0,0,0,0.0
601,초등학교,연희초등학교,서대문구,126.93414380000002,37.56904764,0,0,0,0,0.0
602,초등학교,홍은초등학교,서대문구,126.949458,37.59754099,0,0,0,0,0.0
605,유치원,한양제일유치원,서대문구,126.94723700000002,37.58327551,0,0,0,0,0.0
607,초등학교,강덕초등학교,강동구,127.1604836,37.55954748,0,0,0,0,0.0
534,초등학교,신남성초등학교,동작구,126.9648709,37.48815083,0,0,0,0,0.0
528,초등학교,고척초등학교,구로구,126.856994,37.50094667,0,0,0,0,0.0
522,유치원,예쁨유치원,구로구,126.8174398,37.495235,0,0,0,0,0.0
521,유치원,영서초병설유치원,구로구,126.89558390000002,37.48896046,0,0,0,0,0.0
451,어린이집,바롬어린이집,강남구,127.036309,37.525305,0,0,0,0,0.0
454,어린이집,해맑은어린이집,강남구,127.0513054,37.478521,0,0,0,0,0.0
455,어린이집,대청어린이집,강남구,127.08351299999998,37.490853,0,0,0,0,0.0
456,어린이집,충현어린이집,강남구,127.0376163,37.50532685,0,0,0,0,0.0
457,어린이집,세곡햇빛어린이집,강남구,127.111611,37.476549,0,0,0,0,0.0
459,어린이집,미담어린이집,강남구,127.0844599,37.48402087,0,0,0,0,0.0
464,어린이집,문화어린이집,동작구,126.9724116,37.4851433,0,0,0,0,0.0
467,유치원,위례초병설유치원,강동구,127.1394366,37.5223146,0,0,0,0,0.0
468,유치원,둘리유치원,강동구,127.17218390000002,37.55081671,0,0,0,0,0.0
469,유치원,고덕유치원,강동구,127.1692477,37.55111218,0,0,0,0,0.0
470,유치원,색동유치원,강동구,127.168472,37.5529037,0,0,0,0,0.0
472,유치원,강동유정유치원,강동구,127.1749825,37.5505854,0,0,0,0,0.0
473,유치원,강일늘사랑유치원,강동구,127.1783206,37.56314695,0,0,0,0,0.0
474,특수학교,주몽학교,강동구,127.1633757,37.54619875,0,0,0,0,0.0
475,특수학교,한국구화학교,강동구,127.158909,37.5582554,0,0,0,0,0.0
477,어린이집,상일어린이집,강동구,127.1656874,37.5562973,0,0,0,0,0.0
486,초등학교,상현초등학교,동작구,126.9526684,37.49487529,0,0,0,0,0.0
492,유치원,상아유치원,동작구,126.9446241,37.4975519,0,0,0,0,0.0
495,유치원,양문유치원,동작구,126.9073747,37.4891543,0,0,0,0,0.0
501,유치원,행복유치원,동작구,126.941139,37.4956159,0,0,0,0,0.0
502,유치원,신남성초교 병설유치원,동작구,126.9648709,37.48815083,0,0,0,0,0.0
505,유치원,하랑숲유치원,동작구,126.9817887,37.4960102,0,0,0,0,0.0
507,어린이집,양지어린이집,동작구,126.9720666,37.48858884,0,0,0,0,0.0
509,유치원,고척초병설유치원,구로구,126.856994,37.50094667,0,0,0,0,0.0
511,유치원,동정성모유치원,구로구,126.8283576,37.4904876,0,0,0,0,0.0
516,유치원,사랑유치원,구로구,126.8763484,37.50626346,0,0,0,0,0.0
520,유치원,신미림초병설유치원,구로구,126.87955259999998,37.50714192,0,0,0,0,0.0
279,초등학교,배봉초교,동대문구,127.0668713,37.58008059,0,0,0,0,0.0
278,초등학교,홍릉초교,동대문구,127.0477047,37.59068743,0,0,0,0,0.0
277,초등학교,청량초교,동대문구,127.055908,37.59230922,0,0,0,0,0.0
153,어린이집,노벨어린이집,성북구,126.9970655,37.60840132,0,0,0,0,0.0
88,특수학교,인강,도봉구,127.0421215,37.69452020000001,0,0,0,0,0.0
90,초등학교,청덕초등학교,성북구,127.0003392,37.61204229999999,0,0,0,0,0.0
91,초등학교,숭례초등학교,성북구,127.03529679999998,37.59452281,0,0,0,0,0.0
93,초등학교,안암초등학교,성북구,127.0220989,37.58715951,0,0,0,0,0.0
97,어린이집,삼성어린이집,중랑구,127.0869214,37.5941501,0,0,0,0,0.0
100,초등학교,정릉초등학교,성북구,127.0052212,37.61979533,0,0,0,0,0.0
102,초등학교,개운초등학교,성북구,127.0275455,37.60183731,0,0,0,0,0.0
114,초등학교,삼선초등학교,성북구,127.0126717,37.58714288,0,0,0,0,0.0
133,유치원,삼선병설유치원,성북구,127.0126717,37.58714288,0,0,0,0,0.0
142,유치원,한가람유치원,성북구,127.010289,37.61630277,0,0,0,0,0.0
143,유치원,개동유치원,성북구,127.0049727,37.6157955,0,0,0,0,0.0
151,어린이집,솔샘어린이집,성북구,127.0111087,37.6137458,0,0,0,0,0.0
152,어린이집,안암어린이집,성북구,127.0214146,37.5856466,0,0,0,0,0.0
154,어린이집,북악어린이집,성북구,127.0078342,37.60980502,0,0,0,0,0.0
276,초등학교,종암초교,동대문구,127.0318584,37.58230633,0,0,0,0,0.0
159,어린이집,새솔어린이집,서대문구,126.9487252,37.58581337,0,0,0,0,0.0
160,특수학교,서울외국인학교,서대문구,126.936153,37.57032455,0,0,0,0,0.0
165,유치원,숭례병설유치원,성북구,127.03529679999998,37.59452281,0,0,0,0,0.0
166,유치원,신암유치원,성북구,127.0173862,37.58677107,0,0,0,0,0.0
174,유치원,청덕병설유치원,성북구,127.0003392,37.61204229999999,0,0,0,0,0.0
177,어린이집,아랑어린이집,성북구,127.0290212,37.5997846,0,0,0,0,0.0
185,어린이집,성북생명숲어린이집,성북구,127.0091835,37.61603256,0,0,0,0,0.0
186,어린이집,이화어린이집,성북구,127.0046166,37.60917216,0,0,0,0,0.0
191,어린이집,고려대학교어린이집,성북구,127.0316981,37.58870342,0,0,0,0,0.0
195,유치원,하나,서초구,127.01135113,37.516336894,0,0,0,0,0.0
196,어린이집,푸르니서초,서초구,127.023817,37.4874393311,0,0,0,0,0.0
197,어린이집,반포,서초구,126.996775,37.497029,0,0,0,0,0.0
198,어린이집,반포서래,서초구,127.000304,37.497438,0,0,0,0,0.0
87,특수학교,서진학교,강서구,126.8506223108,37.5654768152,0,0,0,0,0.0
85,어린이집,하늘숲어린이집,강서구,126.8344082,37.54336869,0,0,0,0,0.0
58,유치원,성희유치원,노원구,127.0561513,37.65081562,0,0,0,0,0.0
57,유치원,아이디유치원,노원구,127.057173,37.65916904,0,0,0,0,0.0
10,유치원,예진유치원,노원구,127.0683959,37.62802146,0,0,0,0,0.0
11,유치원,한울유치원,노원구,127.0808148,37.66850739,0,0,0,0,0.0
13,초등학교,덕암초교,노원구,127.081468,37.66662210000001,0,0,0,0,0.0
15,초등학교,계상초교,노원구,127.0686766,37.66219741,0,0,0,0,0.0
16,초등학교,청원초교,노원구,127.0625319,37.66525335,0,0,0,0,0.0
17,초등학교,상곡초교,노원구,127.06207659999998,37.66290383,0,0,0,0,0.0
18,초등학교,온곡초교,노원구,127.0659114,37.6675405407,0,0,0,0,0.0
25,초등학교,용원초교,노원구,127.0689414,37.62992402,0,0,0,0,0.0
27,초등학교,태랑초교,노원구,127.0906018,37.62625137,0,0,0,0,0.0
28,초등학교,태강삼육,노원구,127.1088514,37.64335827,0,0,0,0,0.0
29,유치원,태랑병설유치원,노원구,127.0906018,37.62625137,0,0,0,0,0.0
31,유치원,신상계병설유치원,노원구,127.0758263316,37.6675178246,0,0,0,0,0.0
34,유치원,상곡병설유치원,노원구,127.06207659999998,37.66290383,0,0,0,0,0.0
35,유치원,상경병설유치원,노원구,127.0516731,37.67055277,0,0,0,0,0.0
36,유치원,동일병설유치원,노원구,127.0541716,37.6648142,0,0,0,0,0.0
37,유치원,공릉병설유치원,노원구,127.0746307,37.61861498,0,0,0,0,0.0
38,유치원,보배유치원,노원구,127.0627957,37.62860841,0,0,0,0,0.0
39,유치원,미광유치원,노원구,127.0821207,37.623341,0,0,0,0,0.0
40,유치원,두솔유치원,노원구,127.054129,37.629541,0,0,0,0,0.0
41,유치원,대원유치원,노원구,127.05874540000002,37.6698575,0,0,0,0,0.0
42,유치원,다연유치원,노원구,127.0523395,37.63175975,0,0,0,0,0.0
44,유치원,꽃동산유치원,노원구,127.0739994,37.6307787,0,0,0,0,0.0
46,유치원,청원유치원,노원구,127.065958,37.664624,0,0,0,0,0.0
49,유치원,동화나라유치원,노원구,127.0791264,37.66669216,0,0,0,0,0.0
53,유치원,한성유치원,노원구,127.07598059999998,37.64058736,0,0,0,0,0.0
54,유치원,사라유치원,노원구,127.0726209,37.629848,0,0,0,0,0.0
56,유치원,보고유치원,노원구,127.061381,37.6196000866,0,0,0,0,0.0
203,어린이집,서초성모,서초구,127.009552,37.501027,0,0,0,0,0.0
204,어린이집,하나푸르니 반포,서초구,127.010748,37.50134600000001,0,0,0,0,0.0
206,유치원,신현유치원,서대문구,126.9471186,37.55865667,0,0,0,0,0.0
239,유치원,율화유치원,성동구,127.0352744,37.55648283,0,0,0,0,0.0
241,초등학교,숭신초등학교,성동구,127.0277291,37.56735897,0,0,0,0,0.0
242,초등학교,동호초등학교,성동구,127.0100124,37.54646136,0,0,0,0,0.0
243,초등학교,송원초등학교,성동구,127.069528,37.55415747,0,0,0,0,0.0
244,초등학교,행현초등학교,성동구,127.0293584,37.5577098,0,0,0,0,0.0
245,초등학교,행당초등학교,성동구,127.0348717,37.55701994,0,0,0,0,0.0
246,초등학교,성수초등학교,성동구,127.0635118,37.54413995,0,0,0,0,0.0
247,초등학교,응봉초등학교,성동구,127.0338274,37.55025195,0,0,0,0,0.0
248,초등학교,금북초등학교,성동구,127.023576,37.557465,0,0,0,0,0.0
249,초등학교,금옥초등학교,성동구,127.01765290000002,37.54630189,0,0,0,0,0.0
250,초등학교,용답초등학교,성동구,127.0537611,37.56077670000001,0,0,0,0,0.0
251,초등학교,경일초등학교,성동구,127.0472858,37.54068097,0,0,0,0,0.0
252,초등학교,옥수초등학교,성동구,127.0219784,37.54611466,0,0,0,0,0.0
253,초등학교,동명초등학교,성동구,127.0355427,37.56872188,0,0,0,0,0.0
254,초등학교,경수초등학교,성동구,127.0583065,37.54035393,0,0,0,0,0.0
255,초등학교,사근초등학교,성동구,127.0477413,37.56295571,0,0,0,0,0.0
256,초등학교,마장초등학교,성동구,127.0427358,37.56802798,0,0,0,0,0.0
257,초등학교,경동초등학교,성동구,127.0503087,37.54330839,0,0,0,0,0.0
258,초등학교,옥정초등학교,성동구,127.0155614,37.54200487,0,0,0,0,0.0
259,초등학교,금호초등학교,성동구,127.0196885,37.5524153,0,0,0,0,0.0
260,초등학교,무학초등학교,성동구,127.0296455,37.5632029,0,0,0,0,0.0
261,유치원,송원병설유치원,성동구,127.0697081,37.55431774,0,0,0,0,0.0
262,유치원,이대부속유치원,서대문구,126.9427752,37.5611486,0,0,0,0,0.0
263,유치원,현대홍익유치원,서대문구,126.9422553,37.58361556,0,0,0,0,0.0
266,유치원,신촌유치원,서대문구,126.931436,37.55738361,0,0,0,0,0.0
269,초등학교,답십리초교,동대문구,127.0554295,37.56880432,0,0,0,0,0.0
270,유치원,답십리초교병설유치원,동대문구,127.0554295,37.56880432,0,0,0,0,0.0
272,초등학교,신답초교,동대문구,127.0429615,37.57270542,0,0,0,0,0.0
240,초등학교,한양초등학교,성동구,127.0503041,37.55746532,0,0,0,0,0.0
238,유치원,세인유치원,성동구,127.0465249,37.56525103,0,0,0,0,0.0
207,어린이집,세브란스어린이집,서대문구,126.944251,37.56427396,0,0,0,0,0.0
237,유치원,성심유치원,성동구,127.0334181,37.56624296,0,0,0,0,0.0
209,어린이집,독립문어린이집,서대문구,126.958195,37.56936134,0,0,0,0,0.0
211,어린이집,구립왕십리하나어린이집,성동구,127.0320321,37.560837,0,0,0,0,0.0
212,어린이집,신금호자이어린이집,성동구,127.0181532,37.5562227,0,0,0,0,0.0
213,어린이집,꿈터어린이집,성동구,127.055149,37.5623123,0,0,0,0,0.0
214,어린이집,구립홍익어린이집,성동구,127.02563229999998,37.56783247,0,0,0,0,0.0
215,어린이집,구립용답어린이집,성동구,127.0564009,37.56118504,0,0,0,0,0.0
216,어린이집,구립성모어린이집,성동구,127.033489,37.57037131,0,0,0,0,0.0
217,어린이집,구립금일어린이집,성동구,127.0249032,37.55364643,0,0,0,0,0.0
218,어린이집,연꽃어린이집,성동구,127.012722,37.5404159,0,0,0,0,0.0
219,어린이집,마장어린이집,성동구,127.0455793,37.566426,0,0,0,0,0.0
220,어린이집,행응어린이집,성동구,127.0313028,37.553126,0,0,0,0,0.0
221,유치원,로사유치원,성동구,127.0462961,37.5394137,0,0,0,0,0.0
222,유치원,옥수삼성유치원,성동구,127.0155564,37.54262971,0,0,0,0,0.0
223,유치원,옥정병설유치원,성동구,127.0157872,37.54230893,0,0,0,0,0.0
224,유치원,옥수병설유치원,성동구,127.0218712,37.54552993,0,0,0,0,0.0
225,유치원,사근병설유치원,성동구,127.0475736,37.56268098,0,0,0,0,0.0
226,유치원,마장병설유치원,성동구,127.0362219,37.56877574,0,0,0,0,0.0
227,유치원,경수병설유치원,성동구,127.0580689,37.54043604,0,0,0,0,0.0
228,유치원,한양여대부속유치원,성동구,127.0490746,37.55947642,0,0,0,0,0.0
229,유치원,아이들세상유치원,성동구,127.017941,37.54532877,0,0,0,0,0.0
230,유치원,금호유치원,성동구,127.0231125,37.54879131,0,0,0,0,0.0
231,유치원,세성유치원,성동구,127.0340554,37.55386308,0,0,0,0,0.0
232,유치원,송곡유치원,성동구,127.034625,37.56512898,0,0,0,0,0.0
233,유치원,경동(벽산)유치원,성동구,127.0260929,37.55453185,0,0,0,0,0.0
234,유치원,솔유치원,성동구,127.0326723,37.56910834,0,0,0,0,0.0
235,유치원,경동(성수)유치원,성동구,127.0500737,37.54382386,0,0,0,0,0.0
236,유치원,무학유치원,성동구,127.0306547,37.5614705,0,0,0,0,0.0
610,초등학교,서울중목초등학교,중랑구,127.079339,37.59008654,0,0,0,0,0.0
618,초등학교,서울원묵초등학교,중랑구,127.0868129,37.6177489,0,0,0,0,0.0
1166,유치원,새소리유치원,동대문구,127.06156570000002,37.57665796,0,0,0,0,0.0
989,초등학교,숭미초교,도봉구,127.0279643,37.6508453,0,0,0,0,0.0
945,어린이집,구립도담어린이집,관악구,126.958378,37.489733,0,0,0,0,0.0
946,어린이집,구립새빛어린이집,관악구,126.915149,37.486319,0,0,0,0,0.0
954,유치원,사랑,도봉구,127.04666893459999,37.6654300761,0,0,0,0,0.0
957,유치원,지현,도봉구,127.043941,37.6863357,0,0,0,0,0.0
958,유치원,현대,도봉구,127.01395,37.654152,0,0,0,0,0.0
964,유치원,자연,도봉구,127.0475002126,37.660870780100005,0,0,0,0,0.0
967,유치원,햇살,도봉구,127.0252286,37.6492018,0,0,0,0,0.0
969,유치원,도봉초병설,도봉구,127.038218,37.6793783,0,0,0,0,0.0
972,어린이집,해맑은,도봉구,127.015283,37.6565427,0,0,0,0,0.0
976,어린이집,신예원,도봉구,127.0410685,37.66480670000001,0,0,0,0,0.0
982,어린이집,쌍문1동,도봉구,127.025917,37.6482929,0,0,0,0,0.0
986,초등학교,도봉초교,도봉구,127.038218,37.6793783,0,0,0,0,0.0
988,초등학교,백운초교,도봉구,127.0139875,37.6532035,0,0,0,0,0.0
994,초등학교,쌍문,도봉구,127.024308,37.6489734,0,0,0,0,0.0
1038,어린이집,서울SOS어린이집,양천구,126.824872,37.531678,0,0,0,0,0.0
995,초등학교,오봉,도봉구,127.0402882,37.6718842,0,0,0,0,0.0
996,초등학교,월천,도봉구,127.0522016,37.6478402,0,0,0,0,0.0
999,초등학교,창도,도봉구,127.0490956,37.663831,0,0,0,0,0.0
1001,초등학교,창림,도봉구,127.0415487,37.6429724,0,0,0,0,0.0
1012,유치원,하늘유치원,관악구,126.932256,37.474059,0,0,0,0,0.0
1016,초등학교,반원,서초구,127.003632,37.508212,0,0,0,0,0.0
1017,어린이집,은행정어린이집,양천구,126.858452,37.522863,0,0,0,0,0.0
1021,어린이집,은혜어린이집,양천구,126.862155,37.524044,0,0,0,0,0.0
1022,어린이집,성결어린이집,양천구,126.837666,37.528832,0,0,0,0,0.0
1028,어린이집,구립목2동어린이집,양천구,126.871105,37.54490300000001,0,0,0,0,0.0
1032,학원,리틀플래닛학원,양천구,126.83585257850001,37.530901,0,0,0,0,0.0
1034,유치원,신목유치원,양천구,126.870203,37.546331,0,0,0,0,0.0
1035,어린이집,다솜어린이집,양천구,126.882074,37.545105,0,0,0,0,0.0
943,어린이집,구립선봉어린이집,관악구,126.939675,37.485148,0,0,0,0,0.0
942,특수학교,서울정문학교,관악구,126.916953,37.461733,0,0,0,0,0.0
939,유치원,은천병설유치원,관악구,126.942678,37.486585,0,0,0,0,0.0
937,유치원,신성병설유치원,관악구,126.936752,37.472004,0,0,0,0,0.0
892,유치원,인애유치원,광진구,127.0683425257,37.5338437807,0,0,0,0,0.0
893,유치원,프라임유치원,광진구,127.0983573098,37.538767,0,0,0,0,0.0
894,유치원,보성유치원,광진구,127.1043802267,37.5436805818,0,0,0,0,0.0
895,유치원,한일유치원,광진구,127.071517497,37.535165290500004,0,0,0,0,0.0
896,유치원,자양도담유치원,광진구,127.0799278118,37.536172,0,0,0,0,0.0
897,유치원,샬롬유치원,광진구,127.0917219509,37.542405,0,0,0,0,0.0
898,유치원,광장유치원,광진구,127.10523289620001,37.5485408931,0,0,0,0,0.0
899,유치원,자양유치원,광진구,127.0837689816,37.531156,0,0,0,0,0.0
900,유치원,아이조아유치원,광진구,127.0804712501,37.566152,0,0,0,0,0.0
901,유치원,구의병설유치원,광진구,127.0803117758,37.5430074366,0,0,0,0,0.0
902,유치원,신자병설유치원,광진구,127.07543799999999,37.530017,0,0,0,0,0.0
903,유치원,양남병설유치원,광진구,127.089234331,37.531123236,0,0,0,0,0.0
904,유치원,양진병설유치원,광진구,127.0983113997,37.5445751665,0,0,0,0,0.0
905,유치원,자양병설유치원,광진구,127.07973959290001,37.536988244899995,0,0,0,0,0.0
906,유치원,경원유치원,광진구,127.09608639940001,37.554876,0,0,0,0,0.0
907,유치원,동심유치원,광진구,127.07267267799999,37.5517127888,0,0,0,0,0.0
910,유치원,한신혜원유치원,영등포구,126.8917467,37.54028177,0,0,0,0,0.0
913,어린이집,하나푸르니신길어린이집,영등포구,126.911655,37.50715227,0,0,0,0,0.0
921,어린이집,국회어린이집,영등포구,126.91640359999998,37.5329136,0,0,0,0,0.0
923,유치원,돈보스꼬유치원,영등포구,126.90138600000002,37.51054600000001,0,0,0,0,0.0
925,유치원,윤중초등학교병설유치원,영등포구,126.9225902,37.51964065,0,0,0,0,0.0
927,유치원,영림초등학교병설유치원,영등포구,126.9025151,37.48735300000001,0,0,0,0,0.0
928,유치원,영등포초등학교병설유치원,영등포구,126.898261,37.512933,0,0,0,0,0.0
931,유치원,꿈나라유치원,관악구,126.92062,37.460534,0,0,0,0,0.0
932,유치원,신우단설유치원,관악구,126.93253500000002,37.463264,0,0,0,0,0.0
933,유치원,관악병설유치원,관악구,126.942556,37.481024,0,0,0,0,0.0
936,유치원,삼성병설유치원,관악구,126.940495,37.468521,0,0,0,0,0.0
1037,어린이집,파란들어린이집,양천구,126.825367,37.535612,0,0,0,0,0.0
1039,어린이집,강서중앙어린이집,양천구,126.8329819033,37.540574,0,0,0,0,0.0
619,유치원,동일유치원,중랑구,127.084613,37.57814651,0,0,0,0,0.0
1150,초등학교,은석초교,동대문구,127.0757645,37.57855561,0,0,0,0,0.0
1107,유치원,염경초등학교병설유치원,강서구,126.8712574,37.55500148,0,0,0,0,0.0
1112,유치원,미도유치원,강서구,126.8609735,37.550429,0,0,0,0,0.0
1113,유치원,보라유치원,강서구,126.847394,37.56361546,0,0,0,0,0.0
1117,유치원,등촌이화유치원,강서구,126.847951,37.5597383,0,0,0,0,0.0
1122,유치원,신세기유치원,강서구,126.8465865,37.57101339,0,0,0,0,0.0
1125,유치원,등촌제일유치원,강서구,126.859332,37.555424,0,0,0,0,0.0
1135,어린이집,동산어린이집,강서구,126.875539,37.55153551,0,0,0,0,0.0
1139,어린이집,LG사이언스파크어린이집,강서구,126.83123159999998,37.56340246,0,0,0,0,0.0
1143,어린이집,신원어린이집,강서구,126.8766502,37.55101498,0,0,0,0,0.0
1144,어린이집,예은어린이집,강서구,126.8148839,37.57807299,0,0,0,0,0.0
1147,초등학교,신기초교,양천구,126.854215,37.511312,0,0,0,0,0.0
1148,유치원,휘경초교단설유치원,동대문구,127.0582128,37.58576220000001,0,0,0,0,0.0
1149,초등학교,삼육초교,동대문구,127.0471736,37.58877033,0,0,0,0,0.0
1151,초등학교,용두초교,동대문구,127.0283873,37.57641471,0,0,0,0,0.0
1041,어린이집,목동어린이집,양천구,126.871605,37.532909,0,0,0,0,0.0
1152,초등학교,홍파초교,동대문구,127.0395874,37.58620351,0,0,0,0,0.0
1153,유치원,홍파초교병설유치원,동대문구,127.0395874,37.58620351,0,0,0,0,0.0
1154,초등학교,휘봉초교,동대문구,127.0700419,37.58567758,0,0,0,0,0.0
1155,유치원,휘봉초교병설유치원,동대문구,127.0700419,37.58567758,0,0,0,0,0.0
1156,유치원,백주유치원,동대문구,127.0526528,37.58070593,0,0,0,0,0.0
1157,유치원,빛나유치원,동대문구,127.0564912,37.56720004,0,0,0,0,0.0
1158,유치원,아이비유치원,동대문구,127.0687172,37.5828204,0,0,0,0,0.0
1160,유치원,서울유치원,동대문구,127.0687696,37.60075012,0,0,0,0,0.0
1161,유치원,소화유치원,동대문구,127.0347893,37.583038,0,0,0,0,0.0
1162,유치원,예일유치원,동대문구,127.064387,37.57734724,0,0,0,0,0.0
1163,유치원,젬마유치원,동대문구,127.0594186,37.59294179999999,0,0,0,0,0.0
1164,유치원,동안유치원,동대문구,127.0568457,37.59253942,0,0,0,0,0.0
1165,유치원,그림유치원,동대문구,127.0471757,37.576049,0,0,0,0,0.0
1106,초등학교,염경초등학교,강서구,126.8712574,37.55500148,0,0,0,0,0.0
1105,초등학교,염동초등학교,강서구,126.872373,37.55209431,0,0,0,0,0.0
1104,초등학교,유석초등학교,강서구,126.853766,37.56080163,0,0,0,0,0.0
1103,초등학교,탑산초등학교,강서구,126.8523675,37.56701674,0,0,0,0,0.0
1042,어린이집,무궁화어린이집,양천구,126.867409,37.5347683862,0,0,0,0,0.0
1043,어린이집,세진어린이집,양천구,126.835746,37.529702,0,0,0,0,0.0
1044,어린이집,엄마사랑어린이집,양천구,126.869803,37.541638,0,0,0,0,0.0
1048,초등학교,목운초교,양천구,126.873011,37.527011,0,0,0,0,0.0
1050,유치원,해림유치원,양천구,126.882643,37.541628,0,0,0,0,0.0
1051,유치원,동연유치원,양천구,126.867708,37.54880900000001,0,0,0,0,0.0
1053,유치원,등촌유치원,양천구,126.864907,37.546576,0,0,0,0,0.0
1056,유치원,어린이의정원유치원,양천구,126.864769,37.506571,0,0,0,0,0.0
1057,유치원,원일유치원,양천구,126.881875,37.535158,0,0,0,0,0.0
1058,유치원,빛나유치원,양천구,126.867095,37.5292498871,0,0,0,0,0.0
1060,어린이집,구립문성어린이집,관악구,126.902893,37.482015,0,0,0,0,0.0
1061,어린이집,구립미림어린이집,관악구,126.930942,37.4663997368,0,0,0,0,0.0
1062,어린이집,구립합실어린이집,관악구,126.925415,37.464018,0,0,0,0,0.0
1063,어린이집,구립서원어린이집,관악구,126.934229,37.476926,0,0,0,0,0.0
1064,어린이집,예대어린이집,관악구,126.947208,37.485299,0,0,0,0,0.0
1067,유치원,영그린유치원,관악구,126.940393,37.477066,0,0,0,0,0.0
1068,어린이집,아뜰어린이집,관악구,126.936966,37.487501,0,0,0,0,0.0
1073,초등학교,백석초등학교,강서구,126.8624253,37.55364729,0,0,0,0,0.0
1074,초등학교,삼정초등학교,강서구,126.8104935,37.58050789,0,0,0,0,0.0
1084,초등학교,가양초등학교,강서구,126.8585205,37.56221656,0,0,0,0,0.0
1085,초등학교,개화초등학교,강서구,126.80466409999998,37.57394274,0,0,0,0,0.0
1094,초등학교,등양초등학교,강서구,126.8447608,37.5649455,0,0,0,0,0.0
1095,초등학교,등원초등학교,강서구,126.8500834,37.55981308,0,0,0,0,0.0
1097,초등학교,등현초등학교,강서구,126.8475976,37.56144973,0,0,0,0,0.0
1100,초등학교,양천초등학교,강서구,126.8395913,37.5701684,0,0,0,0,0.0
1101,초등학교,염창초등학교,강서구,126.8676002,37.55322433,0,0,0,0,0.0
1102,초등학교,월정초등학교,강서구,126.836292,37.53499572,0,0,0,0,0.0
891,유치원,자양하나유치원,광진구,127.0786109181,37.538881462199996,0,0,0,0,0.0
890,유치원,선양유치원,광진구,127.07116618639999,37.5543275912,0,0,0,0,0.0
889,유치원,미파유치원,광진구,127.08588634110001,37.5702302977,0,0,0,0,0.0
760,초등학교,은평초등(병설포함),은평구,126.9341059,37.601956799999996,0,0,0,0,0.0
727,초등학교,영원초등학교,영등포구,126.902141,37.51071936,0,0,0,0,0.0
728,초등학교,우신초등학교,영등포구,126.911892,37.50986625,0,0,0,0,0.0
730,초등학교,신대림초등학교,영등포구,126.905821,37.49215502,0,0,0,0,0.0
731,초등학교,영림초등학교,영등포구,126.9025151,37.48735300000001,0,0,0,0,0.0
732,초등학교,윤중초등학교,영등포구,126.9225902,37.51964065,0,0,0,0,0.0
733,초등학교,영등포초등학교,영등포구,126.898261,37.512933,0,0,0,0,0.0
739,어린이집,다우림어린이집,은평구,126.9111987,37.615538,0,0,0,0,0.0
740,초등학교,어울초등학교,은평구,126.9350575,37.60656187,0,0,0,0,0.0
744,유치원,자연유치원,은평구,126.93538999999998,37.60298,0,0,0,0,0.0
745,어린이집,보듬손어린이집,은평구,126.91776000000002,37.631190000000004,0,0,0,0,0.0
747,초등학교,서울인수초등학교,강북구,127.009137,37.64305134,0,0,0,0,0.0
754,초등학교,은평초등,은평구,126.9341059,37.601973,0,0,0,0,0.0
755,어린이집,꿈나무마을어린이집,은평구,126.92818159999999,37.59818370000001,0,0,0,0,0.0
761,초등학교,갈현초등,은평구,126.91664309999999,37.6192867,0,0,0,0,0.0
888,유치원,정신유치원,광진구,127.0646475569,37.5373590425,0,0,0,0,0.0
763,초등학교,구산초등,은평구,126.9094685,37.6124476,0,0,0,0,0.0
765,초등학교,녹번초등,은평구,126.926111,37.604290999999996,0,0,0,0,0.0
766,초등학교,대조초등,은평구,126.91954229999999,37.613223299999994,0,0,0,0,0.0
767,초등학교,북한산초등,은평구,126.950331,37.654060799999996,0,0,0,0,0.0
768,초등학교,불광초등,은평구,126.93072040000001,37.61342855,0,0,0,0,0.0
769,초등학교,선일초등,은평구,126.9126173,37.619721999999996,0,0,0,0,0.0
775,초등학교,대은초등,은평구,126.92615430000001,37.611831200000005,0,0,0,0,0.0
779,초등학교,진관초등,은평구,126.9291301,37.645052,0,0,0,0,0.0
782,초등학교,은빛초등,은평구,126.9200278,37.63517120000001,0,0,0,0,0.0
784,초등학교,구현초등,은평구,126.90584820000001,37.609239,0,0,0,0,0.0
785,초등학교,서신초등,은평구,126.90744109999999,37.592327000000004,0,0,0,0,0.0
787,어린이집,수성어린이집,은평구,126.91344699999999,37.623554999999996,0,0,0,0,0.0
789,어린이집,우정어린이집,은평구,126.91495719999999,37.6256243,0,0,0,0,0.0
722,유치원,에덴유치원,영등포구,126.913438,37.50561109,0,0,0,0,0.0
720,유치원,침례유치원,영등포구,126.9342568,37.51773399,0,0,0,0,0.0
717,유치원,동천유치원,영등포구,126.9121219,37.50634892,0,0,0,0,0.0
714,유치원,신라유치원,영등포구,126.9166502,37.51469911,0,0,0,0,0.0
620,유치원,색동유치원,중랑구,127.0784011,37.591641,0,0,0,0,0.0
621,유치원,동국유치원,중랑구,127.087174,37.57385234,0,0,0,0,0.0
624,초등학교,서울새솔초등학교,중랑구,127.1113289,37.61795176,0,0,0,0,0.0
628,초등학교,오정초등학교,구로구,126.8264393,37.49016576,0,0,0,0,0.0
629,초등학교,온수초등학교,구로구,126.825993,37.49407100000001,0,0,0,0,0.0
632,초등학교,항동초등학교,구로구,126.8241103,37.47701589,0,0,0,0,0.0
633,특수학교,성베드로학교,구로구,126.826165,37.4875236,0,0,0,0,0.0
634,특수학교,정진학교,구로구,126.8207513,37.49881413,0,0,0,0,0.0
640,어린이집,궁동어린이집,구로구,126.829017,37.49684058,0,0,0,0,0.0
641,어린이집,남산어린이집,구로구,126.864935,37.50294183,0,0,0,0,0.0
649,어린이집,항동어린이집,구로구,126.8234383,37.48537876,0,0,0,0,0.0
661,초등학교,효성교회어린이집,강북구,127.0326578,37.61874578,0,0,0,0,0.0
663,어린이집,백운교회어린이집,강북구,127.0101751,37.64461176,0,0,0,0,0.0
667,어린이집,인수동어린이집,강북구,127.0141267,37.64149755,0,0,0,0,0.0
671,어린이집,솔밭어린이집,강북구,127.012044,37.65411876,0,0,0,0,0.0
673,어린이집,푸른솔어린이집,강북구,127.0193257,37.64393308,0,0,0,0,0.0
674,어린이집,제일어린이집,강북구,127.0104218,37.65867068,0,0,0,0,0.0
676,초등학교,서울송중초등학교,강북구,127.0314655,37.61700179,0,0,0,0,0.0
678,초등학교,서울우이초등학교,강북구,127.0148082,37.63865468,0,0,0,0,0.0
685,유치원,성체유치원,강북구,127.0209886,37.64230381,0,0,0,0,0.0
686,유치원,유안유치원(인수유치원 중복),강북구,127.0104879,37.64527486,0,0,0,0,0.0
689,어린이집,예원어린이집,강북구,127.0335137,37.61783013,0,0,0,0,0.0
694,초등학교,여의도초등학교,영등포구,126.936795,37.52320626,0,0,0,0,0.0
698,초등학교,당산초등학교,영등포구,126.8962413,37.54012002,0,0,0,0,0.0
700,초등학교,덕의초등학교,구로구,126.8573464,37.50602878,0,0,0,0,0.0
707,초등학교,신미림초등학교,구로구,126.87955259999998,37.50714192,0,0,0,0,0.0
708,초등학교,영서초등학교,구로구,126.89558390000002,37.48896046,0,0,0,0,0.0
790,유치원,성균관(갈현초교 중복),은평구,126.9169211,37.6183134,0,0,0,0,0.0
795,유치원,바다의별유치원,은평구,126.9262062,37.615361,0,0,0,0,0.0
799,유치원,새보람유치원,은평구,126.932639,37.616263399999994,0,0,0,0,0.0
857,유치원,청구이화유치원,광진구,127.0970223691,37.5418216079,0,0,0,0,0.0
859,어린이집,신나는어린이집,광진구,127.0886954645,37.541318,0,0,0,0,0.0
860,어린이집,좋은어린이집,광진구,127.0903183096,37.5362037856,0,0,0,0,0.0
861,어린이집,능동어린이집,광진구,127.08196759370001,37.553551,0,0,0,0,0.0
862,어린이집,자양어린이집,광진구,127.0752336539,37.532877,0,0,0,0,0.0
863,어린이집,으뜸어린이집,광진구,127.0711743702,37.5307969949,0,0,0,0,0.0
864,어린이집,중곡샛별어린이집,광진구,127.0802620866,37.570926,0,0,0,0,0.0
866,어린이집,미예뜰어린이집,광진구,127.08053183690001,37.566332401,0,0,0,0,0.0
867,어린이집,키즈용맹(구.하은)어린이집,광진구,127.09111108649999,37.5585901081,0,0,0,0,0.0
868,어린이집,구의2동어린이집,광진구,127.0962466295,37.5502106312,0,0,0,0,0.0
869,어린이집,선린어린이집,광진구,127.0769224026,37.533347,0,0,0,0,0.0
870,어린이집,구의3동어린이집,광진구,127.09511645069999,37.53932800000001,0,0,0,0,0.0
871,어린이집,성심어린이집,광진구,127.08499369409999,37.556563,0,0,0,0,0.0
872,어린이집,상명어린이집,광진구,127.0814193132,37.5699309088,0,0,0,0,0.0
873,어린이집,예지어린이집,광진구,127.07346796969999,37.557168,0,0,0,0,0.0
874,어린이집,수정어린이집,광진구,127.0694481374,37.549073,0,0,0,0,0.0
875,어린이집,명성어린이집,광진구,127.08633014700001,37.5400821497,0,0,0,0,0.0
876,어린이집,우리티움아이어린이집,광진구,127.090838924,37.540118,0,0,0,0,0.0
878,초등학교,화양초등학교,광진구,127.0715827322,37.5442285889,0,0,0,0,0.0
879,초등학교,광진초등학교,광진구,127.0913325323,37.547682,0,0,0,0,0.0
880,초등학교,양진초등학교,광진구,127.0983113997,37.5445751665,0,0,0,0,0.0
881,유치원,광남유치원,광진구,127.10069832549999,37.5416266176,0,0,0,0,0.0
882,유치원,선경유치원,광진구,127.089785089,37.5333960439,0,0,0,0,0.0
883,유치원,어린이회관유치원,광진구,127.074938,37.547599,0,0,0,0,0.0
884,유치원,현정유치원,광진구,127.08894968889999,37.54443300000001,0,0,0,0,0.0
885,유치원,성산유치원,광진구,127.08417754940001,37.5329087681,0,0,0,0,0.0
886,유치원,슬기유치원,광진구,127.0925744312,37.552015,0,0,0,0,0.0
887,유치원,대원(구.우성)유치원,광진구,127.0756520412,37.5345768836,0,0,0,0,0.0
858,어린이집,사랑의어린이집,광진구,127.09706706120001,37.541017,0,0,0,0,0.0
856,유치원,영화유치원,광진구,127.0977190618,37.5540529884,0,0,0,0,0.0
801,유치원,색동유치원,은평구,126.914224,37.616054999999996,0,0,0,0,0.0
855,유치원,선화유치원,광진구,127.08679335020001,37.5498138606,0,0,0,0,0.0
802,유치원,동북유치원,은평구,126.9248133,37.64432515,0,0,0,0,0.0
804,유치원,유정유치원,은평구,126.926723,37.6066376,0,0,0,0,0.0
807,유치원,숲유치원,은평구,126.917566,37.6370354,0,0,0,0,0.0
808,유치원,서울산울림유치원,은평구,126.9298271,37.64806913,0,0,0,0,0.0
809,초등학교,구현초등(병설포함),은평구,126.90584820000001,37.609222700000004,0,0,0,0,0.0
810,초등학교,서신초등(병설포함),은평구,126.90744109999999,37.59231079999999,0,0,0,0,0.0
816,어린이집,하나연어린이집,은평구,126.928055,37.604894,0,0,0,0,0.0
822,유치원,봄내유치원,중랑구,127.085535,37.585935,0,0,0,0,0.0
824,유치원,중곡초등학교병설유치원,중랑구,127.0834395,37.57489299,0,0,0,0,0.0
826,유치원,수산유치원,중랑구,127.0759685,37.59762623,0,0,0,0,0.0
831,초등학교,서울중랑초등학교,중랑구,127.0755031,37.58966381,0,0,0,0,0.0
832,초등학교,서울중곡초등학교,중랑구,127.0834395,37.57489299,0,0,0,0,0.0
1,초등학교,공릉초교,노원구,127.0746307,37.61861498,0,0,0,0,0.0
836,초등학교,서울면동초등학교,중랑구,127.0865941,37.58535305,0,0,0,0,0.0
837,초등학교,서울면남초등학교,중랑구,127.087667,37.57726134,0,0,0,0,0.0
839,초등학교,서울상봉초등학교,중랑구,127.0831709,37.59798021,0,0,0,0,0.0
841,어린이집,나래어린이집,중랑구,127.0837119,37.59172695,0,0,0,0,0.0
842,어린이집,이화어린이집,중랑구,127.080811,37.573952,0,0,0,0,0.0
844,초등학교,관악초등학교,관악구,126.942556,37.481024,0,0,0,0,0.0
845,초등학교,구암초등학교,관악구,126.946272,37.489217,0,0,0,0,0.0
848,어린이집,꿈동산몬테소리어린이집,광진구,127.07606486639999,37.5558199225,0,0,0,0,0.0
849,특수학교,한국켄트외국인학교,광진구,127.0863403497,37.5471634553,0,0,0,0,0.0
850,어린이집,아이터어린이집,광진구,127.08377592469999,37.5438489057,0,0,0,0,0.0
851,어린이집,능동꿈맞이어린이집,광진구,127.0859139,37.55283015,0,0,0,0,0.0
852,특수학교,재한몽골학교,광진구,127.0982366,37.54551467,0,0,0,0,0.0
853,특수학교,광진학교,광진구,127.0915615178,37.5376674941,0,0,0,0,0.0
854,초등학교,추계초등학교,서대문구,126.95405929999998,37.56314981,0,0,0,0,0.0
1668,초등학교,상암초교,마포구,126.89234209370001,37.5763366011,0,0,0,0,0.0
